{
  "type": "FeatureCollection",
  "name": "osm_settlements_mandi_pandoh",
  "crs": {
    "type": "name",
    "properties": {
      "name": "EPSG:4326"
    }
  },
  "features": [
    {
      "type": "Feature",
      "properties": {
        "osm_type": "node",
        "osm_id": 287479967,
        "name": "Pandoh",
        "place": "village",
        "population": null,
        "source": "OpenStreetMap / Overpass API",
        "license": "ODbL"
      },
      "geometry": {
        "type": "Point",
        "coordinates": [
          77.0556492,
          31.6687091
        ]
      }
    },
    {
      "type": "Feature",
      "properties": {
        "osm_type": "node",
        "osm_id": 342116421,
        "name": "Nerchowk",
        "place": "town",
        "population": null,
        "source": "OpenStreetMap / Overpass API",
        "license": "ODbL"
      },
      "geometry": {
        "type": "Point",
        "coordinates": [
          76.9133594,
          31.6078084
        ]
      }
    },
    {
      "type": "Feature",
      "properties": {
        "osm_type": "node",
        "osm_id": 550075989,
        "name": "Uba",
        "place": "village",
        "population": null,
        "source": "OpenStreetMap / Overpass API",
        "license": "ODbL"
      },
      "geometry": {
        "type": "Point",
        "coordinates": [
          77.0606873,
          31.6748605
        ]
      }
    },
    {
      "type": "Feature",
      "properties": {
        "osm_type": "node",
        "osm_id": 550081206,
        "name": "Nagdhar",
        "place": "village",
        "population": null,
        "source": "OpenStreetMap / Overpass API",
        "license": "ODbL"
      },
      "geometry": {
        "type": "Point",
        "coordinates": [
          77.0702387,
          31.6932894
        ]
      }
    },
    {
      "type": "Feature",
      "properties": {
        "osm_type": "node",
        "osm_id": 550105264,
        "name": "Dyori",
        "place": "village",
        "population": null,
        "source": "OpenStreetMap / Overpass API",
        "license": "ODbL"
      },
      "geometry": {
        "type": "Point",
        "coordinates": [
          77.0842493,
          31.7187518
        ]
      }
    },
    {
      "type": "Feature",
      "properties": {
        "osm_type": "node",
        "osm_id": 550111266,
        "name": null,
        "place": "village",
        "population": null,
        "source": "OpenStreetMap / Overpass API",
        "license": "ODbL"
      },
      "geometry": {
        "type": "Point",
        "coordinates": [
          77.0845234,
          31.7237643
        ]
      }
    },
    {
      "type": "Feature",
      "properties": {
        "osm_type": "node",
        "osm_id": 550111427,
        "name": "Lehar",
        "place": "village",
        "population": null,
        "source": "OpenStreetMap / Overpass API",
        "license": "ODbL"
      },
      "geometry": {
        "type": "Point",
        "coordinates": [
          77.0851221,
          31.73085
        ]
      }
    },
    {
      "type": "Feature",
      "properties": {
        "osm_type": "node",
        "osm_id": 561083167,
        "name": "Ratti",
        "place": "village",
        "population": null,
        "source": "OpenStreetMap / Overpass API",
        "license": "ODbL"
      },
      "geometry": {
        "type": "Point",
        "coordinates": [
          76.9011085,
          31.6007838
        ]
      }
    },
    {
      "type": "Feature",
      "properties": {
        "osm_type": "node",
        "osm_id": 561083444,
        "name": "Galma",
        "place": "village",
        "population": null,
        "source": "OpenStreetMap / Overpass API",
        "license": "ODbL"
      },
      "geometry": {
        "type": "Point",
        "coordinates": [
          76.8808203,
          31.6031619
        ]
      }
    },
    {
      "type": "Feature",
      "properties": {
        "osm_type": "node",
        "osm_id": 570759404,
        "name": "Malauri",
        "place": "village",
        "population": null,
        "source": "OpenStreetMap / Overpass API",
        "license": "ODbL"
      },
      "geometry": {
        "type": "Point",
        "coordinates": [
          76.9488379,
          31.6616582
        ]
      }
    },
    {
      "type": "Feature",
      "properties": {
        "osm_type": "node",
        "osm_id": 570759424,
        "name": "Behna",
        "place": "village",
        "population": null,
        "source": "OpenStreetMap / Overpass API",
        "license": "ODbL"
      },
      "geometry": {
        "type": "Point",
        "coordinates": [
          76.9553412,
          31.657774
        ]
      }
    },
    {
      "type": "Feature",
      "properties": {
        "osm_type": "node",
        "osm_id": 570759458,
        "name": "Chandyal",
        "place": "village",
        "population": null,
        "source": "OpenStreetMap / Overpass API",
        "license": "ODbL"
      },
      "geometry": {
        "type": "Point",
        "coordinates": [
          76.9544075,
          31.6424561
        ]
      }
    },
    {
      "type": "Feature",
      "properties": {
        "osm_type": "node",
        "osm_id": 1882920874,
        "name": "Mandi",
        "place": "city",
        "population": "100000",
        "source": "OpenStreetMap / Overpass API",
        "license": "ODbL"
      },
      "geometry": {
        "type": "Point",
        "coordinates": [
          76.9293782,
          31.7084496
        ]
      }
    },
    {
      "type": "Feature",
      "properties": {
        "osm_type": "node",
        "osm_id": 3105254532,
        "name": "Kamand",
        "place": "village",
        "population": null,
        "source": "OpenStreetMap / Overpass API",
        "license": "ODbL"
      },
      "geometry": {
        "type": "Point",
        "coordinates": [
          76.9973643,
          31.7817182
        ]
      }
    },
    {
      "type": "Feature",
      "properties": {
        "osm_type": "node",
        "osm_id": 3105254533,
        "name": "Kataula",
        "place": "village",
        "population": null,
        "source": "OpenStreetMap / Overpass API",
        "license": "ODbL"
      },
      "geometry": {
        "type": "Point",
        "coordinates": [
          77.0184018,
          31.7977809
        ]
      }
    },
    {
      "type": "Feature",
      "properties": {
        "osm_type": "node",
        "osm_id": 3541553847,
        "name": "Pandoh",
        "place": "village",
        "population": null,
        "source": "OpenStreetMap / Overpass API",
        "license": "ODbL"
      },
      "geometry": {
        "type": "Point",
        "coordinates": [
          77.047148,
          31.6791235
        ]
      }
    },
    {
      "type": "Feature",
      "properties": {
        "osm_type": "node",
        "osm_id": 5118692776,
        "name": "Mehar",
        "place": "hamlet",
        "population": null,
        "source": "OpenStreetMap / Overpass API",
        "license": "ODbL"
      },
      "geometry": {
        "type": "Point",
        "coordinates": [
          76.9402436,
          31.7800225
        ]
      }
    },
    {
      "type": "Feature",
      "properties": {
        "osm_type": "node",
        "osm_id": 5122376437,
        "name": "Teen Peepal",
        "place": "hamlet",
        "population": null,
        "source": "OpenStreetMap / Overpass API",
        "license": "ODbL"
      },
      "geometry": {
        "type": "Point",
        "coordinates": [
          77.0478618,
          31.673602
        ]
      }
    },
    {
      "type": "Feature",
      "properties": {
        "osm_type": "node",
        "osm_id": 5411470404,
        "name": "Bagi",
        "place": "village",
        "population": null,
        "source": "OpenStreetMap / Overpass API",
        "license": "ODbL"
      },
      "geometry": {
        "type": "Point",
        "coordinates": [
          77.0752808,
          31.7830482
        ]
      }
    },
    {
      "type": "Feature",
      "properties": {
        "osm_type": "node",
        "osm_id": 6343110786,
        "name": "Katinddhi",
        "place": "hamlet",
        "population": null,
        "source": "OpenStreetMap / Overpass API",
        "license": "ODbL"
      },
      "geometry": {
        "type": "Point",
        "coordinates": [
          76.9681683,
          31.7571313
        ]
      }
    },
    {
      "type": "Feature",
      "properties": {
        "osm_type": "node",
        "osm_id": 6618371030,
        "name": "Ghatta",
        "place": "village",
        "population": null,
        "source": "OpenStreetMap / Overpass API",
        "license": "ODbL"
      },
      "geometry": {
        "type": "Point",
        "coordinates": [
          76.9498782,
          31.6120959
        ]
      }
    },
    {
      "type": "Feature",
      "properties": {
        "osm_type": "node",
        "osm_id": 6942530377,
        "name": "Kotli",
        "place": "village",
        "population": "25860",
        "source": "OpenStreetMap / Overpass API",
        "license": "ODbL"
      },
      "geometry": {
        "type": "Point",
        "coordinates": [
          76.8726901,
          31.7569059
        ]
      }
    },
    {
      "type": "Feature",
      "properties": {
        "osm_type": "node",
        "osm_id": 7023401820,
        "name": "Ghor",
        "place": "village",
        "population": null,
        "source": "OpenStreetMap / Overpass API",
        "license": "ODbL"
      },
      "geometry": {
        "type": "Point",
        "coordinates": [
          76.8613421,
          31.6432596
        ]
      }
    },
    {
      "type": "Feature",
      "properties": {
        "osm_type": "node",
        "osm_id": 7023408721,
        "name": "Bijani",
        "place": "village",
        "population": null,
        "source": "OpenStreetMap / Overpass API",
        "license": "ODbL"
      },
      "geometry": {
        "type": "Point",
        "coordinates": [
          76.939827,
          31.7414104
        ]
      }
    },
    {
      "type": "Feature",
      "properties": {
        "osm_type": "node",
        "osm_id": 7023415763,
        "name": "Pakhari",
        "place": "hamlet",
        "population": null,
        "source": "OpenStreetMap / Overpass API",
        "license": "ODbL"
      },
      "geometry": {
        "type": "Point",
        "coordinates": [
          76.9338343,
          31.7876629
        ]
      }
    },
    {
      "type": "Feature",
      "properties": {
        "osm_type": "node",
        "osm_id": 7053862073,
        "name": "Talyahar",
        "place": "village",
        "population": null,
        "source": "OpenStreetMap / Overpass API",
        "license": "ODbL"
      },
      "geometry": {
        "type": "Point",
        "coordinates": [
          76.9154549,
          31.6825328
        ]
      }
    },
    {
      "type": "Feature",
      "properties": {
        "osm_type": "node",
        "osm_id": 7053874465,
        "name": "Tandu",
        "place": "hamlet",
        "population": null,
        "source": "OpenStreetMap / Overpass API",
        "license": "ODbL"
      },
      "geometry": {
        "type": "Point",
        "coordinates": [
          76.9369522,
          31.7717518
        ]
      }
    },
    {
      "type": "Feature",
      "properties": {
        "osm_type": "node",
        "osm_id": 7924160647,
        "name": null,
        "place": "hamlet",
        "population": null,
        "source": "OpenStreetMap / Overpass API",
        "license": "ODbL"
      },
      "geometry": {
        "type": "Point",
        "coordinates": [
          77.0678633,
          31.7373332
        ]
      }
    },
    {
      "type": "Feature",
      "properties": {
        "osm_type": "node",
        "osm_id": 7924160649,
        "name": "Lahag",
        "place": "hamlet",
        "population": null,
        "source": "OpenStreetMap / Overpass API",
        "license": "ODbL"
      },
      "geometry": {
        "type": "Point",
        "coordinates": [
          77.1118838,
          31.7068431
        ]
      }
    },
    {
      "type": "Feature",
      "properties": {
        "osm_type": "node",
        "osm_id": 7924160654,
        "name": "Bata",
        "place": "hamlet",
        "population": null,
        "source": "OpenStreetMap / Overpass API",
        "license": "ODbL"
      },
      "geometry": {
        "type": "Point",
        "coordinates": [
          77.1415972,
          31.7055516
        ]
      }
    },
    {
      "type": "Feature",
      "properties": {
        "osm_type": "node",
        "osm_id": 7924160656,
        "name": "Rains",
        "place": "hamlet",
        "population": null,
        "source": "OpenStreetMap / Overpass API",
        "license": "ODbL"
      },
      "geometry": {
        "type": "Point",
        "coordinates": [
          77.1468651,
          31.6978292
        ]
      }
    },
    {
      "type": "Feature",
      "properties": {
        "osm_type": "node",
        "osm_id": 7924160658,
        "name": "Bhalwan",
        "place": "hamlet",
        "population": null,
        "source": "OpenStreetMap / Overpass API",
        "license": "ODbL"
      },
      "geometry": {
        "type": "Point",
        "coordinates": [
          77.1152258,
          31.6967156
        ]
      }
    },
    {
      "type": "Feature",
      "properties": {
        "osm_type": "node",
        "osm_id": 7924160659,
        "name": "Nahogi",
        "place": "hamlet",
        "population": null,
        "source": "OpenStreetMap / Overpass API",
        "license": "ODbL"
      },
      "geometry": {
        "type": "Point",
        "coordinates": [
          77.1078658,
          31.6887004
        ]
      }
    },
    {
      "type": "Feature",
      "properties": {
        "osm_type": "node",
        "osm_id": 7924160660,
        "name": "Khoti",
        "place": "hamlet",
        "population": null,
        "source": "OpenStreetMap / Overpass API",
        "license": "ODbL"
      },
      "geometry": {
        "type": "Point",
        "coordinates": [
          77.1038693,
          31.6985595
        ]
      }
    },
    {
      "type": "Feature",
      "properties": {
        "osm_type": "node",
        "osm_id": 7924160661,
        "name": "Ichhni",
        "place": "hamlet",
        "population": null,
        "source": "OpenStreetMap / Overpass API",
        "license": "ODbL"
      },
      "geometry": {
        "type": "Point",
        "coordinates": [
          77.1049637,
          31.7054238
        ]
      }
    },
    {
      "type": "Feature",
      "properties": {
        "osm_type": "node",
        "osm_id": 7924160662,
        "name": "Kachhni",
        "place": "hamlet",
        "population": null,
        "source": "OpenStreetMap / Overpass API",
        "license": "ODbL"
      },
      "geometry": {
        "type": "Point",
        "coordinates": [
          77.0989609,
          31.7079612
        ]
      }
    },
    {
      "type": "Feature",
      "properties": {
        "osm_type": "node",
        "osm_id": 7924160663,
        "name": "Bonsh",
        "place": "hamlet",
        "population": null,
        "source": "OpenStreetMap / Overpass API",
        "license": "ODbL"
      },
      "geometry": {
        "type": "Point",
        "coordinates": [
          77.0934677,
          31.7051499
        ]
      }
    },
    {
      "type": "Feature",
      "properties": {
        "osm_type": "node",
        "osm_id": 7924160664,
        "name": "Bhabas",
        "place": "hamlet",
        "population": null,
        "source": "OpenStreetMap / Overpass API",
        "license": "ODbL"
      },
      "geometry": {
        "type": "Point",
        "coordinates": [
          77.1002483,
          31.6919412
        ]
      }
    },
    {
      "type": "Feature",
      "properties": {
        "osm_type": "node",
        "osm_id": 7924160666,
        "name": "Deol",
        "place": "hamlet",
        "population": null,
        "source": "OpenStreetMap / Overpass API",
        "license": "ODbL"
      },
      "geometry": {
        "type": "Point",
        "coordinates": [
          77.0919871,
          31.6839986
        ]
      }
    },
    {
      "type": "Feature",
      "properties": {
        "osm_type": "node",
        "osm_id": 7924160667,
        "name": "Rataun",
        "place": "hamlet",
        "population": null,
        "source": "OpenStreetMap / Overpass API",
        "license": "ODbL"
      },
      "geometry": {
        "type": "Point",
        "coordinates": [
          77.0861614,
          31.6841173
        ]
      }
    },
    {
      "type": "Feature",
      "properties": {
        "osm_type": "node",
        "osm_id": 7924160668,
        "name": "Dhamun",
        "place": "hamlet",
        "population": null,
        "source": "OpenStreetMap / Overpass API",
        "license": "ODbL"
      },
      "geometry": {
        "type": "Point",
        "coordinates": [
          77.0725357,
          31.6872488
        ]
      }
    },
    {
      "type": "Feature",
      "properties": {
        "osm_type": "node",
        "osm_id": 7924160669,
        "name": "Hatun",
        "place": "hamlet",
        "population": null,
        "source": "OpenStreetMap / Overpass API",
        "license": "ODbL"
      },
      "geometry": {
        "type": "Point",
        "coordinates": [
          77.0735121,
          31.6823279
        ]
      }
    },
    {
      "type": "Feature",
      "properties": {
        "osm_type": "node",
        "osm_id": 7924160671,
        "name": "Rahan",
        "place": "hamlet",
        "population": null,
        "source": "OpenStreetMap / Overpass API",
        "license": "ODbL"
      },
      "geometry": {
        "type": "Point",
        "coordinates": [
          77.1196139,
          31.7129629
        ]
      }
    },
    {
      "type": "Feature",
      "properties": {
        "osm_type": "node",
        "osm_id": 7924160672,
        "name": "Mathladhar",
        "place": "hamlet",
        "population": null,
        "source": "OpenStreetMap / Overpass API",
        "license": "ODbL"
      },
      "geometry": {
        "type": "Point",
        "coordinates": [
          77.1010637,
          31.7160478
        ]
      }
    },
    {
      "type": "Feature",
      "properties": {
        "osm_type": "node",
        "osm_id": 7924160673,
        "name": "Nuarh",
        "place": "hamlet",
        "population": null,
        "source": "OpenStreetMap / Overpass API",
        "license": "ODbL"
      },
      "geometry": {
        "type": "Point",
        "coordinates": [
          77.1267271,
          31.7193516
        ]
      }
    },
    {
      "type": "Feature",
      "properties": {
        "osm_type": "node",
        "osm_id": 7924187389,
        "name": "Kanda",
        "place": "hamlet",
        "population": null,
        "source": "OpenStreetMap / Overpass API",
        "license": "ODbL"
      },
      "geometry": {
        "type": "Point",
        "coordinates": [
          77.1342158,
          31.7279938
        ]
      }
    },
    {
      "type": "Feature",
      "properties": {
        "osm_type": "node",
        "osm_id": 7924187390,
        "name": "Bandhi",
        "place": "village",
        "population": null,
        "source": "OpenStreetMap / Overpass API",
        "license": "ODbL"
      },
      "geometry": {
        "type": "Point",
        "coordinates": [
          77.1259975,
          31.7270721
        ]
      }
    },
    {
      "type": "Feature",
      "properties": {
        "osm_type": "node",
        "osm_id": 7924187391,
        "name": "Dhangwach",
        "place": "hamlet",
        "population": null,
        "source": "OpenStreetMap / Overpass API",
        "license": "ODbL"
      },
      "geometry": {
        "type": "Point",
        "coordinates": [
          77.131598,
          31.733843
        ]
      }
    },
    {
      "type": "Feature",
      "properties": {
        "osm_type": "node",
        "osm_id": 7924187392,
        "name": "Basaut",
        "place": "hamlet",
        "population": null,
        "source": "OpenStreetMap / Overpass API",
        "license": "ODbL"
      },
      "geometry": {
        "type": "Point",
        "coordinates": [
          77.1387219,
          31.737794
        ]
      }
    },
    {
      "type": "Feature",
      "properties": {
        "osm_type": "node",
        "osm_id": 7924187393,
        "name": "Ranogi",
        "place": "hamlet",
        "population": null,
        "source": "OpenStreetMap / Overpass API",
        "license": "ODbL"
      },
      "geometry": {
        "type": "Point",
        "coordinates": [
          77.1354282,
          31.7370732
        ]
      }
    },
    {
      "type": "Feature",
      "properties": {
        "osm_type": "node",
        "osm_id": 7924187409,
        "name": "Chawari",
        "place": "hamlet",
        "population": null,
        "source": "OpenStreetMap / Overpass API",
        "license": "ODbL"
      },
      "geometry": {
        "type": "Point",
        "coordinates": [
          77.0326566,
          31.6259242
        ]
      }
    },
    {
      "type": "Feature",
      "properties": {
        "osm_type": "node",
        "osm_id": 7924187410,
        "name": "Riapri",
        "place": "hamlet",
        "population": null,
        "source": "OpenStreetMap / Overpass API",
        "license": "ODbL"
      },
      "geometry": {
        "type": "Point",
        "coordinates": [
          77.0088601,
          31.6271849
        ]
      }
    },
    {
      "type": "Feature",
      "properties": {
        "osm_type": "node",
        "osm_id": 7924187411,
        "name": "Dalikar",
        "place": "hamlet",
        "population": null,
        "source": "OpenStreetMap / Overpass API",
        "license": "ODbL"
      },
      "geometry": {
        "type": "Point",
        "coordinates": [
          77.0196748,
          31.6250654
        ]
      }
    },
    {
      "type": "Feature",
      "properties": {
        "osm_type": "node",
        "osm_id": 7924187412,
        "name": "Tanda Pani",
        "place": "hamlet",
        "population": null,
        "source": "OpenStreetMap / Overpass API",
        "license": "ODbL"
      },
      "geometry": {
        "type": "Point",
        "coordinates": [
          77.0150614,
          31.6303822
        ]
      }
    },
    {
      "type": "Feature",
      "properties": {
        "osm_type": "node",
        "osm_id": 7924187413,
        "name": "Surah",
        "place": "hamlet",
        "population": null,
        "source": "OpenStreetMap / Overpass API",
        "license": "ODbL"
      },
      "geometry": {
        "type": "Point",
        "coordinates": [
          77.0539641,
          31.6455817
        ]
      }
    },
    {
      "type": "Feature",
      "properties": {
        "osm_type": "node",
        "osm_id": 7924187414,
        "name": "Kandha",
        "place": "village",
        "population": null,
        "source": "OpenStreetMap / Overpass API",
        "license": "ODbL"
      },
      "geometry": {
        "type": "Point",
        "coordinates": [
          77.0640063,
          31.6341092
        ]
      }
    },
    {
      "type": "Feature",
      "properties": {
        "osm_type": "node",
        "osm_id": 7924187415,
        "name": "Banerdi",
        "place": "village",
        "population": null,
        "source": "OpenStreetMap / Overpass API",
        "license": "ODbL"
      },
      "geometry": {
        "type": "Point",
        "coordinates": [
          77.0601868,
          31.6267829
        ]
      }
    },
    {
      "type": "Feature",
      "properties": {
        "osm_type": "node",
        "osm_id": 7924187416,
        "name": "Kut",
        "place": "village",
        "population": null,
        "source": "OpenStreetMap / Overpass API",
        "license": "ODbL"
      },
      "geometry": {
        "type": "Point",
        "coordinates": [
          77.0473337,
          31.6312774
        ]
      }
    },
    {
      "type": "Feature",
      "properties": {
        "osm_type": "node",
        "osm_id": 7924187417,
        "name": "Pukhar",
        "place": "hamlet",
        "population": null,
        "source": "OpenStreetMap / Overpass API",
        "license": "ODbL"
      },
      "geometry": {
        "type": "Point",
        "coordinates": [
          77.0025301,
          31.6331227
        ]
      }
    },
    {
      "type": "Feature",
      "properties": {
        "osm_type": "node",
        "osm_id": 7924187418,
        "name": "Ghatlu",
        "place": "hamlet",
        "population": null,
        "source": "OpenStreetMap / Overpass API",
        "license": "ODbL"
      },
      "geometry": {
        "type": "Point",
        "coordinates": [
          77.040081,
          31.6403571
        ]
      }
    },
    {
      "type": "Feature",
      "properties": {
        "osm_type": "node",
        "osm_id": 7924187420,
        "name": "Basta",
        "place": "village",
        "population": null,
        "source": "OpenStreetMap / Overpass API",
        "license": "ODbL"
      },
      "geometry": {
        "type": "Point",
        "coordinates": [
          77.0507884,
          31.6525777
        ]
      }
    },
    {
      "type": "Feature",
      "properties": {
        "osm_type": "node",
        "osm_id": 7924187421,
        "name": null,
        "place": "hamlet",
        "population": null,
        "source": "OpenStreetMap / Overpass API",
        "license": "ODbL"
      },
      "geometry": {
        "type": "Point",
        "coordinates": [
          77.0212948,
          31.6583496
        ]
      }
    },
    {
      "type": "Feature",
      "properties": {
        "osm_type": "node",
        "osm_id": 7924187422,
        "name": "Chandeh",
        "place": "hamlet",
        "population": null,
        "source": "OpenStreetMap / Overpass API",
        "license": "ODbL"
      },
      "geometry": {
        "type": "Point",
        "coordinates": [
          77.0133447,
          31.6465864
        ]
      }
    },
    {
      "type": "Feature",
      "properties": {
        "osm_type": "node",
        "osm_id": 7924187423,
        "name": "Mab",
        "place": "hamlet",
        "population": null,
        "source": "OpenStreetMap / Overpass API",
        "license": "ODbL"
      },
      "geometry": {
        "type": "Point",
        "coordinates": [
          77.0251679,
          31.6460566
        ]
      }
    },
    {
      "type": "Feature",
      "properties": {
        "osm_type": "node",
        "osm_id": 7924187424,
        "name": "Bagyod",
        "place": "hamlet",
        "population": null,
        "source": "OpenStreetMap / Overpass API",
        "license": "ODbL"
      },
      "geometry": {
        "type": "Point",
        "coordinates": [
          77.0372915,
          31.6527969
        ]
      }
    },
    {
      "type": "Feature",
      "properties": {
        "osm_type": "node",
        "osm_id": 7924187425,
        "name": "Suras",
        "place": "village",
        "population": null,
        "source": "OpenStreetMap / Overpass API",
        "license": "ODbL"
      },
      "geometry": {
        "type": "Point",
        "coordinates": [
          76.9964576,
          31.6659656
        ]
      }
    },
    {
      "type": "Feature",
      "properties": {
        "osm_type": "node",
        "osm_id": 7924187426,
        "name": "Panvor",
        "place": "hamlet",
        "population": null,
        "source": "OpenStreetMap / Overpass API",
        "license": "ODbL"
      },
      "geometry": {
        "type": "Point",
        "coordinates": [
          77.001307,
          31.6560847
        ]
      }
    },
    {
      "type": "Feature",
      "properties": {
        "osm_type": "node",
        "osm_id": 7924187427,
        "name": "Kot",
        "place": "hamlet",
        "population": null,
        "source": "OpenStreetMap / Overpass API",
        "license": "ODbL"
      },
      "geometry": {
        "type": "Point",
        "coordinates": [
          77.011435,
          31.6602125
        ]
      }
    },
    {
      "type": "Feature",
      "properties": {
        "osm_type": "node",
        "osm_id": 7924187428,
        "name": "Haljoi",
        "place": "hamlet",
        "population": null,
        "source": "OpenStreetMap / Overpass API",
        "license": "ODbL"
      },
      "geometry": {
        "type": "Point",
        "coordinates": [
          77.0144284,
          31.6706134
        ]
      }
    },
    {
      "type": "Feature",
      "properties": {
        "osm_type": "node",
        "osm_id": 7924187429,
        "name": "Phalahan",
        "place": "hamlet",
        "population": null,
        "source": "OpenStreetMap / Overpass API",
        "license": "ODbL"
      },
      "geometry": {
        "type": "Point",
        "coordinates": [
          77.0227003,
          31.6691616
        ]
      }
    },
    {
      "type": "Feature",
      "properties": {
        "osm_type": "node",
        "osm_id": 7924187430,
        "name": "Dhaunadevi",
        "place": "hamlet",
        "population": null,
        "source": "OpenStreetMap / Overpass API",
        "license": "ODbL"
      },
      "geometry": {
        "type": "Point",
        "coordinates": [
          77.0352315,
          31.6656916
        ]
      }
    },
    {
      "type": "Feature",
      "properties": {
        "osm_type": "node",
        "osm_id": 7924187431,
        "name": null,
        "place": "hamlet",
        "population": null,
        "source": "OpenStreetMap / Overpass API",
        "license": "ODbL"
      },
      "geometry": {
        "type": "Point",
        "coordinates": [
          77.0550155,
          31.6920781
        ]
      }
    },
    {
      "type": "Feature",
      "properties": {
        "osm_type": "node",
        "osm_id": 7924187433,
        "name": null,
        "place": "hamlet",
        "population": null,
        "source": "OpenStreetMap / Overpass API",
        "license": "ODbL"
      },
      "geometry": {
        "type": "Point",
        "coordinates": [
          77.0468831,
          31.7027356
        ]
      }
    },
    {
      "type": "Feature",
      "properties": {
        "osm_type": "node",
        "osm_id": 7924187434,
        "name": null,
        "place": "hamlet",
        "population": null,
        "source": "OpenStreetMap / Overpass API",
        "license": "ODbL"
      },
      "geometry": {
        "type": "Point",
        "coordinates": [
          77.0389705,
          31.7032057
        ]
      }
    },
    {
      "type": "Feature",
      "properties": {
        "osm_type": "node",
        "osm_id": 7924187435,
        "name": null,
        "place": "hamlet",
        "population": null,
        "source": "OpenStreetMap / Overpass API",
        "license": "ODbL"
      },
      "geometry": {
        "type": "Point",
        "coordinates": [
          77.0514214,
          31.6766306
        ]
      }
    },
    {
      "type": "Feature",
      "properties": {
        "osm_type": "node",
        "osm_id": 7924187436,
        "name": "Masar",
        "place": "hamlet",
        "population": null,
        "source": "OpenStreetMap / Overpass API",
        "license": "ODbL"
      },
      "geometry": {
        "type": "Point",
        "coordinates": [
          77.055273,
          31.6799723
        ]
      }
    },
    {
      "type": "Feature",
      "properties": {
        "osm_type": "node",
        "osm_id": 7924187437,
        "name": "Saprei",
        "place": "village",
        "population": null,
        "source": "OpenStreetMap / Overpass API",
        "license": "ODbL"
      },
      "geometry": {
        "type": "Point",
        "coordinates": [
          77.052505,
          31.6863815
        ]
      }
    },
    {
      "type": "Feature",
      "properties": {
        "osm_type": "node",
        "osm_id": 7924187438,
        "name": "Bandal",
        "place": "hamlet",
        "population": null,
        "source": "OpenStreetMap / Overpass API",
        "license": "ODbL"
      },
      "geometry": {
        "type": "Point",
        "coordinates": [
          77.0882106,
          31.7400477
        ]
      }
    },
    {
      "type": "Feature",
      "properties": {
        "osm_type": "node",
        "osm_id": 7924187440,
        "name": "Patauns",
        "place": "hamlet",
        "population": null,
        "source": "OpenStreetMap / Overpass API",
        "license": "ODbL"
      },
      "geometry": {
        "type": "Point",
        "coordinates": [
          77.1342695,
          31.7447831
        ]
      }
    },
    {
      "type": "Feature",
      "properties": {
        "osm_type": "node",
        "osm_id": 7924187441,
        "name": "Jagar",
        "place": "hamlet",
        "population": null,
        "source": "OpenStreetMap / Overpass API",
        "license": "ODbL"
      },
      "geometry": {
        "type": "Point",
        "coordinates": [
          77.037946,
          31.6928724
        ]
      }
    },
    {
      "type": "Feature",
      "properties": {
        "osm_type": "node",
        "osm_id": 7924187442,
        "name": "Taryambla",
        "place": "hamlet",
        "population": null,
        "source": "OpenStreetMap / Overpass API",
        "license": "ODbL"
      },
      "geometry": {
        "type": "Point",
        "coordinates": [
          77.0398128,
          31.6804014
        ]
      }
    },
    {
      "type": "Feature",
      "properties": {
        "osm_type": "node",
        "osm_id": 7924187443,
        "name": "Janjohi",
        "place": "hamlet",
        "population": null,
        "source": "OpenStreetMap / Overpass API",
        "license": "ODbL"
      },
      "geometry": {
        "type": "Point",
        "coordinates": [
          77.0225286,
          31.6805566
        ]
      }
    },
    {
      "type": "Feature",
      "properties": {
        "osm_type": "node",
        "osm_id": 7924187444,
        "name": "Chahoara",
        "place": "hamlet",
        "population": null,
        "source": "OpenStreetMap / Overpass API",
        "license": "ODbL"
      },
      "geometry": {
        "type": "Point",
        "coordinates": [
          77.0167351,
          31.6871666
        ]
      }
    },
    {
      "type": "Feature",
      "properties": {
        "osm_type": "node",
        "osm_id": 7924187445,
        "name": "Nayogi",
        "place": "hamlet",
        "population": null,
        "source": "OpenStreetMap / Overpass API",
        "license": "ODbL"
      },
      "geometry": {
        "type": "Point",
        "coordinates": [
          77.0804751,
          31.7092117
        ]
      }
    },
    {
      "type": "Feature",
      "properties": {
        "osm_type": "node",
        "osm_id": 7924187446,
        "name": "Sukdav",
        "place": "hamlet",
        "population": null,
        "source": "OpenStreetMap / Overpass API",
        "license": "ODbL"
      },
      "geometry": {
        "type": "Point",
        "coordinates": [
          77.0102763,
          31.6991802
        ]
      }
    },
    {
      "type": "Feature",
      "properties": {
        "osm_type": "node",
        "osm_id": 7924187447,
        "name": "Bahildar",
        "place": "hamlet",
        "population": null,
        "source": "OpenStreetMap / Overpass API",
        "license": "ODbL"
      },
      "geometry": {
        "type": "Point",
        "coordinates": [
          77.012186,
          31.7077878
        ]
      }
    },
    {
      "type": "Feature",
      "properties": {
        "osm_type": "node",
        "osm_id": 7924187448,
        "name": "Satyur",
        "place": "hamlet",
        "population": null,
        "source": "OpenStreetMap / Overpass API",
        "license": "ODbL"
      },
      "geometry": {
        "type": "Point",
        "coordinates": [
          77.0632446,
          31.7072493
        ]
      }
    },
    {
      "type": "Feature",
      "properties": {
        "osm_type": "node",
        "osm_id": 7924187449,
        "name": "Tundla",
        "place": "hamlet",
        "population": null,
        "source": "OpenStreetMap / Overpass API",
        "license": "ODbL"
      },
      "geometry": {
        "type": "Point",
        "coordinates": [
          77.0662594,
          31.6993263
        ]
      }
    },
    {
      "type": "Feature",
      "properties": {
        "osm_type": "node",
        "osm_id": 7924187450,
        "name": null,
        "place": "hamlet",
        "population": null,
        "source": "OpenStreetMap / Overpass API",
        "license": "ODbL"
      },
      "geometry": {
        "type": "Point",
        "coordinates": [
          77.0557988,
          31.7127165
        ]
      }
    },
    {
      "type": "Feature",
      "properties": {
        "osm_type": "node",
        "osm_id": 7924187451,
        "name": null,
        "place": "village",
        "population": null,
        "source": "OpenStreetMap / Overpass API",
        "license": "ODbL"
      },
      "geometry": {
        "type": "Point",
        "coordinates": [
          77.0553481,
          31.7074227
        ]
      }
    },
    {
      "type": "Feature",
      "properties": {
        "osm_type": "node",
        "osm_id": 7924187452,
        "name": "Siwa",
        "place": "village",
        "population": null,
        "source": "OpenStreetMap / Overpass API",
        "license": "ODbL"
      },
      "geometry": {
        "type": "Point",
        "coordinates": [
          77.0554018,
          31.7029775
        ]
      }
    },
    {
      "type": "Feature",
      "properties": {
        "osm_type": "node",
        "osm_id": 7924187453,
        "name": "Khalwara",
        "place": "hamlet",
        "population": null,
        "source": "OpenStreetMap / Overpass API",
        "license": "ODbL"
      },
      "geometry": {
        "type": "Point",
        "coordinates": [
          77.0477628,
          31.7174533
        ]
      }
    },
    {
      "type": "Feature",
      "properties": {
        "osm_type": "node",
        "osm_id": 7924187454,
        "name": "Maihan",
        "place": "hamlet",
        "population": null,
        "source": "OpenStreetMap / Overpass API",
        "license": "ODbL"
      },
      "geometry": {
        "type": "Point",
        "coordinates": [
          77.0469797,
          31.7141129
        ]
      }
    },
    {
      "type": "Feature",
      "properties": {
        "osm_type": "node",
        "osm_id": 7924187455,
        "name": "Banol",
        "place": "hamlet",
        "population": null,
        "source": "OpenStreetMap / Overpass API",
        "license": "ODbL"
      },
      "geometry": {
        "type": "Point",
        "coordinates": [
          77.0451236,
          31.70787
        ]
      }
    },
    {
      "type": "Feature",
      "properties": {
        "osm_type": "node",
        "osm_id": 7924187456,
        "name": "Khila",
        "place": "hamlet",
        "population": null,
        "source": "OpenStreetMap / Overpass API",
        "license": "ODbL"
      },
      "geometry": {
        "type": "Point",
        "coordinates": [
          77.0398986,
          31.7118951
        ]
      }
    },
    {
      "type": "Feature",
      "properties": {
        "osm_type": "node",
        "osm_id": 7924187457,
        "name": "Tarana",
        "place": "hamlet",
        "population": null,
        "source": "OpenStreetMap / Overpass API",
        "license": "ODbL"
      },
      "geometry": {
        "type": "Point",
        "coordinates": [
          77.0010012,
          31.7063502
        ]
      }
    },
    {
      "type": "Feature",
      "properties": {
        "osm_type": "node",
        "osm_id": 7924187458,
        "name": "Thata",
        "place": "hamlet",
        "population": null,
        "source": "OpenStreetMap / Overpass API",
        "license": "ODbL"
      },
      "geometry": {
        "type": "Point",
        "coordinates": [
          77.0749068,
          31.7152811
        ]
      }
    },
    {
      "type": "Feature",
      "properties": {
        "osm_type": "node",
        "osm_id": 7924187459,
        "name": "Suman",
        "place": "hamlet",
        "population": null,
        "source": "OpenStreetMap / Overpass API",
        "license": "ODbL"
      },
      "geometry": {
        "type": "Point",
        "coordinates": [
          77.0570218,
          31.7193333
        ]
      }
    },
    {
      "type": "Feature",
      "properties": {
        "osm_type": "node",
        "osm_id": 7924187460,
        "name": "Sambal",
        "place": "village",
        "population": null,
        "source": "OpenStreetMap / Overpass API",
        "license": "ODbL"
      },
      "geometry": {
        "type": "Point",
        "coordinates": [
          77.0292234,
          31.7031601
        ]
      }
    },
    {
      "type": "Feature",
      "properties": {
        "osm_type": "node",
        "osm_id": 7924187461,
        "name": "Dhalala",
        "place": "village",
        "population": null,
        "source": "OpenStreetMap / Overpass API",
        "license": "ODbL"
      },
      "geometry": {
        "type": "Point",
        "coordinates": [
          77.0267558,
          31.7126161
        ]
      }
    },
    {
      "type": "Feature",
      "properties": {
        "osm_type": "node",
        "osm_id": 7924187462,
        "name": "Niyul",
        "place": "village",
        "population": null,
        "source": "OpenStreetMap / Overpass API",
        "license": "ODbL"
      },
      "geometry": {
        "type": "Point",
        "coordinates": [
          77.0330858,
          31.7158835
        ]
      }
    },
    {
      "type": "Feature",
      "properties": {
        "osm_type": "node",
        "osm_id": 7924187463,
        "name": "Kun",
        "place": "hamlet",
        "population": null,
        "source": "OpenStreetMap / Overpass API",
        "license": "ODbL"
      },
      "geometry": {
        "type": "Point",
        "coordinates": [
          77.0405799,
          31.719169
        ]
      }
    },
    {
      "type": "Feature",
      "properties": {
        "osm_type": "node",
        "osm_id": 7924187464,
        "name": "Kukra",
        "place": "hamlet",
        "population": null,
        "source": "OpenStreetMap / Overpass API",
        "license": "ODbL"
      },
      "geometry": {
        "type": "Point",
        "coordinates": [
          77.0377743,
          31.7216057
        ]
      }
    },
    {
      "type": "Feature",
      "properties": {
        "osm_type": "node",
        "osm_id": 7924187465,
        "name": "Bahl",
        "place": "village",
        "population": null,
        "source": "OpenStreetMap / Overpass API",
        "license": "ODbL"
      },
      "geometry": {
        "type": "Point",
        "coordinates": [
          77.0228505,
          31.7185302
        ]
      }
    },
    {
      "type": "Feature",
      "properties": {
        "osm_type": "node",
        "osm_id": 7924187466,
        "name": "Chadoli",
        "place": "hamlet",
        "population": null,
        "source": "OpenStreetMap / Overpass API",
        "license": "ODbL"
      },
      "geometry": {
        "type": "Point",
        "coordinates": [
          77.0208764,
          31.7234948
        ]
      }
    },
    {
      "type": "Feature",
      "properties": {
        "osm_type": "node",
        "osm_id": 7924187467,
        "name": "Gharaun",
        "place": "hamlet",
        "population": null,
        "source": "OpenStreetMap / Overpass API",
        "license": "ODbL"
      },
      "geometry": {
        "type": "Point",
        "coordinates": [
          77.018441,
          31.7254295
        ]
      }
    },
    {
      "type": "Feature",
      "properties": {
        "osm_type": "node",
        "osm_id": 7924187468,
        "name": "Baki",
        "place": "hamlet",
        "population": null,
        "source": "OpenStreetMap / Overpass API",
        "license": "ODbL"
      },
      "geometry": {
        "type": "Point",
        "coordinates": [
          77.0264447,
          31.7261048
        ]
      }
    },
    {
      "type": "Feature",
      "properties": {
        "osm_type": "node",
        "osm_id": 7924187470,
        "name": "Karg",
        "place": "hamlet",
        "population": null,
        "source": "OpenStreetMap / Overpass API",
        "license": "ODbL"
      },
      "geometry": {
        "type": "Point",
        "coordinates": [
          77.0083773,
          31.7277018
        ]
      }
    },
    {
      "type": "Feature",
      "properties": {
        "osm_type": "node",
        "osm_id": 7924187471,
        "name": "Dudhla",
        "place": "hamlet",
        "population": null,
        "source": "OpenStreetMap / Overpass API",
        "license": "ODbL"
      },
      "geometry": {
        "type": "Point",
        "coordinates": [
          77.0134842,
          31.7488248
        ]
      }
    },
    {
      "type": "Feature",
      "properties": {
        "osm_type": "node",
        "osm_id": 7924187472,
        "name": "Badran",
        "place": "hamlet",
        "population": null,
        "source": "OpenStreetMap / Overpass API",
        "license": "ODbL"
      },
      "geometry": {
        "type": "Point",
        "coordinates": [
          77.0355105,
          31.7290432
        ]
      }
    },
    {
      "type": "Feature",
      "properties": {
        "osm_type": "node",
        "osm_id": 7924187473,
        "name": null,
        "place": "hamlet",
        "population": null,
        "source": "OpenStreetMap / Overpass API",
        "license": "ODbL"
      },
      "geometry": {
        "type": "Point",
        "coordinates": [
          77.0461374,
          31.7327754
        ]
      }
    },
    {
      "type": "Feature",
      "properties": {
        "osm_type": "node",
        "osm_id": 7924187474,
        "name": "Dhar",
        "place": "hamlet",
        "population": null,
        "source": "OpenStreetMap / Overpass API",
        "license": "ODbL"
      },
      "geometry": {
        "type": "Point",
        "coordinates": [
          77.0231367,
          31.7348238
        ]
      }
    },
    {
      "type": "Feature",
      "properties": {
        "osm_type": "node",
        "osm_id": 7924187475,
        "name": "Thalakan",
        "place": "hamlet",
        "population": null,
        "source": "OpenStreetMap / Overpass API",
        "license": "ODbL"
      },
      "geometry": {
        "type": "Point",
        "coordinates": [
          77.025758,
          31.7386699
        ]
      }
    },
    {
      "type": "Feature",
      "properties": {
        "osm_type": "node",
        "osm_id": 7924187477,
        "name": "Bin",
        "place": "hamlet",
        "population": null,
        "source": "OpenStreetMap / Overpass API",
        "license": "ODbL"
      },
      "geometry": {
        "type": "Point",
        "coordinates": [
          77.007873,
          31.7317078
        ]
      }
    },
    {
      "type": "Feature",
      "properties": {
        "osm_type": "node",
        "osm_id": 7924187478,
        "name": "Kanda",
        "place": "hamlet",
        "population": null,
        "source": "OpenStreetMap / Overpass API",
        "license": "ODbL"
      },
      "geometry": {
        "type": "Point",
        "coordinates": [
          77.0035064,
          31.7344817
        ]
      }
    },
    {
      "type": "Feature",
      "properties": {
        "osm_type": "node",
        "osm_id": 7926291395,
        "name": "Kalhani",
        "place": "hamlet",
        "population": null,
        "source": "OpenStreetMap / Overpass API",
        "license": "ODbL"
      },
      "geometry": {
        "type": "Point",
        "coordinates": [
          77.1462321,
          31.6468238
        ]
      }
    },
    {
      "type": "Feature",
      "properties": {
        "osm_type": "node",
        "osm_id": 7926291396,
        "name": "Bagnal",
        "place": "hamlet",
        "population": null,
        "source": "OpenStreetMap / Overpass API",
        "license": "ODbL"
      },
      "geometry": {
        "type": "Point",
        "coordinates": [
          77.1284866,
          31.639937
        ]
      }
    },
    {
      "type": "Feature",
      "properties": {
        "osm_type": "node",
        "osm_id": 7926291397,
        "name": "Paknos",
        "place": "hamlet",
        "population": null,
        "source": "OpenStreetMap / Overpass API",
        "license": "ODbL"
      },
      "geometry": {
        "type": "Point",
        "coordinates": [
          77.1318555,
          31.6519384
        ]
      }
    },
    {
      "type": "Feature",
      "properties": {
        "osm_type": "node",
        "osm_id": 7926291399,
        "name": "Saglot",
        "place": "hamlet",
        "population": null,
        "source": "OpenStreetMap / Overpass API",
        "license": "ODbL"
      },
      "geometry": {
        "type": "Point",
        "coordinates": [
          77.1423912,
          31.6600299
        ]
      }
    },
    {
      "type": "Feature",
      "properties": {
        "osm_type": "node",
        "osm_id": 7926291400,
        "name": "Bashrairi",
        "place": "hamlet",
        "population": null,
        "source": "OpenStreetMap / Overpass API",
        "license": "ODbL"
      },
      "geometry": {
        "type": "Point",
        "coordinates": [
          77.1444726,
          31.6684493
        ]
      }
    },
    {
      "type": "Feature",
      "properties": {
        "osm_type": "node",
        "osm_id": 7926291401,
        "name": "Khala",
        "place": "hamlet",
        "population": null,
        "source": "OpenStreetMap / Overpass API",
        "license": "ODbL"
      },
      "geometry": {
        "type": "Point",
        "coordinates": [
          77.1411466,
          31.665582
        ]
      }
    },
    {
      "type": "Feature",
      "properties": {
        "osm_type": "node",
        "osm_id": 7926291402,
        "name": "Kathidhar",
        "place": "hamlet",
        "population": null,
        "source": "OpenStreetMap / Overpass API",
        "license": "ODbL"
      },
      "geometry": {
        "type": "Point",
        "coordinates": [
          77.1333039,
          31.6665682
        ]
      }
    },
    {
      "type": "Feature",
      "properties": {
        "osm_type": "node",
        "osm_id": 7926291403,
        "name": "Gathni",
        "place": "hamlet",
        "population": null,
        "source": "OpenStreetMap / Overpass API",
        "license": "ODbL"
      },
      "geometry": {
        "type": "Point",
        "coordinates": [
          77.1325636,
          31.6708599
        ]
      }
    },
    {
      "type": "Feature",
      "properties": {
        "osm_type": "node",
        "osm_id": 7926291405,
        "name": "Jum Thach",
        "place": "hamlet",
        "population": null,
        "source": "OpenStreetMap / Overpass API",
        "license": "ODbL"
      },
      "geometry": {
        "type": "Point",
        "coordinates": [
          77.1210622,
          31.6623311
        ]
      }
    },
    {
      "type": "Feature",
      "properties": {
        "osm_type": "node",
        "osm_id": 7926291406,
        "name": "Kasaund",
        "place": "hamlet",
        "population": null,
        "source": "OpenStreetMap / Overpass API",
        "license": "ODbL"
      },
      "geometry": {
        "type": "Point",
        "coordinates": [
          77.1127796,
          31.6668604
        ]
      }
    },
    {
      "type": "Feature",
      "properties": {
        "osm_type": "node",
        "osm_id": 7926291407,
        "name": "Thach",
        "place": "hamlet",
        "population": null,
        "source": "OpenStreetMap / Overpass API",
        "license": "ODbL"
      },
      "geometry": {
        "type": "Point",
        "coordinates": [
          77.1087456,
          31.6717183
        ]
      }
    },
    {
      "type": "Feature",
      "properties": {
        "osm_type": "node",
        "osm_id": 7926291409,
        "name": "Pajaut",
        "place": "hamlet",
        "population": null,
        "source": "OpenStreetMap / Overpass API",
        "license": "ODbL"
      },
      "geometry": {
        "type": "Point",
        "coordinates": [
          77.1476268,
          31.6708052
        ]
      }
    },
    {
      "type": "Feature",
      "properties": {
        "osm_type": "node",
        "osm_id": 7926291414,
        "name": "Shainun",
        "place": "hamlet",
        "population": null,
        "source": "OpenStreetMap / Overpass API",
        "license": "ODbL"
      },
      "geometry": {
        "type": "Point",
        "coordinates": [
          77.1177363,
          31.6823827
        ]
      }
    },
    {
      "type": "Feature",
      "properties": {
        "osm_type": "node",
        "osm_id": 7926291415,
        "name": "Naraur",
        "place": "hamlet",
        "population": null,
        "source": "OpenStreetMap / Overpass API",
        "license": "ODbL"
      },
      "geometry": {
        "type": "Point",
        "coordinates": [
          77.1230578,
          31.681917
        ]
      }
    },
    {
      "type": "Feature",
      "properties": {
        "osm_type": "node",
        "osm_id": 7926291416,
        "name": "Shaloi",
        "place": "hamlet",
        "population": null,
        "source": "OpenStreetMap / Overpass API",
        "license": "ODbL"
      },
      "geometry": {
        "type": "Point",
        "coordinates": [
          77.1247744,
          31.678128
        ]
      }
    },
    {
      "type": "Feature",
      "properties": {
        "osm_type": "node",
        "osm_id": 7926291417,
        "name": "Sharti",
        "place": "hamlet",
        "population": null,
        "source": "OpenStreetMap / Overpass API",
        "license": "ODbL"
      },
      "geometry": {
        "type": "Point",
        "coordinates": [
          77.1278643,
          31.6815792
        ]
      }
    },
    {
      "type": "Feature",
      "properties": {
        "osm_type": "node",
        "osm_id": 7926291418,
        "name": "Kihini",
        "place": "hamlet",
        "population": null,
        "source": "OpenStreetMap / Overpass API",
        "license": "ODbL"
      },
      "geometry": {
        "type": "Point",
        "coordinates": [
          77.125504,
          31.68388
        ]
      }
    },
    {
      "type": "Feature",
      "properties": {
        "osm_type": "node",
        "osm_id": 7926291419,
        "name": "Titri",
        "place": "hamlet",
        "population": null,
        "source": "OpenStreetMap / Overpass API",
        "license": "ODbL"
      },
      "geometry": {
        "type": "Point",
        "coordinates": [
          77.1216416,
          31.6663856
        ]
      }
    },
    {
      "type": "Feature",
      "properties": {
        "osm_type": "node",
        "osm_id": 7926291453,
        "name": "Shili",
        "place": "hamlet",
        "population": null,
        "source": "OpenStreetMap / Overpass API",
        "license": "ODbL"
      },
      "geometry": {
        "type": "Point",
        "coordinates": [
          77.1411145,
          31.6855689
        ]
      }
    },
    {
      "type": "Feature",
      "properties": {
        "osm_type": "node",
        "osm_id": 7926291454,
        "name": "Kun",
        "place": "hamlet",
        "population": null,
        "source": "OpenStreetMap / Overpass API",
        "license": "ODbL"
      },
      "geometry": {
        "type": "Point",
        "coordinates": [
          77.1390438,
          31.6828026
        ]
      }
    },
    {
      "type": "Feature",
      "properties": {
        "osm_type": "node",
        "osm_id": 7926291455,
        "name": "Panjar",
        "place": "hamlet",
        "population": null,
        "source": "OpenStreetMap / Overpass API",
        "license": "ODbL"
      },
      "geometry": {
        "type": "Point",
        "coordinates": [
          77.1344411,
          31.6869201
        ]
      }
    },
    {
      "type": "Feature",
      "properties": {
        "osm_type": "node",
        "osm_id": 7926291456,
        "name": "Darla",
        "place": "hamlet",
        "population": null,
        "source": "OpenStreetMap / Overpass API",
        "license": "ODbL"
      },
      "geometry": {
        "type": "Point",
        "coordinates": [
          77.1414041,
          31.6870662
        ]
      }
    },
    {
      "type": "Feature",
      "properties": {
        "osm_type": "node",
        "osm_id": 7926291457,
        "name": "Salen",
        "place": "hamlet",
        "population": null,
        "source": "OpenStreetMap / Overpass API",
        "license": "ODbL"
      },
      "geometry": {
        "type": "Point",
        "coordinates": [
          77.1138203,
          31.6780276
        ]
      }
    },
    {
      "type": "Feature",
      "properties": {
        "osm_type": "node",
        "osm_id": 7926291458,
        "name": "Khari",
        "place": "hamlet",
        "population": null,
        "source": "OpenStreetMap / Overpass API",
        "license": "ODbL"
      },
      "geometry": {
        "type": "Point",
        "coordinates": [
          77.1236586,
          31.6880704
        ]
      }
    },
    {
      "type": "Feature",
      "properties": {
        "osm_type": "node",
        "osm_id": 7926291460,
        "name": "Kaloha",
        "place": "hamlet",
        "population": null,
        "source": "OpenStreetMap / Overpass API",
        "license": "ODbL"
      },
      "geometry": {
        "type": "Point",
        "coordinates": [
          77.1035099,
          31.6556463
        ]
      }
    },
    {
      "type": "Feature",
      "properties": {
        "osm_type": "node",
        "osm_id": 7926291461,
        "name": "Chunani",
        "place": "hamlet",
        "population": null,
        "source": "OpenStreetMap / Overpass API",
        "license": "ODbL"
      },
      "geometry": {
        "type": "Point",
        "coordinates": [
          77.0968044,
          31.666833
        ]
      }
    },
    {
      "type": "Feature",
      "properties": {
        "osm_type": "node",
        "osm_id": 7926291462,
        "name": "Bandal",
        "place": "hamlet",
        "population": null,
        "source": "OpenStreetMap / Overpass API",
        "license": "ODbL"
      },
      "geometry": {
        "type": "Point",
        "coordinates": [
          77.0916438,
          31.6631347
        ]
      }
    },
    {
      "type": "Feature",
      "properties": {
        "osm_type": "node",
        "osm_id": 7926291463,
        "name": "Pandi",
        "place": "hamlet",
        "population": null,
        "source": "OpenStreetMap / Overpass API",
        "license": "ODbL"
      },
      "geometry": {
        "type": "Point",
        "coordinates": [
          77.0890474,
          31.672887
        ]
      }
    },
    {
      "type": "Feature",
      "properties": {
        "osm_type": "node",
        "osm_id": 7926291464,
        "name": "Bakhli",
        "place": "hamlet",
        "population": null,
        "source": "OpenStreetMap / Overpass API",
        "license": "ODbL"
      },
      "geometry": {
        "type": "Point",
        "coordinates": [
          77.0831466,
          31.6716452
        ]
      }
    },
    {
      "type": "Feature",
      "properties": {
        "osm_type": "node",
        "osm_id": 7926301955,
        "name": "Burdhata",
        "place": "hamlet",
        "population": null,
        "source": "OpenStreetMap / Overpass API",
        "license": "ODbL"
      },
      "geometry": {
        "type": "Point",
        "coordinates": [
          77.0279789,
          31.6017302
        ]
      }
    },
    {
      "type": "Feature",
      "properties": {
        "osm_type": "node",
        "osm_id": 7926301957,
        "name": "Damwas",
        "place": "hamlet",
        "population": null,
        "source": "OpenStreetMap / Overpass API",
        "license": "ODbL"
      },
      "geometry": {
        "type": "Point",
        "coordinates": [
          77.0148039,
          31.6058239
        ]
      }
    },
    {
      "type": "Feature",
      "properties": {
        "osm_type": "node",
        "osm_id": 7926301958,
        "name": null,
        "place": "hamlet",
        "population": null,
        "source": "OpenStreetMap / Overpass API",
        "license": "ODbL"
      },
      "geometry": {
        "type": "Point",
        "coordinates": [
          77.0343035,
          31.6136864
        ]
      }
    },
    {
      "type": "Feature",
      "properties": {
        "osm_type": "node",
        "osm_id": 7926301959,
        "name": "Shagla Galu",
        "place": "hamlet",
        "population": null,
        "source": "OpenStreetMap / Overpass API",
        "license": "ODbL"
      },
      "geometry": {
        "type": "Point",
        "coordinates": [
          77.0224857,
          31.6120006
        ]
      }
    },
    {
      "type": "Feature",
      "properties": {
        "osm_type": "node",
        "osm_id": 7926301961,
        "name": "Tikri",
        "place": "hamlet",
        "population": null,
        "source": "OpenStreetMap / Overpass API",
        "license": "ODbL"
      },
      "geometry": {
        "type": "Point",
        "coordinates": [
          77.0035171,
          31.6010541
        ]
      }
    },
    {
      "type": "Feature",
      "properties": {
        "osm_type": "node",
        "osm_id": 7926301963,
        "name": "Bahi",
        "place": "village",
        "population": null,
        "source": "OpenStreetMap / Overpass API",
        "license": "ODbL"
      },
      "geometry": {
        "type": "Point",
        "coordinates": [
          77.0024442,
          31.6084738
        ]
      }
    },
    {
      "type": "Feature",
      "properties": {
        "osm_type": "node",
        "osm_id": 7926301968,
        "name": "Surah",
        "place": "hamlet",
        "population": null,
        "source": "OpenStreetMap / Overpass API",
        "license": "ODbL"
      },
      "geometry": {
        "type": "Point",
        "coordinates": [
          77.0539212,
          31.6185607
        ]
      }
    },
    {
      "type": "Feature",
      "properties": {
        "osm_type": "node",
        "osm_id": 7926301969,
        "name": "Bani",
        "place": "hamlet",
        "population": null,
        "source": "OpenStreetMap / Overpass API",
        "license": "ODbL"
      },
      "geometry": {
        "type": "Point",
        "coordinates": [
          77.0421624,
          31.6184876
        ]
      }
    },
    {
      "type": "Feature",
      "properties": {
        "osm_type": "node",
        "osm_id": 7926301970,
        "name": "Shakohar",
        "place": "hamlet",
        "population": null,
        "source": "OpenStreetMap / Overpass API",
        "license": "ODbL"
      },
      "geometry": {
        "type": "Point",
        "coordinates": [
          77.028408,
          31.6202965
        ]
      }
    },
    {
      "type": "Feature",
      "properties": {
        "osm_type": "node",
        "osm_id": 7926301971,
        "name": "Patheri",
        "place": "hamlet",
        "population": null,
        "source": "OpenStreetMap / Overpass API",
        "license": "ODbL"
      },
      "geometry": {
        "type": "Point",
        "coordinates": [
          77.0115423,
          31.6178663
        ]
      }
    },
    {
      "type": "Feature",
      "properties": {
        "osm_type": "node",
        "osm_id": 7926301972,
        "name": "Seri",
        "place": "village",
        "population": null,
        "source": "OpenStreetMap / Overpass API",
        "license": "ODbL"
      },
      "geometry": {
        "type": "Point",
        "coordinates": [
          77.0037532,
          31.6173547
        ]
      }
    },
    {
      "type": "Feature",
      "properties": {
        "osm_type": "node",
        "osm_id": 7926301973,
        "name": "Jugas",
        "place": "hamlet",
        "population": null,
        "source": "OpenStreetMap / Overpass API",
        "license": "ODbL"
      },
      "geometry": {
        "type": "Point",
        "coordinates": [
          77.0886183,
          31.6426041
        ]
      }
    },
    {
      "type": "Feature",
      "properties": {
        "osm_type": "node",
        "osm_id": 7926301974,
        "name": "Nandi",
        "place": "village",
        "population": null,
        "source": "OpenStreetMap / Overpass API",
        "license": "ODbL"
      },
      "geometry": {
        "type": "Point",
        "coordinates": [
          77.0751643,
          31.6385942
        ]
      }
    },
    {
      "type": "Feature",
      "properties": {
        "osm_type": "node",
        "osm_id": 7926301975,
        "name": "Padhar",
        "place": "village",
        "population": null,
        "source": "OpenStreetMap / Overpass API",
        "license": "ODbL"
      },
      "geometry": {
        "type": "Point",
        "coordinates": [
          77.0683408,
          31.6397177
        ]
      }
    },
    {
      "type": "Feature",
      "properties": {
        "osm_type": "node",
        "osm_id": 7926301976,
        "name": "Palota",
        "place": "hamlet",
        "population": null,
        "source": "OpenStreetMap / Overpass API",
        "license": "ODbL"
      },
      "geometry": {
        "type": "Point",
        "coordinates": [
          77.0738554,
          31.6453625
        ]
      }
    },
    {
      "type": "Feature",
      "properties": {
        "osm_type": "node",
        "osm_id": 7926301977,
        "name": "Kandhail",
        "place": "hamlet",
        "population": null,
        "source": "OpenStreetMap / Overpass API",
        "license": "ODbL"
      },
      "geometry": {
        "type": "Point",
        "coordinates": [
          77.0682335,
          31.646495
        ]
      }
    },
    {
      "type": "Feature",
      "properties": {
        "osm_type": "node",
        "osm_id": 7926301978,
        "name": "Maswari",
        "place": "hamlet",
        "population": null,
        "source": "OpenStreetMap / Overpass API",
        "license": "ODbL"
      },
      "geometry": {
        "type": "Point",
        "coordinates": [
          77.0725465,
          31.650331
        ]
      }
    },
    {
      "type": "Feature",
      "properties": {
        "osm_type": "node",
        "osm_id": 7926301979,
        "name": "Tandi",
        "place": "hamlet",
        "population": null,
        "source": "OpenStreetMap / Overpass API",
        "license": "ODbL"
      },
      "geometry": {
        "type": "Point",
        "coordinates": [
          77.0667529,
          31.6512991
        ]
      }
    },
    {
      "type": "Feature",
      "properties": {
        "osm_type": "node",
        "osm_id": 7926301980,
        "name": "Latugli",
        "place": "hamlet",
        "population": null,
        "source": "OpenStreetMap / Overpass API",
        "license": "ODbL"
      },
      "geometry": {
        "type": "Point",
        "coordinates": [
          77.094562,
          31.6489245
        ]
      }
    },
    {
      "type": "Feature",
      "properties": {
        "osm_type": "node",
        "osm_id": 7926301981,
        "name": "Surah",
        "place": "village",
        "population": null,
        "source": "OpenStreetMap / Overpass API",
        "license": "ODbL"
      },
      "geometry": {
        "type": "Point",
        "coordinates": [
          77.0852279,
          31.652322
        ]
      }
    },
    {
      "type": "Feature",
      "properties": {
        "osm_type": "node",
        "osm_id": 7926301982,
        "name": "Gata",
        "place": "hamlet",
        "population": null,
        "source": "OpenStreetMap / Overpass API",
        "license": "ODbL"
      },
      "geometry": {
        "type": "Point",
        "coordinates": [
          77.0766019,
          31.65824
        ]
      }
    },
    {
      "type": "Feature",
      "properties": {
        "osm_type": "node",
        "osm_id": 7926301983,
        "name": "Tandi",
        "place": "hamlet",
        "population": null,
        "source": "OpenStreetMap / Overpass API",
        "license": "ODbL"
      },
      "geometry": {
        "type": "Point",
        "coordinates": [
          77.0700359,
          31.6639749
        ]
      }
    },
    {
      "type": "Feature",
      "properties": {
        "osm_type": "node",
        "osm_id": 7926301984,
        "name": "Parali",
        "place": "hamlet",
        "population": null,
        "source": "OpenStreetMap / Overpass API",
        "license": "ODbL"
      },
      "geometry": {
        "type": "Point",
        "coordinates": [
          77.0609378,
          31.6566327
        ]
      }
    },
    {
      "type": "Feature",
      "properties": {
        "osm_type": "node",
        "osm_id": 7926325962,
        "name": "Chalaug",
        "place": "hamlet",
        "population": null,
        "source": "OpenStreetMap / Overpass API",
        "license": "ODbL"
      },
      "geometry": {
        "type": "Point",
        "coordinates": [
          77.0672679,
          31.6066646
        ]
      }
    },
    {
      "type": "Feature",
      "properties": {
        "osm_type": "node",
        "osm_id": 7926325963,
        "name": "Baga",
        "place": "hamlet",
        "population": null,
        "source": "OpenStreetMap / Overpass API",
        "license": "ODbL"
      },
      "geometry": {
        "type": "Point",
        "coordinates": [
          77.0634699,
          31.6030826
        ]
      }
    },
    {
      "type": "Feature",
      "properties": {
        "osm_type": "node",
        "osm_id": 7926325964,
        "name": "Kalthwal",
        "place": "village",
        "population": null,
        "source": "OpenStreetMap / Overpass API",
        "license": "ODbL"
      },
      "geometry": {
        "type": "Point",
        "coordinates": [
          77.0357251,
          31.6035395
        ]
      }
    },
    {
      "type": "Feature",
      "properties": {
        "osm_type": "node",
        "osm_id": 7926325966,
        "name": "Gota",
        "place": "hamlet",
        "population": null,
        "source": "OpenStreetMap / Overpass API",
        "license": "ODbL"
      },
      "geometry": {
        "type": "Point",
        "coordinates": [
          77.0470118,
          31.6094423
        ]
      }
    },
    {
      "type": "Feature",
      "properties": {
        "osm_type": "node",
        "osm_id": 7926325970,
        "name": "Gharat Ropa",
        "place": "hamlet",
        "population": null,
        "source": "OpenStreetMap / Overpass API",
        "license": "ODbL"
      },
      "geometry": {
        "type": "Point",
        "coordinates": [
          77.0570755,
          31.6129326
        ]
      }
    },
    {
      "type": "Feature",
      "properties": {
        "osm_type": "node",
        "osm_id": 7926325971,
        "name": "Sianj",
        "place": "village",
        "population": null,
        "source": "OpenStreetMap / Overpass API",
        "license": "ODbL"
      },
      "geometry": {
        "type": "Point",
        "coordinates": [
          77.0693493,
          31.6123844
        ]
      }
    },
    {
      "type": "Feature",
      "properties": {
        "osm_type": "node",
        "osm_id": 7926325972,
        "name": "Phanipra",
        "place": "hamlet",
        "population": null,
        "source": "OpenStreetMap / Overpass API",
        "license": "ODbL"
      },
      "geometry": {
        "type": "Point",
        "coordinates": [
          77.0760548,
          31.6056137
        ]
      }
    },
    {
      "type": "Feature",
      "properties": {
        "osm_type": "node",
        "osm_id": 7926325973,
        "name": "Seri",
        "place": "village",
        "population": null,
        "source": "OpenStreetMap / Overpass API",
        "license": "ODbL"
      },
      "geometry": {
        "type": "Point",
        "coordinates": [
          77.083168,
          31.6055681
        ]
      }
    },
    {
      "type": "Feature",
      "properties": {
        "osm_type": "node",
        "osm_id": 7930572890,
        "name": "Nihri",
        "place": "hamlet",
        "population": null,
        "source": "OpenStreetMap / Overpass API",
        "license": "ODbL"
      },
      "geometry": {
        "type": "Point",
        "coordinates": [
          77.0927167,
          31.6132615
        ]
      }
    },
    {
      "type": "Feature",
      "properties": {
        "osm_type": "node",
        "osm_id": 7932066157,
        "name": "Ghat",
        "place": "hamlet",
        "population": null,
        "source": "OpenStreetMap / Overpass API",
        "license": "ODbL"
      },
      "geometry": {
        "type": "Point",
        "coordinates": [
          77.1472406,
          31.6414715
        ]
      }
    },
    {
      "type": "Feature",
      "properties": {
        "osm_type": "node",
        "osm_id": 7932076284,
        "name": "Tikar",
        "place": "hamlet",
        "population": null,
        "source": "OpenStreetMap / Overpass API",
        "license": "ODbL"
      },
      "geometry": {
        "type": "Point",
        "coordinates": [
          77.1438932,
          31.6004509
        ]
      }
    },
    {
      "type": "Feature",
      "properties": {
        "osm_type": "node",
        "osm_id": 7932079291,
        "name": null,
        "place": "hamlet",
        "population": null,
        "source": "OpenStreetMap / Overpass API",
        "license": "ODbL"
      },
      "geometry": {
        "type": "Point",
        "coordinates": [
          77.1156496,
          31.6051341
        ]
      }
    },
    {
      "type": "Feature",
      "properties": {
        "osm_type": "node",
        "osm_id": 7932079292,
        "name": null,
        "place": "hamlet",
        "population": null,
        "source": "OpenStreetMap / Overpass API",
        "license": "ODbL"
      },
      "geometry": {
        "type": "Point",
        "coordinates": [
          77.0989823,
          31.6089123
        ]
      }
    },
    {
      "type": "Feature",
      "properties": {
        "osm_type": "node",
        "osm_id": 7932079299,
        "name": "Dalikar",
        "place": "hamlet",
        "population": null,
        "source": "OpenStreetMap / Overpass API",
        "license": "ODbL"
      },
      "geometry": {
        "type": "Point",
        "coordinates": [
          77.1258151,
          31.6052208
        ]
      }
    },
    {
      "type": "Feature",
      "properties": {
        "osm_type": "node",
        "osm_id": 7932079300,
        "name": null,
        "place": "hamlet",
        "population": null,
        "source": "OpenStreetMap / Overpass API",
        "license": "ODbL"
      },
      "geometry": {
        "type": "Point",
        "coordinates": [
          77.1268343,
          31.6332048
        ]
      }
    },
    {
      "type": "Feature",
      "properties": {
        "osm_type": "node",
        "osm_id": 7932079306,
        "name": null,
        "place": "hamlet",
        "population": null,
        "source": "OpenStreetMap / Overpass API",
        "license": "ODbL"
      },
      "geometry": {
        "type": "Point",
        "coordinates": [
          77.1090781,
          31.6165735
        ]
      }
    },
    {
      "type": "Feature",
      "properties": {
        "osm_type": "node",
        "osm_id": 7932079307,
        "name": null,
        "place": "hamlet",
        "population": null,
        "source": "OpenStreetMap / Overpass API",
        "license": "ODbL"
      },
      "geometry": {
        "type": "Point",
        "coordinates": [
          77.1193564,
          31.6265362
        ]
      }
    },
    {
      "type": "Feature",
      "properties": {
        "osm_type": "node",
        "osm_id": 7932079309,
        "name": "Thaprar",
        "place": "hamlet",
        "population": null,
        "source": "OpenStreetMap / Overpass API",
        "license": "ODbL"
      },
      "geometry": {
        "type": "Point",
        "coordinates": [
          77.1112776,
          31.6359909
        ]
      }
    },
    {
      "type": "Feature",
      "properties": {
        "osm_type": "node",
        "osm_id": 7932079310,
        "name": "Jhaot",
        "place": "hamlet",
        "population": null,
        "source": "OpenStreetMap / Overpass API",
        "license": "ODbL"
      },
      "geometry": {
        "type": "Point",
        "coordinates": [
          77.1056771,
          31.632739
        ]
      }
    },
    {
      "type": "Feature",
      "properties": {
        "osm_type": "node",
        "osm_id": 7932079311,
        "name": "Khuhan",
        "place": "hamlet",
        "population": null,
        "source": "OpenStreetMap / Overpass API",
        "license": "ODbL"
      },
      "geometry": {
        "type": "Point",
        "coordinates": [
          77.1107626,
          31.627532
        ]
      }
    },
    {
      "type": "Feature",
      "properties": {
        "osm_type": "node",
        "osm_id": 7932079312,
        "name": "Khayogi",
        "place": "hamlet",
        "population": null,
        "source": "OpenStreetMap / Overpass API",
        "license": "ODbL"
      },
      "geometry": {
        "type": "Point",
        "coordinates": [
          77.1068251,
          31.642668
        ]
      }
    },
    {
      "type": "Feature",
      "properties": {
        "osm_type": "node",
        "osm_id": 7932079313,
        "name": "Thach",
        "place": "hamlet",
        "population": null,
        "source": "OpenStreetMap / Overpass API",
        "license": "ODbL"
      },
      "geometry": {
        "type": "Point",
        "coordinates": [
          77.1123075,
          31.6416907
        ]
      }
    },
    {
      "type": "Feature",
      "properties": {
        "osm_type": "node",
        "osm_id": 7932079314,
        "name": "Thach",
        "place": "hamlet",
        "population": null,
        "source": "OpenStreetMap / Overpass API",
        "license": "ODbL"
      },
      "geometry": {
        "type": "Point",
        "coordinates": [
          77.1026516,
          31.643006
        ]
      }
    },
    {
      "type": "Feature",
      "properties": {
        "osm_type": "node",
        "osm_id": 7932079316,
        "name": null,
        "place": "hamlet",
        "population": null,
        "source": "OpenStreetMap / Overpass API",
        "license": "ODbL"
      },
      "geometry": {
        "type": "Point",
        "coordinates": [
          77.1195066,
          31.6498561
        ]
      }
    },
    {
      "type": "Feature",
      "properties": {
        "osm_type": "node",
        "osm_id": 7932079318,
        "name": "Pansir",
        "place": "hamlet",
        "population": null,
        "source": "OpenStreetMap / Overpass API",
        "license": "ODbL"
      },
      "geometry": {
        "type": "Point",
        "coordinates": [
          77.0963859,
          31.6003961
        ]
      }
    },
    {
      "type": "Feature",
      "properties": {
        "osm_type": "node",
        "osm_id": 7932079319,
        "name": "Budni",
        "place": "hamlet",
        "population": null,
        "source": "OpenStreetMap / Overpass API",
        "license": "ODbL"
      },
      "geometry": {
        "type": "Point",
        "coordinates": [
          77.0912576,
          31.602845
        ]
      }
    },
    {
      "type": "Feature",
      "properties": {
        "osm_type": "node",
        "osm_id": 7932079320,
        "name": null,
        "place": "hamlet",
        "population": null,
        "source": "OpenStreetMap / Overpass API",
        "license": "ODbL"
      },
      "geometry": {
        "type": "Point",
        "coordinates": [
          77.0924163,
          31.6061529
        ]
      }
    },
    {
      "type": "Feature",
      "properties": {
        "osm_type": "node",
        "osm_id": 7932079321,
        "name": null,
        "place": "hamlet",
        "population": null,
        "source": "OpenStreetMap / Overpass API",
        "license": "ODbL"
      },
      "geometry": {
        "type": "Point",
        "coordinates": [
          77.080459,
          31.6119961
        ]
      }
    },
    {
      "type": "Feature",
      "properties": {
        "osm_type": "node",
        "osm_id": 7932079322,
        "name": null,
        "place": "hamlet",
        "population": null,
        "source": "OpenStreetMap / Overpass API",
        "license": "ODbL"
      },
      "geometry": {
        "type": "Point",
        "coordinates": [
          77.1049529,
          31.6124666
        ]
      }
    },
    {
      "type": "Feature",
      "properties": {
        "osm_type": "node",
        "osm_id": 7932079323,
        "name": null,
        "place": "hamlet",
        "population": null,
        "source": "OpenStreetMap / Overpass API",
        "license": "ODbL"
      },
      "geometry": {
        "type": "Point",
        "coordinates": [
          77.1157301,
          31.6122747
        ]
      }
    },
    {
      "type": "Feature",
      "properties": {
        "osm_type": "node",
        "osm_id": 7932079324,
        "name": "Bara",
        "place": "hamlet",
        "population": null,
        "source": "OpenStreetMap / Overpass API",
        "license": "ODbL"
      },
      "geometry": {
        "type": "Point",
        "coordinates": [
          77.1180367,
          31.6159477
        ]
      }
    },
    {
      "type": "Feature",
      "properties": {
        "osm_type": "node",
        "osm_id": 7932079325,
        "name": "Majhauli",
        "place": "hamlet",
        "population": null,
        "source": "OpenStreetMap / Overpass API",
        "license": "ODbL"
      },
      "geometry": {
        "type": "Point",
        "coordinates": [
          77.1241092,
          31.6086565
        ]
      }
    },
    {
      "type": "Feature",
      "properties": {
        "osm_type": "node",
        "osm_id": 7932079326,
        "name": "Kandhi",
        "place": "hamlet",
        "population": null,
        "source": "OpenStreetMap / Overpass API",
        "license": "ODbL"
      },
      "geometry": {
        "type": "Point",
        "coordinates": [
          77.094605,
          31.6352054
        ]
      }
    },
    {
      "type": "Feature",
      "properties": {
        "osm_type": "node",
        "osm_id": 7932079327,
        "name": "Shatiogi",
        "place": "hamlet",
        "population": null,
        "source": "OpenStreetMap / Overpass API",
        "license": "ODbL"
      },
      "geometry": {
        "type": "Point",
        "coordinates": [
          77.0954633,
          31.6185424
        ]
      }
    },
    {
      "type": "Feature",
      "properties": {
        "osm_type": "node",
        "osm_id": 7932079328,
        "name": "Chhapran",
        "place": "hamlet",
        "population": null,
        "source": "OpenStreetMap / Overpass API",
        "license": "ODbL"
      },
      "geometry": {
        "type": "Point",
        "coordinates": [
          77.082181,
          31.6181404
        ]
      }
    },
    {
      "type": "Feature",
      "properties": {
        "osm_type": "node",
        "osm_id": 7932079329,
        "name": "Badan",
        "place": "hamlet",
        "population": null,
        "source": "OpenStreetMap / Overpass API",
        "license": "ODbL"
      },
      "geometry": {
        "type": "Point",
        "coordinates": [
          77.0895624,
          31.6236951
        ]
      }
    },
    {
      "type": "Feature",
      "properties": {
        "osm_type": "node",
        "osm_id": 7932079330,
        "name": "Handocha",
        "place": "hamlet",
        "population": null,
        "source": "OpenStreetMap / Overpass API",
        "license": "ODbL"
      },
      "geometry": {
        "type": "Point",
        "coordinates": [
          77.0863437,
          31.6288658
        ]
      }
    },
    {
      "type": "Feature",
      "properties": {
        "osm_type": "node",
        "osm_id": 7932079331,
        "name": "Katandi",
        "place": "hamlet",
        "population": null,
        "source": "OpenStreetMap / Overpass API",
        "license": "ODbL"
      },
      "geometry": {
        "type": "Point",
        "coordinates": [
          77.0761621,
          31.6264175
        ]
      }
    },
    {
      "type": "Feature",
      "properties": {
        "osm_type": "node",
        "osm_id": 7932079332,
        "name": "Batoli",
        "place": "hamlet",
        "population": null,
        "source": "OpenStreetMap / Overpass API",
        "license": "ODbL"
      },
      "geometry": {
        "type": "Point",
        "coordinates": [
          77.0797777,
          31.6295235
        ]
      }
    },
    {
      "type": "Feature",
      "properties": {
        "osm_type": "node",
        "osm_id": 7932079333,
        "name": "Daran",
        "place": "hamlet",
        "population": null,
        "source": "OpenStreetMap / Overpass API",
        "license": "ODbL"
      },
      "geometry": {
        "type": "Point",
        "coordinates": [
          77.0793056,
          31.6328852
        ]
      }
    },
    {
      "type": "Feature",
      "properties": {
        "osm_type": "node",
        "osm_id": 7932079334,
        "name": "Muratan",
        "place": "village",
        "population": null,
        "source": "OpenStreetMap / Overpass API",
        "license": "ODbL"
      },
      "geometry": {
        "type": "Point",
        "coordinates": [
          77.0757651,
          31.6122017
        ]
      }
    },
    {
      "type": "Feature",
      "properties": {
        "osm_type": "node",
        "osm_id": 7932079335,
        "name": "Surah",
        "place": "hamlet",
        "population": null,
        "source": "OpenStreetMap / Overpass API",
        "license": "ODbL"
      },
      "geometry": {
        "type": "Point",
        "coordinates": [
          77.0616352,
          31.6176562
        ]
      }
    },
    {
      "type": "Feature",
      "properties": {
        "osm_type": "node",
        "osm_id": 7932079336,
        "name": "Ghana",
        "place": "hamlet",
        "population": null,
        "source": "OpenStreetMap / Overpass API",
        "license": "ODbL"
      },
      "geometry": {
        "type": "Point",
        "coordinates": [
          77.0707869,
          31.6158015
        ]
      }
    },
    {
      "type": "Feature",
      "properties": {
        "osm_type": "node",
        "osm_id": 7932079337,
        "name": "Latharli",
        "place": "hamlet",
        "population": null,
        "source": "OpenStreetMap / Overpass API",
        "license": "ODbL"
      },
      "geometry": {
        "type": "Point",
        "coordinates": [
          77.0736945,
          31.6211553
        ]
      }
    },
    {
      "type": "Feature",
      "properties": {
        "osm_type": "node",
        "osm_id": 7932079338,
        "name": "Ropa",
        "place": "village",
        "population": null,
        "source": "OpenStreetMap / Overpass API",
        "license": "ODbL"
      },
      "geometry": {
        "type": "Point",
        "coordinates": [
          77.0704007,
          31.6259242
        ]
      }
    },
    {
      "type": "Feature",
      "properties": {
        "osm_type": "node",
        "osm_id": 7932119985,
        "name": "Bhara",
        "place": "hamlet",
        "population": null,
        "source": "OpenStreetMap / Overpass API",
        "license": "ODbL"
      },
      "geometry": {
        "type": "Point",
        "coordinates": [
          77.1441078,
          31.606692
        ]
      }
    },
    {
      "type": "Feature",
      "properties": {
        "osm_type": "node",
        "osm_id": 7932119991,
        "name": "Kamiari",
        "place": "hamlet",
        "population": null,
        "source": "OpenStreetMap / Overpass API",
        "license": "ODbL"
      },
      "geometry": {
        "type": "Point",
        "coordinates": [
          77.1461463,
          31.6222882
        ]
      }
    },
    {
      "type": "Feature",
      "properties": {
        "osm_type": "node",
        "osm_id": 7932119992,
        "name": "Juras",
        "place": "hamlet",
        "population": null,
        "source": "OpenStreetMap / Overpass API",
        "license": "ODbL"
      },
      "geometry": {
        "type": "Point",
        "coordinates": [
          77.1480453,
          31.6170623
        ]
      }
    },
    {
      "type": "Feature",
      "properties": {
        "osm_type": "node",
        "osm_id": 7935301227,
        "name": null,
        "place": "hamlet",
        "population": null,
        "source": "OpenStreetMap / Overpass API",
        "license": "ODbL"
      },
      "geometry": {
        "type": "Point",
        "coordinates": [
          77.1368551,
          31.6300944
        ]
      }
    },
    {
      "type": "Feature",
      "properties": {
        "osm_type": "node",
        "osm_id": 7948202718,
        "name": null,
        "place": "hamlet",
        "population": null,
        "source": "OpenStreetMap / Overpass API",
        "license": "ODbL"
      },
      "geometry": {
        "type": "Point",
        "coordinates": [
          77.0028305,
          31.7526748
        ]
      }
    },
    {
      "type": "Feature",
      "properties": {
        "osm_type": "node",
        "osm_id": 7948202720,
        "name": "Aran",
        "place": "hamlet",
        "population": null,
        "source": "OpenStreetMap / Overpass API",
        "license": "ODbL"
      },
      "geometry": {
        "type": "Point",
        "coordinates": [
          76.995686,
          31.7548564
        ]
      }
    },
    {
      "type": "Feature",
      "properties": {
        "osm_type": "node",
        "osm_id": 7948202721,
        "name": "Neri",
        "place": "hamlet",
        "population": null,
        "source": "OpenStreetMap / Overpass API",
        "license": "ODbL"
      },
      "geometry": {
        "type": "Point",
        "coordinates": [
          76.995491,
          31.7580264
        ]
      }
    },
    {
      "type": "Feature",
      "properties": {
        "osm_type": "node",
        "osm_id": 7948202722,
        "name": "Kahra",
        "place": "hamlet",
        "population": "339",
        "source": "OpenStreetMap / Overpass API",
        "license": "ODbL"
      },
      "geometry": {
        "type": "Point",
        "coordinates": [
          76.9887113,
          31.7646252
        ]
      }
    },
    {
      "type": "Feature",
      "properties": {
        "osm_type": "node",
        "osm_id": 7948202724,
        "name": "Gharpa",
        "place": "hamlet",
        "population": null,
        "source": "OpenStreetMap / Overpass API",
        "license": "ODbL"
      },
      "geometry": {
        "type": "Point",
        "coordinates": [
          76.9850421,
          31.7773858
        ]
      }
    },
    {
      "type": "Feature",
      "properties": {
        "osm_type": "node",
        "osm_id": 7948202725,
        "name": "Salgi",
        "place": "hamlet",
        "population": null,
        "source": "OpenStreetMap / Overpass API",
        "license": "ODbL"
      },
      "geometry": {
        "type": "Point",
        "coordinates": [
          76.995149,
          31.7851027
        ]
      }
    },
    {
      "type": "Feature",
      "properties": {
        "osm_type": "node",
        "osm_id": 7948202726,
        "name": "Kasel",
        "place": "hamlet",
        "population": null,
        "source": "OpenStreetMap / Overpass API",
        "license": "ODbL"
      },
      "geometry": {
        "type": "Point",
        "coordinates": [
          76.9873406,
          31.7848155
        ]
      }
    },
    {
      "type": "Feature",
      "properties": {
        "osm_type": "node",
        "osm_id": 7948202727,
        "name": "Barnala",
        "place": "hamlet",
        "population": null,
        "source": "OpenStreetMap / Overpass API",
        "license": "ODbL"
      },
      "geometry": {
        "type": "Point",
        "coordinates": [
          76.9828856,
          31.7805962
        ]
      }
    },
    {
      "type": "Feature",
      "properties": {
        "osm_type": "node",
        "osm_id": 7948202728,
        "name": "Dawardu",
        "place": "hamlet",
        "population": null,
        "source": "OpenStreetMap / Overpass API",
        "license": "ODbL"
      },
      "geometry": {
        "type": "Point",
        "coordinates": [
          76.9929127,
          31.7904308
        ]
      }
    },
    {
      "type": "Feature",
      "properties": {
        "osm_type": "node",
        "osm_id": 7948202730,
        "name": "Tekri",
        "place": "hamlet",
        "population": null,
        "source": "OpenStreetMap / Overpass API",
        "license": "ODbL"
      },
      "geometry": {
        "type": "Point",
        "coordinates": [
          76.9826174,
          31.7962179
        ]
      }
    },
    {
      "type": "Feature",
      "properties": {
        "osm_type": "node",
        "osm_id": 7948853111,
        "name": "Arthi",
        "place": "hamlet",
        "population": null,
        "source": "OpenStreetMap / Overpass API",
        "license": "ODbL"
      },
      "geometry": {
        "type": "Point",
        "coordinates": [
          76.8539142,
          31.7895428
        ]
      }
    },
    {
      "type": "Feature",
      "properties": {
        "osm_type": "node",
        "osm_id": 7948853112,
        "name": "Duhan",
        "place": "hamlet",
        "population": null,
        "source": "OpenStreetMap / Overpass API",
        "license": "ODbL"
      },
      "geometry": {
        "type": "Point",
        "coordinates": [
          76.8772816,
          31.7936829
        ]
      }
    },
    {
      "type": "Feature",
      "properties": {
        "osm_type": "node",
        "osm_id": 7948853126,
        "name": "Alag",
        "place": "hamlet",
        "population": null,
        "source": "OpenStreetMap / Overpass API",
        "license": "ODbL"
      },
      "geometry": {
        "type": "Point",
        "coordinates": [
          76.8605876,
          31.7950325
        ]
      }
    },
    {
      "type": "Feature",
      "properties": {
        "osm_type": "node",
        "osm_id": 7948853143,
        "name": "Khalano",
        "place": "hamlet",
        "population": null,
        "source": "OpenStreetMap / Overpass API",
        "license": "ODbL"
      },
      "geometry": {
        "type": "Point",
        "coordinates": [
          76.8511676,
          31.7966557
        ]
      }
    },
    {
      "type": "Feature",
      "properties": {
        "osm_type": "node",
        "osm_id": 7952089428,
        "name": "Bhargaon",
        "place": "hamlet",
        "population": null,
        "source": "OpenStreetMap / Overpass API",
        "license": "ODbL"
      },
      "geometry": {
        "type": "Point",
        "coordinates": [
          76.8668103,
          31.7847094
        ]
      }
    },
    {
      "type": "Feature",
      "properties": {
        "osm_type": "node",
        "osm_id": 7952089429,
        "name": "Chanasa",
        "place": "village",
        "population": null,
        "source": "OpenStreetMap / Overpass API",
        "license": "ODbL"
      },
      "geometry": {
        "type": "Point",
        "coordinates": [
          76.8750715,
          31.7836515
        ]
      }
    },
    {
      "type": "Feature",
      "properties": {
        "osm_type": "node",
        "osm_id": 7952089430,
        "name": null,
        "place": "hamlet",
        "population": null,
        "source": "OpenStreetMap / Overpass API",
        "license": "ODbL"
      },
      "geometry": {
        "type": "Point",
        "coordinates": [
          76.8933856,
          31.7942209
        ]
      }
    },
    {
      "type": "Feature",
      "properties": {
        "osm_type": "node",
        "osm_id": 7952089431,
        "name": "Katwarh",
        "place": "hamlet",
        "population": null,
        "source": "OpenStreetMap / Overpass API",
        "license": "ODbL"
      },
      "geometry": {
        "type": "Point",
        "coordinates": [
          76.8925595,
          31.7880289
        ]
      }
    },
    {
      "type": "Feature",
      "properties": {
        "osm_type": "node",
        "osm_id": 7952089432,
        "name": "Sadoh",
        "place": "hamlet",
        "population": null,
        "source": "OpenStreetMap / Overpass API",
        "license": "ODbL"
      },
      "geometry": {
        "type": "Point",
        "coordinates": [
          76.8924522,
          31.7850559
        ]
      }
    },
    {
      "type": "Feature",
      "properties": {
        "osm_type": "node",
        "osm_id": 7952089434,
        "name": "Sokini Devi",
        "place": "hamlet",
        "population": null,
        "source": "OpenStreetMap / Overpass API",
        "license": "ODbL"
      },
      "geometry": {
        "type": "Point",
        "coordinates": [
          76.8686235,
          31.7912025
        ]
      }
    },
    {
      "type": "Feature",
      "properties": {
        "osm_type": "node",
        "osm_id": 7952089435,
        "name": "Kasan",
        "place": "hamlet",
        "population": null,
        "source": "OpenStreetMap / Overpass API",
        "license": "ODbL"
      },
      "geometry": {
        "type": "Point",
        "coordinates": [
          76.8893623,
          31.7611041
        ]
      }
    },
    {
      "type": "Feature",
      "properties": {
        "osm_type": "node",
        "osm_id": 7952089436,
        "name": "GHARWAN",
        "place": "hamlet",
        "population": null,
        "source": "OpenStreetMap / Overpass API",
        "license": "ODbL"
      },
      "geometry": {
        "type": "Point",
        "coordinates": [
          76.8721747,
          31.7610859
        ]
      }
    },
    {
      "type": "Feature",
      "properties": {
        "osm_type": "node",
        "osm_id": 7952089438,
        "name": "Balahar",
        "place": "village",
        "population": null,
        "source": "OpenStreetMap / Overpass API",
        "license": "ODbL"
      },
      "geometry": {
        "type": "Point",
        "coordinates": [
          76.8683767,
          31.7499014
        ]
      }
    },
    {
      "type": "Feature",
      "properties": {
        "osm_type": "node",
        "osm_id": 7952089439,
        "name": "Dhaniara",
        "place": "hamlet",
        "population": null,
        "source": "OpenStreetMap / Overpass API",
        "license": "ODbL"
      },
      "geometry": {
        "type": "Point",
        "coordinates": [
          76.8620038,
          31.7545724
        ]
      }
    },
    {
      "type": "Feature",
      "properties": {
        "osm_type": "node",
        "osm_id": 7952089440,
        "name": "Kusmul",
        "place": "hamlet",
        "population": null,
        "source": "OpenStreetMap / Overpass API",
        "license": "ODbL"
      },
      "geometry": {
        "type": "Point",
        "coordinates": [
          76.8624329,
          31.759973
        ]
      }
    },
    {
      "type": "Feature",
      "properties": {
        "osm_type": "node",
        "osm_id": 7952089441,
        "name": "Bari",
        "place": "hamlet",
        "population": null,
        "source": "OpenStreetMap / Overpass API",
        "license": "ODbL"
      },
      "geometry": {
        "type": "Point",
        "coordinates": [
          76.8617463,
          31.7675624
        ]
      }
    },
    {
      "type": "Feature",
      "properties": {
        "osm_type": "node",
        "osm_id": 7952089442,
        "name": "Arnodi",
        "place": "hamlet",
        "population": null,
        "source": "OpenStreetMap / Overpass API",
        "license": "ODbL"
      },
      "geometry": {
        "type": "Point",
        "coordinates": [
          76.8670034,
          31.7678726
        ]
      }
    },
    {
      "type": "Feature",
      "properties": {
        "osm_type": "node",
        "osm_id": 7952089443,
        "name": "Sarwar Bunhli",
        "place": "hamlet",
        "population": null,
        "source": "OpenStreetMap / Overpass API",
        "license": "ODbL"
      },
      "geometry": {
        "type": "Point",
        "coordinates": [
          76.8587422,
          31.7718312
        ]
      }
    },
    {
      "type": "Feature",
      "properties": {
        "osm_type": "node",
        "osm_id": 7952089444,
        "name": "Sikan",
        "place": "hamlet",
        "population": null,
        "source": "OpenStreetMap / Overpass API",
        "license": "ODbL"
      },
      "geometry": {
        "type": "Point",
        "coordinates": [
          76.8573046,
          31.781262
        ]
      }
    },
    {
      "type": "Feature",
      "properties": {
        "osm_type": "node",
        "osm_id": 7952271108,
        "name": "Barogla",
        "place": "hamlet",
        "population": null,
        "source": "OpenStreetMap / Overpass API",
        "license": "ODbL"
      },
      "geometry": {
        "type": "Point",
        "coordinates": [
          76.9612455,
          31.7797845
        ]
      }
    },
    {
      "type": "Feature",
      "properties": {
        "osm_type": "node",
        "osm_id": 7952271109,
        "name": "Barnu Tarf",
        "place": "hamlet",
        "population": null,
        "source": "OpenStreetMap / Overpass API",
        "license": "ODbL"
      },
      "geometry": {
        "type": "Point",
        "coordinates": [
          76.9565034,
          31.7710103
        ]
      }
    },
    {
      "type": "Feature",
      "properties": {
        "osm_type": "node",
        "osm_id": 7952271110,
        "name": "Barnala",
        "place": "hamlet",
        "population": null,
        "source": "OpenStreetMap / Overpass API",
        "license": "ODbL"
      },
      "geometry": {
        "type": "Point",
        "coordinates": [
          76.9678116,
          31.7677631
        ]
      }
    },
    {
      "type": "Feature",
      "properties": {
        "osm_type": "node",
        "osm_id": 7952271111,
        "name": "Mitthidhar",
        "place": "hamlet",
        "population": null,
        "source": "OpenStreetMap / Overpass API",
        "license": "ODbL"
      },
      "geometry": {
        "type": "Point",
        "coordinates": [
          76.9679189,
          31.7620802
        ]
      }
    },
    {
      "type": "Feature",
      "properties": {
        "osm_type": "node",
        "osm_id": 7952271112,
        "name": "Shahdla",
        "place": "hamlet",
        "population": null,
        "source": "OpenStreetMap / Overpass API",
        "license": "ODbL"
      },
      "geometry": {
        "type": "Point",
        "coordinates": [
          76.9603872,
          31.7646618
        ]
      }
    },
    {
      "type": "Feature",
      "properties": {
        "osm_type": "node",
        "osm_id": 7952271113,
        "name": null,
        "place": "hamlet",
        "population": null,
        "source": "OpenStreetMap / Overpass API",
        "license": "ODbL"
      },
      "geometry": {
        "type": "Point",
        "coordinates": [
          76.9581449,
          31.7588509
        ]
      }
    },
    {
      "type": "Feature",
      "properties": {
        "osm_type": "node",
        "osm_id": 7952271114,
        "name": "Neol",
        "place": "hamlet",
        "population": null,
        "source": "OpenStreetMap / Overpass API",
        "license": "ODbL"
      },
      "geometry": {
        "type": "Point",
        "coordinates": [
          76.9411397,
          31.7649901
        ]
      }
    },
    {
      "type": "Feature",
      "properties": {
        "osm_type": "node",
        "osm_id": 7952271115,
        "name": "Kalwana",
        "place": "hamlet",
        "population": null,
        "source": "OpenStreetMap / Overpass API",
        "license": "ODbL"
      },
      "geometry": {
        "type": "Point",
        "coordinates": [
          76.9459033,
          31.7670334
        ]
      }
    },
    {
      "type": "Feature",
      "properties": {
        "osm_type": "node",
        "osm_id": 7952271116,
        "name": "Palaut",
        "place": "hamlet",
        "population": null,
        "source": "OpenStreetMap / Overpass API",
        "license": "ODbL"
      },
      "geometry": {
        "type": "Point",
        "coordinates": [
          76.9469762,
          31.7635489
        ]
      }
    },
    {
      "type": "Feature",
      "properties": {
        "osm_type": "node",
        "osm_id": 7952271117,
        "name": "Neola",
        "place": "hamlet",
        "population": null,
        "source": "OpenStreetMap / Overpass API",
        "license": "ODbL"
      },
      "geometry": {
        "type": "Point",
        "coordinates": [
          76.9446587,
          31.7563331
        ]
      }
    },
    {
      "type": "Feature",
      "properties": {
        "osm_type": "node",
        "osm_id": 7952271118,
        "name": "Megal",
        "place": "hamlet",
        "population": null,
        "source": "OpenStreetMap / Overpass API",
        "license": "ODbL"
      },
      "geometry": {
        "type": "Point",
        "coordinates": [
          76.9477057,
          31.758933
        ]
      }
    },
    {
      "type": "Feature",
      "properties": {
        "osm_type": "node",
        "osm_id": 7952271119,
        "name": null,
        "place": "hamlet",
        "population": null,
        "source": "OpenStreetMap / Overpass API",
        "license": "ODbL"
      },
      "geometry": {
        "type": "Point",
        "coordinates": [
          76.945163,
          31.7514615
        ]
      }
    },
    {
      "type": "Feature",
      "properties": {
        "osm_type": "node",
        "osm_id": 7952271120,
        "name": "Neri",
        "place": "hamlet",
        "population": null,
        "source": "OpenStreetMap / Overpass API",
        "license": "ODbL"
      },
      "geometry": {
        "type": "Point",
        "coordinates": [
          76.9488323,
          31.7541345
        ]
      }
    },
    {
      "type": "Feature",
      "properties": {
        "osm_type": "node",
        "osm_id": 7952271121,
        "name": "Runjh",
        "place": "hamlet",
        "population": null,
        "source": "OpenStreetMap / Overpass API",
        "license": "ODbL"
      },
      "geometry": {
        "type": "Point",
        "coordinates": [
          76.9545722,
          31.7520545
        ]
      }
    },
    {
      "type": "Feature",
      "properties": {
        "osm_type": "node",
        "osm_id": 7952271122,
        "name": "Bahla Tarf",
        "place": "hamlet",
        "population": null,
        "source": "OpenStreetMap / Overpass API",
        "license": "ODbL"
      },
      "geometry": {
        "type": "Point",
        "coordinates": [
          76.962136,
          31.7501204
        ]
      }
    },
    {
      "type": "Feature",
      "properties": {
        "osm_type": "node",
        "osm_id": 7952271123,
        "name": "Baddidhar",
        "place": "hamlet",
        "population": null,
        "source": "OpenStreetMap / Overpass API",
        "license": "ODbL"
      },
      "geometry": {
        "type": "Point",
        "coordinates": [
          76.9672,
          31.7519997
        ]
      }
    },
    {
      "type": "Feature",
      "properties": {
        "osm_type": "node",
        "osm_id": 7952271124,
        "name": "Lot",
        "place": "hamlet",
        "population": null,
        "source": "OpenStreetMap / Overpass API",
        "license": "ODbL"
      },
      "geometry": {
        "type": "Point",
        "coordinates": [
          76.9783687,
          31.753797
        ]
      }
    },
    {
      "type": "Feature",
      "properties": {
        "osm_type": "node",
        "osm_id": 7952271125,
        "name": "Labana",
        "place": "hamlet",
        "population": null,
        "source": "OpenStreetMap / Overpass API",
        "license": "ODbL"
      },
      "geometry": {
        "type": "Point",
        "coordinates": [
          76.9705689,
          31.7602102
        ]
      }
    },
    {
      "type": "Feature",
      "properties": {
        "osm_type": "node",
        "osm_id": 7952271126,
        "name": "Chando Devi",
        "place": "hamlet",
        "population": null,
        "source": "OpenStreetMap / Overpass API",
        "license": "ODbL"
      },
      "geometry": {
        "type": "Point",
        "coordinates": [
          76.9246602,
          31.75335
        ]
      }
    },
    {
      "type": "Feature",
      "properties": {
        "osm_type": "node",
        "osm_id": 7952271127,
        "name": "Gomanun",
        "place": "hamlet",
        "population": null,
        "source": "OpenStreetMap / Overpass API",
        "license": "ODbL"
      },
      "geometry": {
        "type": "Point",
        "coordinates": [
          76.9323528,
          31.7546819
        ]
      }
    },
    {
      "type": "Feature",
      "properties": {
        "osm_type": "node",
        "osm_id": 7952271128,
        "name": "Dhaniari",
        "place": "hamlet",
        "population": null,
        "source": "OpenStreetMap / Overpass API",
        "license": "ODbL"
      },
      "geometry": {
        "type": "Point",
        "coordinates": [
          76.9331145,
          31.7585864
        ]
      }
    },
    {
      "type": "Feature",
      "properties": {
        "osm_type": "node",
        "osm_id": 7952271129,
        "name": "Bhaled",
        "place": "hamlet",
        "population": null,
        "source": "OpenStreetMap / Overpass API",
        "license": "ODbL"
      },
      "geometry": {
        "type": "Point",
        "coordinates": [
          76.9238019,
          31.7603744
        ]
      }
    },
    {
      "type": "Feature",
      "properties": {
        "osm_type": "node",
        "osm_id": 7952271130,
        "name": "Kathiari",
        "place": "hamlet",
        "population": null,
        "source": "OpenStreetMap / Overpass API",
        "license": "ODbL"
      },
      "geometry": {
        "type": "Point",
        "coordinates": [
          76.915648,
          31.7617974
        ]
      }
    },
    {
      "type": "Feature",
      "properties": {
        "osm_type": "node",
        "osm_id": 7952271131,
        "name": "Kotal",
        "place": "hamlet",
        "population": null,
        "source": "OpenStreetMap / Overpass API",
        "license": "ODbL"
      },
      "geometry": {
        "type": "Point",
        "coordinates": [
          76.9072151,
          31.7664131
        ]
      }
    },
    {
      "type": "Feature",
      "properties": {
        "osm_type": "node",
        "osm_id": 7952271132,
        "name": "Badgaon",
        "place": "hamlet",
        "population": null,
        "source": "OpenStreetMap / Overpass API",
        "license": "ODbL"
      },
      "geometry": {
        "type": "Point",
        "coordinates": [
          76.9116354,
          31.7559408
        ]
      }
    },
    {
      "type": "Feature",
      "properties": {
        "osm_type": "node",
        "osm_id": 7952271133,
        "name": "Tarlu",
        "place": "hamlet",
        "population": null,
        "source": "OpenStreetMap / Overpass API",
        "license": "ODbL"
      },
      "geometry": {
        "type": "Point",
        "coordinates": [
          76.9178581,
          31.7704083
        ]
      }
    },
    {
      "type": "Feature",
      "properties": {
        "osm_type": "node",
        "osm_id": 7952271134,
        "name": "Jandrola",
        "place": "hamlet",
        "population": null,
        "source": "OpenStreetMap / Overpass API",
        "license": "ODbL"
      },
      "geometry": {
        "type": "Point",
        "coordinates": [
          76.9147467,
          31.7795109
        ]
      }
    },
    {
      "type": "Feature",
      "properties": {
        "osm_type": "node",
        "osm_id": 7952271135,
        "name": "Chamaru",
        "place": "hamlet",
        "population": null,
        "source": "OpenStreetMap / Overpass API",
        "license": "ODbL"
      },
      "geometry": {
        "type": "Point",
        "coordinates": [
          76.8960142,
          31.7711198
        ]
      }
    },
    {
      "type": "Feature",
      "properties": {
        "osm_type": "node",
        "osm_id": 7952271136,
        "name": "Khad",
        "place": "hamlet",
        "population": null,
        "source": "OpenStreetMap / Overpass API",
        "license": "ODbL"
      },
      "geometry": {
        "type": "Point",
        "coordinates": [
          76.9049191,
          31.7776686
        ]
      }
    },
    {
      "type": "Feature",
      "properties": {
        "osm_type": "node",
        "osm_id": 7952271137,
        "name": "Jalaon",
        "place": "hamlet",
        "population": null,
        "source": "OpenStreetMap / Overpass API",
        "license": "ODbL"
      },
      "geometry": {
        "type": "Point",
        "coordinates": [
          76.8930423,
          31.7776594
        ]
      }
    },
    {
      "type": "Feature",
      "properties": {
        "osm_type": "node",
        "osm_id": 7952271138,
        "name": "Kulhan",
        "place": "hamlet",
        "population": null,
        "source": "OpenStreetMap / Overpass API",
        "license": "ODbL"
      },
      "geometry": {
        "type": "Point",
        "coordinates": [
          76.8833541,
          31.7714117
        ]
      }
    },
    {
      "type": "Feature",
      "properties": {
        "osm_type": "node",
        "osm_id": 7952271139,
        "name": "Luharid",
        "place": "hamlet",
        "population": null,
        "source": "OpenStreetMap / Overpass API",
        "license": "ODbL"
      },
      "geometry": {
        "type": "Point",
        "coordinates": [
          76.8768954,
          31.775279
        ]
      }
    },
    {
      "type": "Feature",
      "properties": {
        "osm_type": "node",
        "osm_id": 7952347752,
        "name": "Bhalog",
        "place": "hamlet",
        "population": null,
        "source": "OpenStreetMap / Overpass API",
        "license": "ODbL"
      },
      "geometry": {
        "type": "Point",
        "coordinates": [
          76.943661,
          31.7999748
        ]
      }
    },
    {
      "type": "Feature",
      "properties": {
        "osm_type": "node",
        "osm_id": 7952347753,
        "name": "Bablahad",
        "place": "hamlet",
        "population": null,
        "source": "OpenStreetMap / Overpass API",
        "license": "ODbL"
      },
      "geometry": {
        "type": "Point",
        "coordinates": [
          76.9369983,
          31.7963274
        ]
      }
    },
    {
      "type": "Feature",
      "properties": {
        "osm_type": "node",
        "osm_id": 7952347754,
        "name": "Hiyun",
        "place": "hamlet",
        "population": null,
        "source": "OpenStreetMap / Overpass API",
        "license": "ODbL"
      },
      "geometry": {
        "type": "Point",
        "coordinates": [
          76.9529414,
          31.7946404
        ]
      }
    },
    {
      "type": "Feature",
      "properties": {
        "osm_type": "node",
        "osm_id": 7952347755,
        "name": null,
        "place": "hamlet",
        "population": null,
        "source": "OpenStreetMap / Overpass API",
        "license": "ODbL"
      },
      "geometry": {
        "type": "Point",
        "coordinates": [
          76.9263017,
          31.7847322
        ]
      }
    },
    {
      "type": "Feature",
      "properties": {
        "osm_type": "node",
        "osm_id": 7952347756,
        "name": "Triamli",
        "place": "hamlet",
        "population": null,
        "source": "OpenStreetMap / Overpass API",
        "license": "ODbL"
      },
      "geometry": {
        "type": "Point",
        "coordinates": [
          76.9517505,
          31.7817727
        ]
      }
    },
    {
      "type": "Feature",
      "properties": {
        "osm_type": "node",
        "osm_id": 7952347757,
        "name": "Maher",
        "place": "hamlet",
        "population": null,
        "source": "OpenStreetMap / Overpass API",
        "license": "ODbL"
      },
      "geometry": {
        "type": "Point",
        "coordinates": [
          76.9487464,
          31.7788633
        ]
      }
    },
    {
      "type": "Feature",
      "properties": {
        "osm_type": "node",
        "osm_id": 7952347758,
        "name": "Triamli",
        "place": "hamlet",
        "population": null,
        "source": "OpenStreetMap / Overpass API",
        "license": "ODbL"
      },
      "geometry": {
        "type": "Point",
        "coordinates": [
          76.9554305,
          31.7845635
        ]
      }
    },
    {
      "type": "Feature",
      "properties": {
        "osm_type": "node",
        "osm_id": 7952347759,
        "name": "Basa",
        "place": "hamlet",
        "population": null,
        "source": "OpenStreetMap / Overpass API",
        "license": "ODbL"
      },
      "geometry": {
        "type": "Point",
        "coordinates": [
          76.9627904,
          31.78491
        ]
      }
    },
    {
      "type": "Feature",
      "properties": {
        "osm_type": "node",
        "osm_id": 7952347760,
        "name": "Arn",
        "place": "hamlet",
        "population": null,
        "source": "OpenStreetMap / Overpass API",
        "license": "ODbL"
      },
      "geometry": {
        "type": "Point",
        "coordinates": [
          76.9593572,
          31.7771213
        ]
      }
    },
    {
      "type": "Feature",
      "properties": {
        "osm_type": "node",
        "osm_id": 7952347761,
        "name": "Triamal",
        "place": "hamlet",
        "population": null,
        "source": "OpenStreetMap / Overpass API",
        "license": "ODbL"
      },
      "geometry": {
        "type": "Point",
        "coordinates": [
          76.9502914,
          31.7863145
        ]
      }
    },
    {
      "type": "Feature",
      "properties": {
        "osm_type": "node",
        "osm_id": 7952347762,
        "name": "Kasla",
        "place": "hamlet",
        "population": null,
        "source": "OpenStreetMap / Overpass API",
        "license": "ODbL"
      },
      "geometry": {
        "type": "Point",
        "coordinates": [
          76.9497227,
          31.7907283
        ]
      }
    },
    {
      "type": "Feature",
      "properties": {
        "osm_type": "node",
        "osm_id": 7952347763,
        "name": "Badagraon",
        "place": "hamlet",
        "population": null,
        "source": "OpenStreetMap / Overpass API",
        "license": "ODbL"
      },
      "geometry": {
        "type": "Point",
        "coordinates": [
          76.9176757,
          31.7935917
        ]
      }
    },
    {
      "type": "Feature",
      "properties": {
        "osm_type": "node",
        "osm_id": 7952347764,
        "name": "Richhwahan",
        "place": "hamlet",
        "population": null,
        "source": "OpenStreetMap / Overpass API",
        "license": "ODbL"
      },
      "geometry": {
        "type": "Point",
        "coordinates": [
          76.914897,
          31.7902632
        ]
      }
    },
    {
      "type": "Feature",
      "properties": {
        "osm_type": "node",
        "osm_id": 7952347765,
        "name": "Biyola",
        "place": "hamlet",
        "population": null,
        "source": "OpenStreetMap / Overpass API",
        "license": "ODbL"
      },
      "geometry": {
        "type": "Point",
        "coordinates": [
          76.9040608,
          31.7933546
        ]
      }
    },
    {
      "type": "Feature",
      "properties": {
        "osm_type": "node",
        "osm_id": 8984448717,
        "name": "Bari",
        "place": "hamlet",
        "population": null,
        "source": "OpenStreetMap / Overpass API",
        "license": "ODbL"
      },
      "geometry": {
        "type": "Point",
        "coordinates": [
          76.9329214,
          31.7315983
        ]
      }
    },
    {
      "type": "Feature",
      "properties": {
        "osm_type": "node",
        "osm_id": 8984448718,
        "name": "Dhiun",
        "place": "hamlet",
        "population": null,
        "source": "OpenStreetMap / Overpass API",
        "license": "ODbL"
      },
      "geometry": {
        "type": "Point",
        "coordinates": [
          76.9208622,
          31.7299923
        ]
      }
    },
    {
      "type": "Feature",
      "properties": {
        "osm_type": "node",
        "osm_id": 8984448719,
        "name": "Arthi",
        "place": "hamlet",
        "population": null,
        "source": "OpenStreetMap / Overpass API",
        "license": "ODbL"
      },
      "geometry": {
        "type": "Point",
        "coordinates": [
          76.9330501,
          31.7435331
        ]
      }
    },
    {
      "type": "Feature",
      "properties": {
        "osm_type": "node",
        "osm_id": 8984448720,
        "name": "Kathiana",
        "place": "hamlet",
        "population": null,
        "source": "OpenStreetMap / Overpass API",
        "license": "ODbL"
      },
      "geometry": {
        "type": "Point",
        "coordinates": [
          76.918416,
          31.7410149
        ]
      }
    },
    {
      "type": "Feature",
      "properties": {
        "osm_type": "node",
        "osm_id": 8984448721,
        "name": "Sai",
        "place": "hamlet",
        "population": null,
        "source": "OpenStreetMap / Overpass API",
        "license": "ODbL"
      },
      "geometry": {
        "type": "Point",
        "coordinates": [
          76.9000268,
          31.7447375
        ]
      }
    },
    {
      "type": "Feature",
      "properties": {
        "osm_type": "node",
        "osm_id": 8984448722,
        "name": "Nalsan",
        "place": "hamlet",
        "population": null,
        "source": "OpenStreetMap / Overpass API",
        "license": "ODbL"
      },
      "geometry": {
        "type": "Point",
        "coordinates": [
          76.8911433,
          31.746106
        ]
      }
    },
    {
      "type": "Feature",
      "properties": {
        "osm_type": "node",
        "osm_id": 8984448723,
        "name": "Ropru",
        "place": "hamlet",
        "population": null,
        "source": "OpenStreetMap / Overpass API",
        "license": "ODbL"
      },
      "geometry": {
        "type": "Point",
        "coordinates": [
          76.8564677,
          31.71895
        ]
      }
    },
    {
      "type": "Feature",
      "properties": {
        "osm_type": "node",
        "osm_id": 8984448724,
        "name": "Lehurwan",
        "place": "hamlet",
        "population": null,
        "source": "OpenStreetMap / Overpass API",
        "license": "ODbL"
      },
      "geometry": {
        "type": "Point",
        "coordinates": [
          76.9188881,
          31.7235861
        ]
      }
    },
    {
      "type": "Feature",
      "properties": {
        "osm_type": "node",
        "osm_id": 8984448725,
        "name": "Jarg",
        "place": "hamlet",
        "population": null,
        "source": "OpenStreetMap / Overpass API",
        "license": "ODbL"
      },
      "geometry": {
        "type": "Point",
        "coordinates": [
          76.9138884,
          31.7170335
        ]
      }
    },
    {
      "type": "Feature",
      "properties": {
        "osm_type": "node",
        "osm_id": 8984448726,
        "name": "Sathoi",
        "place": "hamlet",
        "population": null,
        "source": "OpenStreetMap / Overpass API",
        "license": "ODbL"
      },
      "geometry": {
        "type": "Point",
        "coordinates": [
          76.9060134,
          31.7212681
        ]
      }
    },
    {
      "type": "Feature",
      "properties": {
        "osm_type": "node",
        "osm_id": 8984448727,
        "name": "Sarwahan",
        "place": "hamlet",
        "population": null,
        "source": "OpenStreetMap / Overpass API",
        "license": "ODbL"
      },
      "geometry": {
        "type": "Point",
        "coordinates": [
          76.8864011,
          31.7137114
        ]
      }
    },
    {
      "type": "Feature",
      "properties": {
        "osm_type": "node",
        "osm_id": 8984448728,
        "name": "Sahli",
        "place": "hamlet",
        "population": null,
        "source": "OpenStreetMap / Overpass API",
        "license": "ODbL"
      },
      "geometry": {
        "type": "Point",
        "coordinates": [
          76.8954992,
          31.7180191
        ]
      }
    },
    {
      "type": "Feature",
      "properties": {
        "osm_type": "node",
        "osm_id": 8984448729,
        "name": "Batahar",
        "place": "hamlet",
        "population": null,
        "source": "OpenStreetMap / Overpass API",
        "license": "ODbL"
      },
      "geometry": {
        "type": "Point",
        "coordinates": [
          76.8752646,
          31.7163033
        ]
      }
    },
    {
      "type": "Feature",
      "properties": {
        "osm_type": "node",
        "osm_id": 8984448730,
        "name": "Baggi",
        "place": "village",
        "population": null,
        "source": "OpenStreetMap / Overpass API",
        "license": "ODbL"
      },
      "geometry": {
        "type": "Point",
        "coordinates": [
          76.8785906,
          31.7255207
        ]
      }
    },
    {
      "type": "Feature",
      "properties": {
        "osm_type": "node",
        "osm_id": 8984448731,
        "name": "Chanot",
        "place": "hamlet",
        "population": null,
        "source": "OpenStreetMap / Overpass API",
        "license": "ODbL"
      },
      "geometry": {
        "type": "Point",
        "coordinates": [
          76.8894589,
          31.7283953
        ]
      }
    },
    {
      "type": "Feature",
      "properties": {
        "osm_type": "node",
        "osm_id": 8984448732,
        "name": "Jhalog",
        "place": "hamlet",
        "population": null,
        "source": "OpenStreetMap / Overpass API",
        "license": "ODbL"
      },
      "geometry": {
        "type": "Point",
        "coordinates": [
          76.898911,
          31.7363067
        ]
      }
    },
    {
      "type": "Feature",
      "properties": {
        "osm_type": "node",
        "osm_id": 8984448733,
        "name": "Batwar",
        "place": "hamlet",
        "population": null,
        "source": "OpenStreetMap / Overpass API",
        "license": "ODbL"
      },
      "geometry": {
        "type": "Point",
        "coordinates": [
          76.8863582,
          31.7367629
        ]
      }
    },
    {
      "type": "Feature",
      "properties": {
        "osm_type": "node",
        "osm_id": 8984448734,
        "name": "Sukhsal",
        "place": "hamlet",
        "population": null,
        "source": "OpenStreetMap / Overpass API",
        "license": "ODbL"
      },
      "geometry": {
        "type": "Point",
        "coordinates": [
          76.8676901,
          31.7378396
        ]
      }
    },
    {
      "type": "Feature",
      "properties": {
        "osm_type": "node",
        "osm_id": 8984448735,
        "name": "Gandaul",
        "place": "hamlet",
        "population": null,
        "source": "OpenStreetMap / Overpass API",
        "license": "ODbL"
      },
      "geometry": {
        "type": "Point",
        "coordinates": [
          76.8836975,
          31.7432412
        ]
      }
    },
    {
      "type": "Feature",
      "properties": {
        "osm_type": "node",
        "osm_id": 8984448736,
        "name": "Samrahan",
        "place": "hamlet",
        "population": null,
        "source": "OpenStreetMap / Overpass API",
        "license": "ODbL"
      },
      "geometry": {
        "type": "Point",
        "coordinates": [
          76.8613386,
          31.7380221
        ]
      }
    },
    {
      "type": "Feature",
      "properties": {
        "osm_type": "node",
        "osm_id": 8984448737,
        "name": "Marwan",
        "place": "hamlet",
        "population": null,
        "source": "OpenStreetMap / Overpass API",
        "license": "ODbL"
      },
      "geometry": {
        "type": "Point",
        "coordinates": [
          76.8627977,
          31.7462338
        ]
      }
    },
    {
      "type": "Feature",
      "properties": {
        "osm_type": "node",
        "osm_id": 8984486759,
        "name": "Furaj",
        "place": "village",
        "population": null,
        "source": "OpenStreetMap / Overpass API",
        "license": "ODbL"
      },
      "geometry": {
        "type": "Point",
        "coordinates": [
          76.9573402,
          31.6545504
        ]
      }
    },
    {
      "type": "Feature",
      "properties": {
        "osm_type": "node",
        "osm_id": 8984486760,
        "name": "Tikar",
        "place": "village",
        "population": null,
        "source": "OpenStreetMap / Overpass API",
        "license": "ODbL"
      },
      "geometry": {
        "type": "Point",
        "coordinates": [
          76.9668674,
          31.6562308
        ]
      }
    },
    {
      "type": "Feature",
      "properties": {
        "osm_type": "node",
        "osm_id": 8984486761,
        "name": "Nirghwar",
        "place": "hamlet",
        "population": null,
        "source": "OpenStreetMap / Overpass API",
        "license": "ODbL"
      },
      "geometry": {
        "type": "Point",
        "coordinates": [
          76.9685197,
          31.651427
        ]
      }
    },
    {
      "type": "Feature",
      "properties": {
        "osm_type": "node",
        "osm_id": 8984486762,
        "name": "Mulwana",
        "place": "hamlet",
        "population": null,
        "source": "OpenStreetMap / Overpass API",
        "license": "ODbL"
      },
      "geometry": {
        "type": "Point",
        "coordinates": [
          76.9712448,
          31.6475728
        ]
      }
    },
    {
      "type": "Feature",
      "properties": {
        "osm_type": "node",
        "osm_id": 8984486763,
        "name": "Rathoha",
        "place": "village",
        "population": null,
        "source": "OpenStreetMap / Overpass API",
        "license": "ODbL"
      },
      "geometry": {
        "type": "Point",
        "coordinates": [
          76.9567394,
          31.6457461
        ]
      }
    },
    {
      "type": "Feature",
      "properties": {
        "osm_type": "node",
        "osm_id": 8984486764,
        "name": "Badhial",
        "place": "village",
        "population": null,
        "source": "OpenStreetMap / Overpass API",
        "license": "ODbL"
      },
      "geometry": {
        "type": "Point",
        "coordinates": [
          76.9585204,
          31.6494177
        ]
      }
    },
    {
      "type": "Feature",
      "properties": {
        "osm_type": "node",
        "osm_id": 8984486765,
        "name": "Gutkar",
        "place": "village",
        "population": null,
        "source": "OpenStreetMap / Overpass API",
        "license": "ODbL"
      },
      "geometry": {
        "type": "Point",
        "coordinates": [
          76.9456458,
          31.659555
        ]
      }
    },
    {
      "type": "Feature",
      "properties": {
        "osm_type": "node",
        "osm_id": 8984486766,
        "name": "Mashran",
        "place": "hamlet",
        "population": null,
        "source": "OpenStreetMap / Overpass API",
        "license": "ODbL"
      },
      "geometry": {
        "type": "Point",
        "coordinates": [
          76.9943761,
          31.675261
        ]
      }
    },
    {
      "type": "Feature",
      "properties": {
        "osm_type": "node",
        "osm_id": 8984486767,
        "name": "Kotla",
        "place": "hamlet",
        "population": null,
        "source": "OpenStreetMap / Overpass API",
        "license": "ODbL"
      },
      "geometry": {
        "type": "Point",
        "coordinates": [
          76.9735193,
          31.6765758
        ]
      }
    },
    {
      "type": "Feature",
      "properties": {
        "osm_type": "node",
        "osm_id": 8984486768,
        "name": "Nehalag",
        "place": "hamlet",
        "population": null,
        "source": "OpenStreetMap / Overpass API",
        "license": "ODbL"
      },
      "geometry": {
        "type": "Point",
        "coordinates": [
          76.9688415,
          31.6722661
        ]
      }
    },
    {
      "type": "Feature",
      "properties": {
        "osm_type": "node",
        "osm_id": 8984486769,
        "name": "Chhatrot",
        "place": "hamlet",
        "population": null,
        "source": "OpenStreetMap / Overpass API",
        "license": "ODbL"
      },
      "geometry": {
        "type": "Point",
        "coordinates": [
          76.9838619,
          31.6805201
        ]
      }
    },
    {
      "type": "Feature",
      "properties": {
        "osm_type": "node",
        "osm_id": 8984486770,
        "name": "Giula",
        "place": "hamlet",
        "population": null,
        "source": "OpenStreetMap / Overpass API",
        "license": "ODbL"
      },
      "geometry": {
        "type": "Point",
        "coordinates": [
          76.9887971,
          31.6834052
        ]
      }
    },
    {
      "type": "Feature",
      "properties": {
        "osm_type": "node",
        "osm_id": 8984486771,
        "name": "Padhar",
        "place": "hamlet",
        "population": null,
        "source": "OpenStreetMap / Overpass API",
        "license": "ODbL"
      },
      "geometry": {
        "type": "Point",
        "coordinates": [
          76.994226,
          31.6896863
        ]
      }
    },
    {
      "type": "Feature",
      "properties": {
        "osm_type": "node",
        "osm_id": 8984486772,
        "name": "Dhauk",
        "place": "hamlet",
        "population": null,
        "source": "OpenStreetMap / Overpass API",
        "license": "ODbL"
      },
      "geometry": {
        "type": "Point",
        "coordinates": [
          76.9760942,
          31.6881891
        ]
      }
    },
    {
      "type": "Feature",
      "properties": {
        "osm_type": "node",
        "osm_id": 8984486774,
        "name": "Bharaun",
        "place": "hamlet",
        "population": null,
        "source": "OpenStreetMap / Overpass API",
        "license": "ODbL"
      },
      "geometry": {
        "type": "Point",
        "coordinates": [
          76.9551086,
          31.686345
        ]
      }
    },
    {
      "type": "Feature",
      "properties": {
        "osm_type": "node",
        "osm_id": 8984486775,
        "name": "Orh",
        "place": "hamlet",
        "population": null,
        "source": "OpenStreetMap / Overpass API",
        "license": "ODbL"
      },
      "geometry": {
        "type": "Point",
        "coordinates": [
          76.9565141,
          31.6910009
        ]
      }
    },
    {
      "type": "Feature",
      "properties": {
        "osm_type": "node",
        "osm_id": 8984486776,
        "name": "Katehr",
        "place": "hamlet",
        "population": null,
        "source": "OpenStreetMap / Overpass API",
        "license": "ODbL"
      },
      "geometry": {
        "type": "Point",
        "coordinates": [
          76.9684553,
          31.6804471
        ]
      }
    },
    {
      "type": "Feature",
      "properties": {
        "osm_type": "node",
        "osm_id": 8984486777,
        "name": "Bhoal",
        "place": "hamlet",
        "population": null,
        "source": "OpenStreetMap / Overpass API",
        "license": "ODbL"
      },
      "geometry": {
        "type": "Point",
        "coordinates": [
          76.9469762,
          31.6771237
        ]
      }
    },
    {
      "type": "Feature",
      "properties": {
        "osm_type": "node",
        "osm_id": 8984486778,
        "name": "Bolna",
        "place": "hamlet",
        "population": null,
        "source": "OpenStreetMap / Overpass API",
        "license": "ODbL"
      },
      "geometry": {
        "type": "Point",
        "coordinates": [
          76.939863,
          31.6846834
        ]
      }
    },
    {
      "type": "Feature",
      "properties": {
        "osm_type": "node",
        "osm_id": 8984486780,
        "name": "Panjhet",
        "place": "hamlet",
        "population": null,
        "source": "OpenStreetMap / Overpass API",
        "license": "ODbL"
      },
      "geometry": {
        "type": "Point",
        "coordinates": [
          76.9204687,
          31.6887547
        ]
      }
    },
    {
      "type": "Feature",
      "properties": {
        "osm_type": "node",
        "osm_id": 8984486781,
        "name": "Tirshwala",
        "place": "hamlet",
        "population": null,
        "source": "OpenStreetMap / Overpass API",
        "license": "ODbL"
      },
      "geometry": {
        "type": "Point",
        "coordinates": [
          76.911335,
          31.693484
        ]
      }
    },
    {
      "type": "Feature",
      "properties": {
        "osm_type": "node",
        "osm_id": 8984486783,
        "name": "Kathlag",
        "place": "hamlet",
        "population": null,
        "source": "OpenStreetMap / Overpass API",
        "license": "ODbL"
      },
      "geometry": {
        "type": "Point",
        "coordinates": [
          76.9229221,
          31.6535641
        ]
      }
    },
    {
      "type": "Feature",
      "properties": {
        "osm_type": "node",
        "osm_id": 8984486784,
        "name": "Bair",
        "place": "hamlet",
        "population": null,
        "source": "OpenStreetMap / Overpass API",
        "license": "ODbL"
      },
      "geometry": {
        "type": "Point",
        "coordinates": [
          76.9312477,
          31.6563039
        ]
      }
    },
    {
      "type": "Feature",
      "properties": {
        "osm_type": "node",
        "osm_id": 8984486785,
        "name": "Darta",
        "place": "hamlet",
        "population": null,
        "source": "OpenStreetMap / Overpass API",
        "license": "ODbL"
      },
      "geometry": {
        "type": "Point",
        "coordinates": [
          76.9345092,
          31.6622216
        ]
      }
    },
    {
      "type": "Feature",
      "properties": {
        "osm_type": "node",
        "osm_id": 8984486786,
        "name": "Chhanwar",
        "place": "hamlet",
        "population": null,
        "source": "OpenStreetMap / Overpass API",
        "license": "ODbL"
      },
      "geometry": {
        "type": "Point",
        "coordinates": [
          76.9340801,
          31.6679928
        ]
      }
    },
    {
      "type": "Feature",
      "properties": {
        "osm_type": "node",
        "osm_id": 8984486787,
        "name": "Maniana",
        "place": "hamlet",
        "population": null,
        "source": "OpenStreetMap / Overpass API",
        "license": "ODbL"
      },
      "geometry": {
        "type": "Point",
        "coordinates": [
          76.9309043,
          31.6791689
        ]
      }
    },
    {
      "type": "Feature",
      "properties": {
        "osm_type": "node",
        "osm_id": 8984486788,
        "name": "Diar",
        "place": "hamlet",
        "population": null,
        "source": "OpenStreetMap / Overpass API",
        "license": "ODbL"
      },
      "geometry": {
        "type": "Point",
        "coordinates": [
          76.9277715,
          31.6723392
        ]
      }
    },
    {
      "type": "Feature",
      "properties": {
        "osm_type": "node",
        "osm_id": 8984486789,
        "name": "Jhal",
        "place": "hamlet",
        "population": null,
        "source": "OpenStreetMap / Overpass API",
        "license": "ODbL"
      },
      "geometry": {
        "type": "Point",
        "coordinates": [
          76.9172144,
          31.6711339
        ]
      }
    },
    {
      "type": "Feature",
      "properties": {
        "osm_type": "node",
        "osm_id": 8984486790,
        "name": "Chambi",
        "place": "hamlet",
        "population": null,
        "source": "OpenStreetMap / Overpass API",
        "license": "ODbL"
      },
      "geometry": {
        "type": "Point",
        "coordinates": [
          76.9121074,
          31.6606509
        ]
      }
    },
    {
      "type": "Feature",
      "properties": {
        "osm_type": "node",
        "osm_id": 8984486791,
        "name": "Randhara",
        "place": "hamlet",
        "population": null,
        "source": "OpenStreetMap / Overpass API",
        "license": "ODbL"
      },
      "geometry": {
        "type": "Point",
        "coordinates": [
          76.8931603,
          31.6572719
        ]
      }
    },
    {
      "type": "Feature",
      "properties": {
        "osm_type": "node",
        "osm_id": 8984486792,
        "name": "Jola",
        "place": "hamlet",
        "population": null,
        "source": "OpenStreetMap / Overpass API",
        "license": "ODbL"
      },
      "geometry": {
        "type": "Point",
        "coordinates": [
          76.9081592,
          31.6652533
        ]
      }
    },
    {
      "type": "Feature",
      "properties": {
        "osm_type": "node",
        "osm_id": 8984486793,
        "name": "Ghera",
        "place": "hamlet",
        "population": null,
        "source": "OpenStreetMap / Overpass API",
        "license": "ODbL"
      },
      "geometry": {
        "type": "Point",
        "coordinates": [
          76.9112491,
          31.676868
        ]
      }
    },
    {
      "type": "Feature",
      "properties": {
        "osm_type": "node",
        "osm_id": 8984486794,
        "name": "Garl",
        "place": "hamlet",
        "population": null,
        "source": "OpenStreetMap / Overpass API",
        "license": "ODbL"
      },
      "geometry": {
        "type": "Point",
        "coordinates": [
          76.9036531,
          31.6724488
        ]
      }
    },
    {
      "type": "Feature",
      "properties": {
        "osm_type": "node",
        "osm_id": 8984486795,
        "name": "Mamehr",
        "place": "hamlet",
        "population": null,
        "source": "OpenStreetMap / Overpass API",
        "license": "ODbL"
      },
      "geometry": {
        "type": "Point",
        "coordinates": [
          76.8934392,
          31.6684311
        ]
      }
    },
    {
      "type": "Feature",
      "properties": {
        "osm_type": "node",
        "osm_id": 8984486796,
        "name": "Thalehr",
        "place": "hamlet",
        "population": null,
        "source": "OpenStreetMap / Overpass API",
        "license": "ODbL"
      },
      "geometry": {
        "type": "Point",
        "coordinates": [
          76.8950271,
          31.677708
        ]
      }
    },
    {
      "type": "Feature",
      "properties": {
        "osm_type": "node",
        "osm_id": 8984486797,
        "name": "Marathu",
        "place": "hamlet",
        "population": null,
        "source": "OpenStreetMap / Overpass API",
        "license": "ODbL"
      },
      "geometry": {
        "type": "Point",
        "coordinates": [
          76.8961858,
          31.690088
        ]
      }
    },
    {
      "type": "Feature",
      "properties": {
        "osm_type": "node",
        "osm_id": 8984486798,
        "name": "Tarshwar",
        "place": "hamlet",
        "population": null,
        "source": "OpenStreetMap / Overpass API",
        "license": "ODbL"
      },
      "geometry": {
        "type": "Point",
        "coordinates": [
          76.8872165,
          31.6923156
        ]
      }
    },
    {
      "type": "Feature",
      "properties": {
        "osm_type": "node",
        "osm_id": 8984486799,
        "name": "Nanawan",
        "place": "hamlet",
        "population": null,
        "source": "OpenStreetMap / Overpass API",
        "license": "ODbL"
      },
      "geometry": {
        "type": "Point",
        "coordinates": [
          76.8853282,
          31.6862902
        ]
      }
    },
    {
      "type": "Feature",
      "properties": {
        "osm_type": "node",
        "osm_id": 8984486801,
        "name": "Wahni",
        "place": "hamlet",
        "population": null,
        "source": "OpenStreetMap / Overpass API",
        "license": "ODbL"
      },
      "geometry": {
        "type": "Point",
        "coordinates": [
          76.8855214,
          31.6762289
        ]
      }
    },
    {
      "type": "Feature",
      "properties": {
        "osm_type": "node",
        "osm_id": 8984486802,
        "name": "Mandlog",
        "place": "hamlet",
        "population": null,
        "source": "OpenStreetMap / Overpass API",
        "license": "ODbL"
      },
      "geometry": {
        "type": "Point",
        "coordinates": [
          76.8829679,
          31.6658925
        ]
      }
    },
    {
      "type": "Feature",
      "properties": {
        "osm_type": "node",
        "osm_id": 8984486803,
        "name": "Banait",
        "place": "hamlet",
        "population": null,
        "source": "OpenStreetMap / Overpass API",
        "license": "ODbL"
      },
      "geometry": {
        "type": "Point",
        "coordinates": [
          76.8855858,
          31.6565961
        ]
      }
    },
    {
      "type": "Feature",
      "properties": {
        "osm_type": "node",
        "osm_id": 8984486804,
        "name": "Kulhari",
        "place": "hamlet",
        "population": null,
        "source": "OpenStreetMap / Overpass API",
        "license": "ODbL"
      },
      "geometry": {
        "type": "Point",
        "coordinates": [
          76.9067645,
          31.6473353
        ]
      }
    },
    {
      "type": "Feature",
      "properties": {
        "osm_type": "node",
        "osm_id": 8984486805,
        "name": "Sain",
        "place": "hamlet",
        "population": null,
        "source": "OpenStreetMap / Overpass API",
        "license": "ODbL"
      },
      "geometry": {
        "type": "Point",
        "coordinates": [
          76.9091892,
          31.6501118
        ]
      }
    },
    {
      "type": "Feature",
      "properties": {
        "osm_type": "node",
        "osm_id": 8984486807,
        "name": "Bahl",
        "place": "hamlet",
        "population": null,
        "source": "OpenStreetMap / Overpass API",
        "license": "ODbL"
      },
      "geometry": {
        "type": "Point",
        "coordinates": [
          76.8963146,
          31.6474449
        ]
      }
    },
    {
      "type": "Feature",
      "properties": {
        "osm_type": "node",
        "osm_id": 8984486808,
        "name": "Gajnoha",
        "place": "hamlet",
        "population": null,
        "source": "OpenStreetMap / Overpass API",
        "license": "ODbL"
      },
      "geometry": {
        "type": "Point",
        "coordinates": [
          76.8846845,
          31.6438098
        ]
      }
    },
    {
      "type": "Feature",
      "properties": {
        "osm_type": "node",
        "osm_id": 8984486809,
        "name": "Rakhnuh",
        "place": "hamlet",
        "population": null,
        "source": "OpenStreetMap / Overpass API",
        "license": "ODbL"
      },
      "geometry": {
        "type": "Point",
        "coordinates": [
          76.993432,
          31.6515
        ]
      }
    },
    {
      "type": "Feature",
      "properties": {
        "osm_type": "node",
        "osm_id": 8984486810,
        "name": "Sari",
        "place": "hamlet",
        "population": null,
        "source": "OpenStreetMap / Overpass API",
        "license": "ODbL"
      },
      "geometry": {
        "type": "Point",
        "coordinates": [
          76.9870806,
          31.660797
        ]
      }
    },
    {
      "type": "Feature",
      "properties": {
        "osm_type": "node",
        "osm_id": 8984486812,
        "name": "Kateri",
        "place": "hamlet",
        "population": null,
        "source": "OpenStreetMap / Overpass API",
        "license": "ODbL"
      },
      "geometry": {
        "type": "Point",
        "coordinates": [
          76.9778537,
          31.6380005
        ]
      }
    },
    {
      "type": "Feature",
      "properties": {
        "osm_type": "node",
        "osm_id": 8984486813,
        "name": "Kandhitarapur",
        "place": "hamlet",
        "population": null,
        "source": "OpenStreetMap / Overpass API",
        "license": "ODbL"
      },
      "geometry": {
        "type": "Point",
        "coordinates": [
          76.9824028,
          31.633689
        ]
      }
    },
    {
      "type": "Feature",
      "properties": {
        "osm_type": "node",
        "osm_id": 8984486814,
        "name": "Chatrwal",
        "place": "hamlet",
        "population": null,
        "source": "OpenStreetMap / Overpass API",
        "license": "ODbL"
      },
      "geometry": {
        "type": "Point",
        "coordinates": [
          76.9594431,
          31.6168431
        ]
      }
    },
    {
      "type": "Feature",
      "properties": {
        "osm_type": "node",
        "osm_id": 8984486815,
        "name": "Chandial",
        "place": "hamlet",
        "population": null,
        "source": "OpenStreetMap / Overpass API",
        "license": "ODbL"
      },
      "geometry": {
        "type": "Point",
        "coordinates": [
          76.9553447,
          31.6372515
        ]
      }
    },
    {
      "type": "Feature",
      "properties": {
        "osm_type": "node",
        "osm_id": 8984486816,
        "name": "Pipli",
        "place": "hamlet",
        "population": null,
        "source": "OpenStreetMap / Overpass API",
        "license": "ODbL"
      },
      "geometry": {
        "type": "Point",
        "coordinates": [
          76.9590354,
          31.640759
        ]
      }
    },
    {
      "type": "Feature",
      "properties": {
        "osm_type": "node",
        "osm_id": 8984490517,
        "name": "Sihan",
        "place": "hamlet",
        "population": null,
        "source": "OpenStreetMap / Overpass API",
        "license": "ODbL"
      },
      "geometry": {
        "type": "Point",
        "coordinates": [
          76.9548726,
          31.6331592
        ]
      }
    },
    {
      "type": "Feature",
      "properties": {
        "osm_type": "node",
        "osm_id": 8984490518,
        "name": "Gagal",
        "place": "hamlet",
        "population": null,
        "source": "OpenStreetMap / Overpass API",
        "license": "ODbL"
      },
      "geometry": {
        "type": "Point",
        "coordinates": [
          76.9625973,
          31.6298341
        ]
      }
    },
    {
      "type": "Feature",
      "properties": {
        "osm_type": "node",
        "osm_id": 8984490519,
        "name": "Dhab",
        "place": "village",
        "population": null,
        "source": "OpenStreetMap / Overpass API",
        "license": "ODbL"
      },
      "geometry": {
        "type": "Point",
        "coordinates": [
          76.9536066,
          31.625102
        ]
      }
    },
    {
      "type": "Feature",
      "properties": {
        "osm_type": "node",
        "osm_id": 8984490520,
        "name": "Chilah",
        "place": "village",
        "population": null,
        "source": "OpenStreetMap / Overpass API",
        "license": "ODbL"
      },
      "geometry": {
        "type": "Point",
        "coordinates": [
          76.9424486,
          31.6450885
        ]
      }
    },
    {
      "type": "Feature",
      "properties": {
        "osm_type": "node",
        "osm_id": 8984490521,
        "name": "Barsu",
        "place": "village",
        "population": null,
        "source": "OpenStreetMap / Overpass API",
        "license": "ODbL"
      },
      "geometry": {
        "type": "Point",
        "coordinates": [
          76.9344663,
          31.6402293
        ]
      }
    },
    {
      "type": "Feature",
      "properties": {
        "osm_type": "node",
        "osm_id": 8984490522,
        "name": "Bagla",
        "place": "hamlet",
        "population": null,
        "source": "OpenStreetMap / Overpass API",
        "license": "ODbL"
      },
      "geometry": {
        "type": "Point",
        "coordinates": [
          76.9423842,
          31.635589
        ]
      }
    },
    {
      "type": "Feature",
      "properties": {
        "osm_type": "node",
        "osm_id": 8984490523,
        "name": "Dohnoi",
        "place": "hamlet",
        "population": null,
        "source": "OpenStreetMap / Overpass API",
        "license": "ODbL"
      },
      "geometry": {
        "type": "Point",
        "coordinates": [
          76.9434356,
          31.630912
        ]
      }
    },
    {
      "type": "Feature",
      "properties": {
        "osm_type": "node",
        "osm_id": 8984490524,
        "name": "Gati",
        "place": "village",
        "population": null,
        "source": "OpenStreetMap / Overpass API",
        "license": "ODbL"
      },
      "geometry": {
        "type": "Point",
        "coordinates": [
          76.9361829,
          31.6248827
        ]
      }
    },
    {
      "type": "Feature",
      "properties": {
        "osm_type": "node",
        "osm_id": 8984490526,
        "name": "Arthi",
        "place": "hamlet",
        "population": null,
        "source": "OpenStreetMap / Overpass API",
        "license": "ODbL"
      },
      "geometry": {
        "type": "Point",
        "coordinates": [
          76.9235658,
          31.6245356
        ]
      }
    },
    {
      "type": "Feature",
      "properties": {
        "osm_type": "node",
        "osm_id": 8984490527,
        "name": "Mandal",
        "place": "hamlet",
        "population": null,
        "source": "OpenStreetMap / Overpass API",
        "license": "ODbL"
      },
      "geometry": {
        "type": "Point",
        "coordinates": [
          76.9205189,
          31.6282994
        ]
      }
    },
    {
      "type": "Feature",
      "properties": {
        "osm_type": "node",
        "osm_id": 8984490529,
        "name": "Gehra",
        "place": "hamlet",
        "population": null,
        "source": "OpenStreetMap / Overpass API",
        "license": "ODbL"
      },
      "geometry": {
        "type": "Point",
        "coordinates": [
          76.9126653,
          31.6372332
        ]
      }
    },
    {
      "type": "Feature",
      "properties": {
        "osm_type": "node",
        "osm_id": 8984490530,
        "name": "Sehl",
        "place": "hamlet",
        "population": null,
        "source": "OpenStreetMap / Overpass API",
        "license": "ODbL"
      },
      "geometry": {
        "type": "Point",
        "coordinates": [
          76.9033956,
          31.6303091
        ]
      }
    },
    {
      "type": "Feature",
      "properties": {
        "osm_type": "node",
        "osm_id": 8984490531,
        "name": "Dharahn",
        "place": "hamlet",
        "population": null,
        "source": "OpenStreetMap / Overpass API",
        "license": "ODbL"
      },
      "geometry": {
        "type": "Point",
        "coordinates": [
          76.9013357,
          31.634365
        ]
      }
    },
    {
      "type": "Feature",
      "properties": {
        "osm_type": "node",
        "osm_id": 8984490532,
        "name": "Pairi",
        "place": "hamlet",
        "population": null,
        "source": "OpenStreetMap / Overpass API",
        "license": "ODbL"
      },
      "geometry": {
        "type": "Point",
        "coordinates": [
          76.8930316,
          31.6295874
        ]
      }
    },
    {
      "type": "Feature",
      "properties": {
        "osm_type": "node",
        "osm_id": 8984490533,
        "name": "Pasta",
        "place": "hamlet",
        "population": null,
        "source": "OpenStreetMap / Overpass API",
        "license": "ODbL"
      },
      "geometry": {
        "type": "Point",
        "coordinates": [
          76.8870449,
          31.6321179
        ]
      }
    },
    {
      "type": "Feature",
      "properties": {
        "osm_type": "node",
        "osm_id": 8984490534,
        "name": "Taroh",
        "place": "hamlet",
        "population": null,
        "source": "OpenStreetMap / Overpass API",
        "license": "ODbL"
      },
      "geometry": {
        "type": "Point",
        "coordinates": [
          76.8873453,
          31.6223247
        ]
      }
    },
    {
      "type": "Feature",
      "properties": {
        "osm_type": "node",
        "osm_id": 8984490535,
        "name": "Mathog",
        "place": "hamlet",
        "population": null,
        "source": "OpenStreetMap / Overpass API",
        "license": "ODbL"
      },
      "geometry": {
        "type": "Point",
        "coordinates": [
          76.8755436,
          31.6264906
        ]
      }
    },
    {
      "type": "Feature",
      "properties": {
        "osm_type": "node",
        "osm_id": 8984490536,
        "name": "Manjhali",
        "place": "hamlet",
        "population": null,
        "source": "OpenStreetMap / Overpass API",
        "license": "ODbL"
      },
      "geometry": {
        "type": "Point",
        "coordinates": [
          76.861875,
          31.6346756
        ]
      }
    },
    {
      "type": "Feature",
      "properties": {
        "osm_type": "node",
        "osm_id": 8984490537,
        "name": "Riyur",
        "place": "hamlet",
        "population": null,
        "source": "OpenStreetMap / Overpass API",
        "license": "ODbL"
      },
      "geometry": {
        "type": "Point",
        "coordinates": [
          76.8556309,
          31.64001
        ]
      }
    },
    {
      "type": "Feature",
      "properties": {
        "osm_type": "node",
        "osm_id": 8984490538,
        "name": "Saphru",
        "place": "hamlet",
        "population": null,
        "source": "OpenStreetMap / Overpass API",
        "license": "ODbL"
      },
      "geometry": {
        "type": "Point",
        "coordinates": [
          76.8514895,
          31.6289754
        ]
      }
    },
    {
      "type": "Feature",
      "properties": {
        "osm_type": "node",
        "osm_id": 8984490539,
        "name": "Chaukichandrahan",
        "place": "hamlet",
        "population": null,
        "source": "OpenStreetMap / Overpass API",
        "license": "ODbL"
      },
      "geometry": {
        "type": "Point",
        "coordinates": [
          76.8607163,
          31.6486688
        ]
      }
    },
    {
      "type": "Feature",
      "properties": {
        "osm_type": "node",
        "osm_id": 8984490540,
        "name": "Badgaon",
        "place": "hamlet",
        "population": null,
        "source": "OpenStreetMap / Overpass API",
        "license": "ODbL"
      },
      "geometry": {
        "type": "Point",
        "coordinates": [
          76.860609,
          31.6538929
        ]
      }
    },
    {
      "type": "Feature",
      "properties": {
        "osm_type": "node",
        "osm_id": 8984490542,
        "name": "Tand",
        "place": "hamlet",
        "population": null,
        "source": "OpenStreetMap / Overpass API",
        "license": "ODbL"
      },
      "geometry": {
        "type": "Point",
        "coordinates": [
          76.8756293,
          31.6731793
        ]
      }
    },
    {
      "type": "Feature",
      "properties": {
        "osm_type": "node",
        "osm_id": 8984490543,
        "name": "Rakar",
        "place": "hamlet",
        "population": null,
        "source": "OpenStreetMap / Overpass API",
        "license": "ODbL"
      },
      "geometry": {
        "type": "Point",
        "coordinates": [
          76.8582058,
          31.669746
        ]
      }
    },
    {
      "type": "Feature",
      "properties": {
        "osm_type": "node",
        "osm_id": 8984490544,
        "name": "Bherka",
        "place": "hamlet",
        "population": null,
        "source": "OpenStreetMap / Overpass API",
        "license": "ODbL"
      },
      "geometry": {
        "type": "Point",
        "coordinates": [
          76.8503522,
          31.6661665
        ]
      }
    },
    {
      "type": "Feature",
      "properties": {
        "osm_type": "node",
        "osm_id": 8984490545,
        "name": "Saradhwar",
        "place": "hamlet",
        "population": null,
        "source": "OpenStreetMap / Overpass API",
        "license": "ODbL"
      },
      "geometry": {
        "type": "Point",
        "coordinates": [
          76.8558454,
          31.6632443
        ]
      }
    },
    {
      "type": "Feature",
      "properties": {
        "osm_type": "node",
        "osm_id": 8984490550,
        "name": "Paniali",
        "place": "hamlet",
        "population": null,
        "source": "OpenStreetMap / Overpass API",
        "license": "ODbL"
      },
      "geometry": {
        "type": "Point",
        "coordinates": [
          76.8582809,
          31.6269108
        ]
      }
    },
    {
      "type": "Feature",
      "properties": {
        "osm_type": "node",
        "osm_id": 8984490560,
        "name": "Silka",
        "place": "hamlet",
        "population": null,
        "source": "OpenStreetMap / Overpass API",
        "license": "ODbL"
      },
      "geometry": {
        "type": "Point",
        "coordinates": [
          76.862154,
          31.678475
        ]
      }
    },
    {
      "type": "Feature",
      "properties": {
        "osm_type": "node",
        "osm_id": 8984490561,
        "name": "Sirm",
        "place": "hamlet",
        "population": null,
        "source": "OpenStreetMap / Overpass API",
        "license": "ODbL"
      },
      "geometry": {
        "type": "Point",
        "coordinates": [
          76.8730545,
          31.682967
        ]
      }
    },
    {
      "type": "Feature",
      "properties": {
        "osm_type": "node",
        "osm_id": 8984490562,
        "name": "Balahan",
        "place": "hamlet",
        "population": null,
        "source": "OpenStreetMap / Overpass API",
        "license": "ODbL"
      },
      "geometry": {
        "type": "Point",
        "coordinates": [
          76.8635273,
          31.68388
        ]
      }
    },
    {
      "type": "Feature",
      "properties": {
        "osm_type": "node",
        "osm_id": 8984490563,
        "name": "Tar",
        "place": "hamlet",
        "population": null,
        "source": "OpenStreetMap / Overpass API",
        "license": "ODbL"
      },
      "geometry": {
        "type": "Point",
        "coordinates": [
          76.8505347,
          31.6826565
        ]
      }
    },
    {
      "type": "Feature",
      "properties": {
        "osm_type": "node",
        "osm_id": 8984490566,
        "name": "Bhangauli",
        "place": "village",
        "population": null,
        "source": "OpenStreetMap / Overpass API",
        "license": "ODbL"
      },
      "geometry": {
        "type": "Point",
        "coordinates": [
          76.9248104,
          31.7025576
        ]
      }
    },
    {
      "type": "Feature",
      "properties": {
        "osm_type": "node",
        "osm_id": 8984490567,
        "name": "Bhatwar",
        "place": "hamlet",
        "population": null,
        "source": "OpenStreetMap / Overpass API",
        "license": "ODbL"
      },
      "geometry": {
        "type": "Point",
        "coordinates": [
          76.9133305,
          31.7061175
        ]
      }
    },
    {
      "type": "Feature",
      "properties": {
        "osm_type": "node",
        "osm_id": 8984490568,
        "name": "Chera",
        "place": "hamlet",
        "population": null,
        "source": "OpenStreetMap / Overpass API",
        "license": "ODbL"
      },
      "geometry": {
        "type": "Point",
        "coordinates": [
          76.903975,
          31.7010424
        ]
      }
    },
    {
      "type": "Feature",
      "properties": {
        "osm_type": "node",
        "osm_id": 8984490569,
        "name": "Baloh",
        "place": "hamlet",
        "population": null,
        "source": "OpenStreetMap / Overpass API",
        "license": "ODbL"
      },
      "geometry": {
        "type": "Point",
        "coordinates": [
          76.8961858,
          31.7059715
        ]
      }
    },
    {
      "type": "Feature",
      "properties": {
        "osm_type": "node",
        "osm_id": 8984490570,
        "name": "Tarasal",
        "place": "hamlet",
        "population": null,
        "source": "OpenStreetMap / Overpass API",
        "license": "ODbL"
      },
      "geometry": {
        "type": "Point",
        "coordinates": [
          76.8870878,
          31.6986873
        ]
      }
    },
    {
      "type": "Feature",
      "properties": {
        "osm_type": "node",
        "osm_id": 8984490571,
        "name": "Lot",
        "place": "hamlet",
        "population": null,
        "source": "OpenStreetMap / Overpass API",
        "license": "ODbL"
      },
      "geometry": {
        "type": "Point",
        "coordinates": [
          76.8821954,
          31.7038903
        ]
      }
    },
    {
      "type": "Feature",
      "properties": {
        "osm_type": "node",
        "osm_id": 8984490573,
        "name": "Dhagohl",
        "place": "hamlet",
        "population": null,
        "source": "OpenStreetMap / Overpass API",
        "license": "ODbL"
      },
      "geometry": {
        "type": "Point",
        "coordinates": [
          76.9544434,
          31.7163033
        ]
      }
    },
    {
      "type": "Feature",
      "properties": {
        "osm_type": "node",
        "osm_id": 8984490574,
        "name": "Dhanog",
        "place": "hamlet",
        "population": null,
        "source": "OpenStreetMap / Overpass API",
        "license": "ODbL"
      },
      "geometry": {
        "type": "Point",
        "coordinates": [
          76.9630909,
          31.7232393
        ]
      }
    },
    {
      "type": "Feature",
      "properties": {
        "osm_type": "node",
        "osm_id": 8984490575,
        "name": "Tung",
        "place": "hamlet",
        "population": null,
        "source": "OpenStreetMap / Overpass API",
        "license": "ODbL"
      },
      "geometry": {
        "type": "Point",
        "coordinates": [
          76.9727683,
          31.7197896
        ]
      }
    },
    {
      "type": "Feature",
      "properties": {
        "osm_type": "node",
        "osm_id": 8984490576,
        "name": "Tabelasakor",
        "place": "hamlet",
        "population": null,
        "source": "OpenStreetMap / Overpass API",
        "license": "ODbL"
      },
      "geometry": {
        "type": "Point",
        "coordinates": [
          76.9682622,
          31.708016
        ]
      }
    },
    {
      "type": "Feature",
      "properties": {
        "osm_type": "node",
        "osm_id": 8984490577,
        "name": "Arrara",
        "place": "hamlet",
        "population": null,
        "source": "OpenStreetMap / Overpass API",
        "license": "ODbL"
      },
      "geometry": {
        "type": "Point",
        "coordinates": [
          76.9581342,
          31.708162
        ]
      }
    },
    {
      "type": "Feature",
      "properties": {
        "osm_type": "node",
        "osm_id": 8984490578,
        "name": "Shilakippar",
        "place": "hamlet",
        "population": null,
        "source": "OpenStreetMap / Overpass API",
        "license": "ODbL"
      },
      "geometry": {
        "type": "Point",
        "coordinates": [
          76.9666528,
          31.6995454
        ]
      }
    },
    {
      "type": "Feature",
      "properties": {
        "osm_type": "node",
        "osm_id": 8984490582,
        "name": "Chaukibhalehr",
        "place": "hamlet",
        "population": null,
        "source": "OpenStreetMap / Overpass API",
        "license": "ODbL"
      },
      "geometry": {
        "type": "Point",
        "coordinates": [
          76.9618678,
          31.7312333
        ]
      }
    },
    {
      "type": "Feature",
      "properties": {
        "osm_type": "node",
        "osm_id": 8984490583,
        "name": "Tarandi",
        "place": "hamlet",
        "population": null,
        "source": "OpenStreetMap / Overpass API",
        "license": "ODbL"
      },
      "geometry": {
        "type": "Point",
        "coordinates": [
          76.9454312,
          31.7324195
        ]
      }
    },
    {
      "type": "Feature",
      "properties": {
        "osm_type": "node",
        "osm_id": 8984490584,
        "name": "Bhalana",
        "place": "hamlet",
        "population": null,
        "source": "OpenStreetMap / Overpass API",
        "license": "ODbL"
      },
      "geometry": {
        "type": "Point",
        "coordinates": [
          76.9639062,
          31.7395185
        ]
      }
    },
    {
      "type": "Feature",
      "properties": {
        "osm_type": "node",
        "osm_id": 8984490585,
        "name": "Senal",
        "place": "hamlet",
        "population": null,
        "source": "OpenStreetMap / Overpass API",
        "license": "ODbL"
      },
      "geometry": {
        "type": "Point",
        "coordinates": [
          76.9471693,
          31.7426572
        ]
      }
    },
    {
      "type": "Feature",
      "properties": {
        "osm_type": "node",
        "osm_id": 8999998211,
        "name": "Kuthial",
        "place": "village",
        "population": null,
        "source": "OpenStreetMap / Overpass API",
        "license": "ODbL"
      },
      "geometry": {
        "type": "Point",
        "coordinates": [
          76.944294,
          31.6050746
        ]
      }
    },
    {
      "type": "Feature",
      "properties": {
        "osm_type": "node",
        "osm_id": 8999998214,
        "name": "Khandla",
        "place": "hamlet",
        "population": null,
        "source": "OpenStreetMap / Overpass API",
        "license": "ODbL"
      },
      "geometry": {
        "type": "Point",
        "coordinates": [
          76.9538426,
          31.6086199
        ]
      }
    },
    {
      "type": "Feature",
      "properties": {
        "osm_type": "node",
        "osm_id": 9000026064,
        "name": "Patha",
        "place": "hamlet",
        "population": null,
        "source": "OpenStreetMap / Overpass API",
        "license": "ODbL"
      },
      "geometry": {
        "type": "Point",
        "coordinates": [
          76.8527663,
          31.6062077
        ]
      }
    },
    {
      "type": "Feature",
      "properties": {
        "osm_type": "node",
        "osm_id": 9000026128,
        "name": "Sakroha",
        "place": "hamlet",
        "population": null,
        "source": "OpenStreetMap / Overpass API",
        "license": "ODbL"
      },
      "geometry": {
        "type": "Point",
        "coordinates": [
          76.9752896,
          31.6134717
        ]
      }
    },
    {
      "type": "Feature",
      "properties": {
        "osm_type": "node",
        "osm_id": 9000026129,
        "name": "Ghatta",
        "place": "village",
        "population": null,
        "source": "OpenStreetMap / Overpass API",
        "license": "ODbL"
      },
      "geometry": {
        "type": "Point",
        "coordinates": [
          76.9512087,
          31.6157193
        ]
      }
    },
    {
      "type": "Feature",
      "properties": {
        "osm_type": "node",
        "osm_id": 9000026130,
        "name": "Bhangrotu",
        "place": "village",
        "population": null,
        "source": "OpenStreetMap / Overpass API",
        "license": "ODbL"
      },
      "geometry": {
        "type": "Point",
        "coordinates": [
          76.9279218,
          31.6107032
        ]
      }
    },
    {
      "type": "Feature",
      "properties": {
        "osm_type": "node",
        "osm_id": 9000026131,
        "name": "Gathi",
        "place": "village",
        "population": null,
        "source": "OpenStreetMap / Overpass API",
        "license": "ODbL"
      },
      "geometry": {
        "type": "Point",
        "coordinates": [
          76.9339514,
          31.615838
        ]
      }
    },
    {
      "type": "Feature",
      "properties": {
        "osm_type": "node",
        "osm_id": 9000026132,
        "name": "Chagwan",
        "place": "village",
        "population": null,
        "source": "OpenStreetMap / Overpass API",
        "license": "ODbL"
      },
      "geometry": {
        "type": "Point",
        "coordinates": [
          76.9202614,
          31.6141021
        ]
      }
    },
    {
      "type": "Feature",
      "properties": {
        "osm_type": "node",
        "osm_id": 9000026133,
        "name": "Ghasrarah",
        "place": "hamlet",
        "population": null,
        "source": "OpenStreetMap / Overpass API",
        "license": "ODbL"
      },
      "geometry": {
        "type": "Point",
        "coordinates": [
          76.9091678,
          31.6103012
        ]
      }
    },
    {
      "type": "Feature",
      "properties": {
        "osm_type": "node",
        "osm_id": 9000026134,
        "name": "Ner",
        "place": "village",
        "population": null,
        "source": "OpenStreetMap / Overpass API",
        "license": "ODbL"
      },
      "geometry": {
        "type": "Point",
        "coordinates": [
          76.9087815,
          31.6072768
        ]
      }
    },
    {
      "type": "Feature",
      "properties": {
        "osm_type": "node",
        "osm_id": 9000026135,
        "name": "Badankusarla",
        "place": "hamlet",
        "population": null,
        "source": "OpenStreetMap / Overpass API",
        "license": "ODbL"
      },
      "geometry": {
        "type": "Point",
        "coordinates": [
          76.9064963,
          31.6134442
        ]
      }
    },
    {
      "type": "Feature",
      "properties": {
        "osm_type": "node",
        "osm_id": 9000026136,
        "name": "Chhatar",
        "place": "hamlet",
        "population": null,
        "source": "OpenStreetMap / Overpass API",
        "license": "ODbL"
      },
      "geometry": {
        "type": "Point",
        "coordinates": [
          76.8967438,
          31.6061163
        ]
      }
    },
    {
      "type": "Feature",
      "properties": {
        "osm_type": "node",
        "osm_id": 9000026137,
        "name": "Mundru",
        "place": "hamlet",
        "population": null,
        "source": "OpenStreetMap / Overpass API",
        "license": "ODbL"
      },
      "geometry": {
        "type": "Point",
        "coordinates": [
          76.8941903,
          31.6142483
        ]
      }
    },
    {
      "type": "Feature",
      "properties": {
        "osm_type": "node",
        "osm_id": 9000026138,
        "name": "Basehr",
        "place": "hamlet",
        "population": null,
        "source": "OpenStreetMap / Overpass API",
        "license": "ODbL"
      },
      "geometry": {
        "type": "Point",
        "coordinates": [
          76.8878603,
          31.6091316
        ]
      }
    },
    {
      "type": "Feature",
      "properties": {
        "osm_type": "node",
        "osm_id": 9000026139,
        "name": "Bhalwani",
        "place": "hamlet",
        "population": null,
        "source": "OpenStreetMap / Overpass API",
        "license": "ODbL"
      },
      "geometry": {
        "type": "Point",
        "coordinates": [
          76.8784189,
          31.6093326
        ]
      }
    },
    {
      "type": "Feature",
      "properties": {
        "osm_type": "node",
        "osm_id": 9000026141,
        "name": "Khakhriana",
        "place": "hamlet",
        "population": null,
        "source": "OpenStreetMap / Overpass API",
        "license": "ODbL"
      },
      "geometry": {
        "type": "Point",
        "coordinates": [
          76.8730545,
          31.6171445
        ]
      }
    },
    {
      "type": "Feature",
      "properties": {
        "osm_type": "node",
        "osm_id": 9801396466,
        "name": "Kalang",
        "place": "hamlet",
        "population": null,
        "source": "OpenStreetMap / Overpass API",
        "license": "ODbL"
      },
      "geometry": {
        "type": "Point",
        "coordinates": [
          77.1180073,
          31.7675225
        ]
      }
    },
    {
      "type": "Feature",
      "properties": {
        "osm_type": "node",
        "osm_id": 10669310286,
        "name": "Kasheth",
        "place": "hamlet",
        "population": null,
        "source": "OpenStreetMap / Overpass API",
        "license": "ODbL"
      },
      "geometry": {
        "type": "Point",
        "coordinates": [
          77.0595912,
          31.7932241
        ]
      }
    },
    {
      "type": "Feature",
      "properties": {
        "osm_type": "node",
        "osm_id": 10669310288,
        "name": "Suhra",
        "place": "hamlet",
        "population": null,
        "source": "OpenStreetMap / Overpass API",
        "license": "ODbL"
      },
      "geometry": {
        "type": "Point",
        "coordinates": [
          77.0456786,
          31.7894798
        ]
      }
    },
    {
      "type": "Feature",
      "properties": {
        "osm_type": "node",
        "osm_id": 10669310289,
        "name": "Barwar",
        "place": "hamlet",
        "population": null,
        "source": "OpenStreetMap / Overpass API",
        "license": "ODbL"
      },
      "geometry": {
        "type": "Point",
        "coordinates": [
          77.0599178,
          31.7862785
        ]
      }
    },
    {
      "type": "Feature",
      "properties": {
        "osm_type": "node",
        "osm_id": 10669310290,
        "name": "Kahnu",
        "place": "hamlet",
        "population": null,
        "source": "OpenStreetMap / Overpass API",
        "license": "ODbL"
      },
      "geometry": {
        "type": "Point",
        "coordinates": [
          77.0673852,
          31.7885336
        ]
      }
    },
    {
      "type": "Feature",
      "properties": {
        "osm_type": "node",
        "osm_id": 10669310293,
        "name": "Halgarh",
        "place": "hamlet",
        "population": null,
        "source": "OpenStreetMap / Overpass API",
        "license": "ODbL"
      },
      "geometry": {
        "type": "Point",
        "coordinates": [
          77.0568844,
          31.7800018
        ]
      }
    },
    {
      "type": "Feature",
      "properties": {
        "osm_type": "node",
        "osm_id": 10669310294,
        "name": "Bara",
        "place": "hamlet",
        "population": null,
        "source": "OpenStreetMap / Overpass API",
        "license": "ODbL"
      },
      "geometry": {
        "type": "Point",
        "coordinates": [
          77.0844352,
          31.7814369
        ]
      }
    },
    {
      "type": "Feature",
      "properties": {
        "osm_type": "node",
        "osm_id": 10669310296,
        "name": "Kalwar",
        "place": "hamlet",
        "population": null,
        "source": "OpenStreetMap / Overpass API",
        "license": "ODbL"
      },
      "geometry": {
        "type": "Point",
        "coordinates": [
          77.1125709,
          31.7633823
        ]
      }
    },
    {
      "type": "Feature",
      "properties": {
        "osm_type": "node",
        "osm_id": 10669329406,
        "name": "Gharaun",
        "place": "hamlet",
        "population": null,
        "source": "OpenStreetMap / Overpass API",
        "license": "ODbL"
      },
      "geometry": {
        "type": "Point",
        "coordinates": [
          77.0712883,
          31.7936061
        ]
      }
    },
    {
      "type": "Feature",
      "properties": {
        "osm_type": "node",
        "osm_id": 10669329409,
        "name": "Bambola",
        "place": "hamlet",
        "population": null,
        "source": "OpenStreetMap / Overpass API",
        "license": "ODbL"
      },
      "geometry": {
        "type": "Point",
        "coordinates": [
          77.0968644,
          31.7950682
        ]
      }
    },
    {
      "type": "Feature",
      "properties": {
        "osm_type": "node",
        "osm_id": 10669329410,
        "name": "Solang",
        "place": "hamlet",
        "population": null,
        "source": "OpenStreetMap / Overpass API",
        "license": "ODbL"
      },
      "geometry": {
        "type": "Point",
        "coordinates": [
          77.1005285,
          31.7836869
        ]
      }
    },
    {
      "type": "Feature",
      "properties": {
        "osm_type": "node",
        "osm_id": 10669329415,
        "name": "Shuran",
        "place": "hamlet",
        "population": null,
        "source": "OpenStreetMap / Overpass API",
        "license": "ODbL"
      },
      "geometry": {
        "type": "Point",
        "coordinates": [
          77.1063968,
          31.7790558
        ]
      }
    },
    {
      "type": "Feature",
      "properties": {
        "osm_type": "node",
        "osm_id": 10669329416,
        "name": "Mandidah",
        "place": "hamlet",
        "population": null,
        "source": "OpenStreetMap / Overpass API",
        "license": "ODbL"
      },
      "geometry": {
        "type": "Point",
        "coordinates": [
          77.1014029,
          31.7734239
        ]
      }
    },
    {
      "type": "Feature",
      "properties": {
        "osm_type": "node",
        "osm_id": 10669329417,
        "name": "Sarii",
        "place": "hamlet",
        "population": null,
        "source": "OpenStreetMap / Overpass API",
        "license": "ODbL"
      },
      "geometry": {
        "type": "Point",
        "coordinates": [
          77.0964936,
          31.7194243
        ]
      }
    },
    {
      "type": "Feature",
      "properties": {
        "osm_type": "node",
        "osm_id": 10669329418,
        "name": "Thawari",
        "place": "hamlet",
        "population": null,
        "source": "OpenStreetMap / Overpass API",
        "license": "ODbL"
      },
      "geometry": {
        "type": "Point",
        "coordinates": [
          77.1448318,
          31.7286088
        ]
      }
    },
    {
      "type": "Feature",
      "properties": {
        "osm_type": "node",
        "osm_id": 10669351876,
        "name": "Purana Kataula",
        "place": "hamlet",
        "population": null,
        "source": "OpenStreetMap / Overpass API",
        "license": "ODbL"
      },
      "geometry": {
        "type": "Point",
        "coordinates": [
          77.0360857,
          31.7990372
        ]
      }
    },
    {
      "type": "Feature",
      "properties": {
        "osm_type": "node",
        "osm_id": 10669351879,
        "name": "Bandis",
        "place": "hamlet",
        "population": null,
        "source": "OpenStreetMap / Overpass API",
        "license": "ODbL"
      },
      "geometry": {
        "type": "Point",
        "coordinates": [
          77.0279651,
          31.7965675
        ]
      }
    },
    {
      "type": "Feature",
      "properties": {
        "osm_type": "node",
        "osm_id": 10669351880,
        "name": "Nalan",
        "place": "hamlet",
        "population": null,
        "source": "OpenStreetMap / Overpass API",
        "license": "ODbL"
      },
      "geometry": {
        "type": "Point",
        "coordinates": [
          77.013112,
          31.7927527
        ]
      }
    },
    {
      "type": "Feature",
      "properties": {
        "osm_type": "node",
        "osm_id": 10669351881,
        "name": "Mahor",
        "place": "hamlet",
        "population": null,
        "source": "OpenStreetMap / Overpass API",
        "license": "ODbL"
      },
      "geometry": {
        "type": "Point",
        "coordinates": [
          77.018703,
          31.7912201
        ]
      }
    },
    {
      "type": "Feature",
      "properties": {
        "osm_type": "node",
        "osm_id": 10669351882,
        "name": "Sanglehr",
        "place": "hamlet",
        "population": null,
        "source": "OpenStreetMap / Overpass API",
        "license": "ODbL"
      },
      "geometry": {
        "type": "Point",
        "coordinates": [
          77.015447,
          31.7872506
        ]
      }
    },
    {
      "type": "Feature",
      "properties": {
        "osm_type": "node",
        "osm_id": 10669351883,
        "name": "Khohal",
        "place": "hamlet",
        "population": null,
        "source": "OpenStreetMap / Overpass API",
        "license": "ODbL"
      },
      "geometry": {
        "type": "Point",
        "coordinates": [
          77.0077286,
          31.7846704
        ]
      }
    },
    {
      "type": "Feature",
      "properties": {
        "osm_type": "node",
        "osm_id": 10669351884,
        "name": "Bainal",
        "place": "hamlet",
        "population": null,
        "source": "OpenStreetMap / Overpass API",
        "license": "ODbL"
      },
      "geometry": {
        "type": "Point",
        "coordinates": [
          77.0178209,
          31.7824651
        ]
      }
    },
    {
      "type": "Feature",
      "properties": {
        "osm_type": "node",
        "osm_id": 10669351885,
        "name": "Arnehr",
        "place": "hamlet",
        "population": null,
        "source": "OpenStreetMap / Overpass API",
        "license": "ODbL"
      },
      "geometry": {
        "type": "Point",
        "coordinates": [
          77.0228411,
          31.7841081
        ]
      }
    },
    {
      "type": "Feature",
      "properties": {
        "osm_type": "node",
        "osm_id": 10669351888,
        "name": "Dehrudhar",
        "place": "hamlet",
        "population": null,
        "source": "OpenStreetMap / Overpass API",
        "license": "ODbL"
      },
      "geometry": {
        "type": "Point",
        "coordinates": [
          77.0065661,
          31.7683028
        ]
      }
    },
    {
      "type": "Feature",
      "properties": {
        "osm_type": "node",
        "osm_id": 10669351889,
        "name": "Chanala",
        "place": "hamlet",
        "population": null,
        "source": "OpenStreetMap / Overpass API",
        "license": "ODbL"
      },
      "geometry": {
        "type": "Point",
        "coordinates": [
          77.0221449,
          31.7650395
        ]
      }
    },
    {
      "type": "Feature",
      "properties": {
        "osm_type": "node",
        "osm_id": 10669351890,
        "name": "Namloy",
        "place": "hamlet",
        "population": null,
        "source": "OpenStreetMap / Overpass API",
        "license": "ODbL"
      },
      "geometry": {
        "type": "Point",
        "coordinates": [
          77.0141422,
          31.7619681
        ]
      }
    },
    {
      "type": "Feature",
      "properties": {
        "osm_type": "node",
        "osm_id": 10669351891,
        "name": "Matogi",
        "place": "hamlet",
        "population": null,
        "source": "OpenStreetMap / Overpass API",
        "license": "ODbL"
      },
      "geometry": {
        "type": "Point",
        "coordinates": [
          77.0096267,
          31.7617228
        ]
      }
    },
    {
      "type": "Feature",
      "properties": {
        "osm_type": "node",
        "osm_id": 10669351892,
        "name": "Kukra",
        "place": "hamlet",
        "population": null,
        "source": "OpenStreetMap / Overpass API",
        "license": "ODbL"
      },
      "geometry": {
        "type": "Point",
        "coordinates": [
          77.0068546,
          31.7614882
        ]
      }
    },
    {
      "type": "Feature",
      "properties": {
        "osm_type": "node",
        "osm_id": 10669351893,
        "name": "Nichli",
        "place": "hamlet",
        "population": null,
        "source": "OpenStreetMap / Overpass API",
        "license": "ODbL"
      },
      "geometry": {
        "type": "Point",
        "coordinates": [
          77.0063905,
          31.7638984
        ]
      }
    },
    {
      "type": "Feature",
      "properties": {
        "osm_type": "node",
        "osm_id": 10669351894,
        "name": "Chahal",
        "place": "hamlet",
        "population": null,
        "source": "OpenStreetMap / Overpass API",
        "license": "ODbL"
      },
      "geometry": {
        "type": "Point",
        "coordinates": [
          77.0003822,
          31.7644743
        ]
      }
    },
    {
      "type": "Feature",
      "properties": {
        "osm_type": "node",
        "osm_id": 10669351895,
        "name": "Dumani",
        "place": "hamlet",
        "population": null,
        "source": "OpenStreetMap / Overpass API",
        "license": "ODbL"
      },
      "geometry": {
        "type": "Point",
        "coordinates": [
          76.9909082,
          31.7584062
        ]
      }
    },
    {
      "type": "Feature",
      "properties": {
        "osm_type": "node",
        "osm_id": 10669351896,
        "name": "Mahapra",
        "place": "hamlet",
        "population": null,
        "source": "OpenStreetMap / Overpass API",
        "license": "ODbL"
      },
      "geometry": {
        "type": "Point",
        "coordinates": [
          76.9946317,
          31.7525587
        ]
      }
    },
    {
      "type": "Feature",
      "properties": {
        "osm_type": "node",
        "osm_id": 10669351897,
        "name": "Duhki",
        "place": "hamlet",
        "population": null,
        "source": "OpenStreetMap / Overpass API",
        "license": "ODbL"
      },
      "geometry": {
        "type": "Point",
        "coordinates": [
          76.9963661,
          31.7496812
        ]
      }
    },
    {
      "type": "Feature",
      "properties": {
        "osm_type": "node",
        "osm_id": 10669351898,
        "name": "Nisu",
        "place": "hamlet",
        "population": null,
        "source": "OpenStreetMap / Overpass API",
        "license": "ODbL"
      },
      "geometry": {
        "type": "Point",
        "coordinates": [
          77.0079611,
          31.755333
        ]
      }
    },
    {
      "type": "Feature",
      "properties": {
        "osm_type": "node",
        "osm_id": 10669351899,
        "name": "Paharnu",
        "place": "hamlet",
        "population": null,
        "source": "OpenStreetMap / Overpass API",
        "license": "ODbL"
      },
      "geometry": {
        "type": "Point",
        "coordinates": [
          77.0129581,
          31.7558692
        ]
      }
    },
    {
      "type": "Feature",
      "properties": {
        "osm_type": "node",
        "osm_id": 10669351900,
        "name": "Karar",
        "place": "hamlet",
        "population": null,
        "source": "OpenStreetMap / Overpass API",
        "license": "ODbL"
      },
      "geometry": {
        "type": "Point",
        "coordinates": [
          77.0309329,
          31.7382117
        ]
      }
    },
    {
      "type": "Feature",
      "properties": {
        "osm_type": "node",
        "osm_id": 10669351901,
        "name": "Dudhla",
        "place": "hamlet",
        "population": null,
        "source": "OpenStreetMap / Overpass API",
        "license": "ODbL"
      },
      "geometry": {
        "type": "Point",
        "coordinates": [
          77.0164027,
          31.7405428
        ]
      }
    },
    {
      "type": "Feature",
      "properties": {
        "osm_type": "node",
        "osm_id": 10669351902,
        "name": "Kuthachi",
        "place": "hamlet",
        "population": null,
        "source": "OpenStreetMap / Overpass API",
        "license": "ODbL"
      },
      "geometry": {
        "type": "Point",
        "coordinates": [
          77.0177425,
          31.7754237
        ]
      }
    },
    {
      "type": "Feature",
      "properties": {
        "osm_type": "node",
        "osm_id": 10669351903,
        "name": "Gawahan",
        "place": "hamlet",
        "population": null,
        "source": "OpenStreetMap / Overpass API",
        "license": "ODbL"
      },
      "geometry": {
        "type": "Point",
        "coordinates": [
          77.023665,
          31.7731206
        ]
      }
    },
    {
      "type": "Feature",
      "properties": {
        "osm_type": "node",
        "osm_id": 10669351904,
        "name": "Shilha Jamu",
        "place": "hamlet",
        "population": null,
        "source": "OpenStreetMap / Overpass API",
        "license": "ODbL"
      },
      "geometry": {
        "type": "Point",
        "coordinates": [
          77.0331645,
          31.7766002
        ]
      }
    },
    {
      "type": "Feature",
      "properties": {
        "osm_type": "node",
        "osm_id": 10669391005,
        "name": "Sari",
        "place": "hamlet",
        "population": null,
        "source": "OpenStreetMap / Overpass API",
        "license": "ODbL"
      },
      "geometry": {
        "type": "Point",
        "coordinates": [
          77.0403536,
          31.76995
        ]
      }
    },
    {
      "type": "Feature",
      "properties": {
        "osm_type": "node",
        "osm_id": 10669391006,
        "name": "Gar",
        "place": "hamlet",
        "population": null,
        "source": "OpenStreetMap / Overpass API",
        "license": "ODbL"
      },
      "geometry": {
        "type": "Point",
        "coordinates": [
          77.0387821,
          31.7654731
        ]
      }
    },
    {
      "type": "Feature",
      "properties": {
        "osm_type": "node",
        "osm_id": 10669391007,
        "name": "Shillh",
        "place": "hamlet",
        "population": null,
        "source": "OpenStreetMap / Overpass API",
        "license": "ODbL"
      },
      "geometry": {
        "type": "Point",
        "coordinates": [
          77.0403888,
          31.7636285
        ]
      }
    },
    {
      "type": "Feature",
      "properties": {
        "osm_type": "node",
        "osm_id": 10669391008,
        "name": "Saraun",
        "place": "hamlet",
        "population": null,
        "source": "OpenStreetMap / Overpass API",
        "license": "ODbL"
      },
      "geometry": {
        "type": "Point",
        "coordinates": [
          77.0450095,
          31.7616242
        ]
      }
    },
    {
      "type": "Feature",
      "properties": {
        "osm_type": "node",
        "osm_id": 10669391010,
        "name": "Balmand",
        "place": "hamlet",
        "population": null,
        "source": "OpenStreetMap / Overpass API",
        "license": "ODbL"
      },
      "geometry": {
        "type": "Point",
        "coordinates": [
          77.0331176,
          31.761694
        ]
      }
    },
    {
      "type": "Feature",
      "properties": {
        "osm_type": "node",
        "osm_id": 10669391011,
        "name": "Harbaun",
        "place": "hamlet",
        "population": null,
        "source": "OpenStreetMap / Overpass API",
        "license": "ODbL"
      },
      "geometry": {
        "type": "Point",
        "coordinates": [
          77.0301153,
          31.7576256
        ]
      }
    },
    {
      "type": "Feature",
      "properties": {
        "osm_type": "node",
        "osm_id": 10669391012,
        "name": "Bunga",
        "place": "hamlet",
        "population": null,
        "source": "OpenStreetMap / Overpass API",
        "license": "ODbL"
      },
      "geometry": {
        "type": "Point",
        "coordinates": [
          77.03422,
          31.7536866
        ]
      }
    },
    {
      "type": "Feature",
      "properties": {
        "osm_type": "node",
        "osm_id": 10669391013,
        "name": "Khura Seri",
        "place": "hamlet",
        "population": null,
        "source": "OpenStreetMap / Overpass API",
        "license": "ODbL"
      },
      "geometry": {
        "type": "Point",
        "coordinates": [
          77.0357396,
          31.7844898
        ]
      }
    },
    {
      "type": "Feature",
      "properties": {
        "osm_type": "node",
        "osm_id": 10669391014,
        "name": "Dudhlu Ser",
        "place": "hamlet",
        "population": null,
        "source": "OpenStreetMap / Overpass API",
        "license": "ODbL"
      },
      "geometry": {
        "type": "Point",
        "coordinates": [
          77.0324384,
          31.7838972
        ]
      }
    },
    {
      "type": "Feature",
      "properties": {
        "osm_type": "node",
        "osm_id": 10669391015,
        "name": "Chhayagla",
        "place": "hamlet",
        "population": null,
        "source": "OpenStreetMap / Overpass API",
        "license": "ODbL"
      },
      "geometry": {
        "type": "Point",
        "coordinates": [
          77.037954,
          31.7870345
        ]
      }
    },
    {
      "type": "Feature",
      "properties": {
        "osm_type": "node",
        "osm_id": 10669391016,
        "name": "Sandoa",
        "place": "hamlet",
        "population": null,
        "source": "OpenStreetMap / Overpass API",
        "license": "ODbL"
      },
      "geometry": {
        "type": "Point",
        "coordinates": [
          77.0421779,
          31.7970556
        ]
      }
    },
    {
      "type": "Feature",
      "properties": {
        "osm_type": "node",
        "osm_id": 10669391017,
        "name": "Nalaun",
        "place": "hamlet",
        "population": null,
        "source": "OpenStreetMap / Overpass API",
        "license": "ODbL"
      },
      "geometry": {
        "type": "Point",
        "coordinates": [
          77.0520816,
          31.7959054
        ]
      }
    },
    {
      "type": "Feature",
      "properties": {
        "osm_type": "node",
        "osm_id": 10669391018,
        "name": "Shegli",
        "place": "hamlet",
        "population": null,
        "source": "OpenStreetMap / Overpass API",
        "license": "ODbL"
      },
      "geometry": {
        "type": "Point",
        "coordinates": [
          77.050554,
          31.7927075
        ]
      }
    },
    {
      "type": "Feature",
      "properties": {
        "osm_type": "node",
        "osm_id": 10669391019,
        "name": "Tikru Ra Gran",
        "place": "hamlet",
        "population": null,
        "source": "OpenStreetMap / Overpass API",
        "license": "ODbL"
      },
      "geometry": {
        "type": "Point",
        "coordinates": [
          77.0572282,
          31.7967245
        ]
      }
    },
    {
      "type": "Feature",
      "properties": {
        "osm_type": "node",
        "osm_id": 10669391026,
        "name": "Khalagwar",
        "place": "hamlet",
        "population": null,
        "source": "OpenStreetMap / Overpass API",
        "license": "ODbL"
      },
      "geometry": {
        "type": "Point",
        "coordinates": [
          77.066381,
          31.7999401
        ]
      }
    },
    {
      "type": "Feature",
      "properties": {
        "osm_type": "node",
        "osm_id": 10669562021,
        "name": "Khanahr",
        "place": "hamlet",
        "population": null,
        "source": "OpenStreetMap / Overpass API",
        "license": "ODbL"
      },
      "geometry": {
        "type": "Point",
        "coordinates": [
          76.9871547,
          31.7876035
        ]
      }
    },
    {
      "type": "Feature",
      "properties": {
        "osm_type": "node",
        "osm_id": 10669562022,
        "name": "Gawahan",
        "place": "hamlet",
        "population": null,
        "source": "OpenStreetMap / Overpass API",
        "license": "ODbL"
      },
      "geometry": {
        "type": "Point",
        "coordinates": [
          77.0153821,
          31.7794877
        ]
      }
    },
    {
      "type": "Feature",
      "properties": {
        "osm_type": "node",
        "osm_id": 10669562023,
        "name": "Dhartha",
        "place": "hamlet",
        "population": null,
        "source": "OpenStreetMap / Overpass API",
        "license": "ODbL"
      },
      "geometry": {
        "type": "Point",
        "coordinates": [
          77.0063795,
          31.7815939
        ]
      }
    },
    {
      "type": "Feature",
      "properties": {
        "osm_type": "node",
        "osm_id": 10669562024,
        "name": "Chauki",
        "place": "hamlet",
        "population": null,
        "source": "OpenStreetMap / Overpass API",
        "license": "ODbL"
      },
      "geometry": {
        "type": "Point",
        "coordinates": [
          77.0010998,
          31.7871183
        ]
      }
    },
    {
      "type": "Feature",
      "properties": {
        "osm_type": "node",
        "osm_id": 10669562025,
        "name": "Nandal",
        "place": "hamlet",
        "population": null,
        "source": "OpenStreetMap / Overpass API",
        "license": "ODbL"
      },
      "geometry": {
        "type": "Point",
        "coordinates": [
          77.0068205,
          31.7898308
        ]
      }
    },
    {
      "type": "Feature",
      "properties": {
        "osm_type": "node",
        "osm_id": 10669562027,
        "name": "Budhalnal",
        "place": "hamlet",
        "population": null,
        "source": "OpenStreetMap / Overpass API",
        "license": "ODbL"
      },
      "geometry": {
        "type": "Point",
        "coordinates": [
          77.0097782,
          31.797218
        ]
      }
    }
  ]
}
