{
  "type": "FeatureCollection",
  "name": "osm_waterways_mandi_pandoh",
  "crs": {
    "type": "name",
    "properties": {
      "name": "EPSG:4326"
    }
  },
  "features": [
    {
      "type": "Feature",
      "properties": {
        "osm_id": 62229237,
        "waterway": "river",
        "name": "Beas River",
        "source": "OpenStreetMap / Overpass API"
      },
      "geometry": {
        "type": "LineString",
        "coordinates": [
          [
            77.0747533,
            31.6714255
          ],
          [
            77.0692228,
            31.6716547
          ],
          [
            77.067982,
            31.6714442
          ],
          [
            77.0670149,
            31.6712801
          ],
          [
            77.066902,
            31.6712483
          ]
        ]
      }
    },
    {
      "type": "Feature",
      "properties": {
        "osm_id": 71213733,
        "waterway": "river",
        "name": "Uhl",
        "source": "OpenStreetMap / Overpass API"
      },
      "geometry": {
        "type": "LineString",
        "coordinates": [
          [
            76.7790752,
            32.2204653
          ],
          [
            76.7793464,
            32.2200734
          ],
          [
            76.7797174,
            32.2197409
          ],
          [
            76.7803009,
            32.2196605
          ],
          [
            76.780587,
            32.2194483
          ],
          [
            76.7813519,
            32.2192336
          ],
          [
            76.7812742,
            32.2189346
          ],
          [
            76.7810301,
            32.2185455
          ],
          [
            76.7809558,
            32.2181565
          ],
          [
            76.7806969,
            32.2179231
          ],
          [
            76.7806644,
            32.2176299
          ],
          [
            76.7800545,
            32.2174088
          ],
          [
            76.7801173,
            32.2169222
          ],
          [
            76.7804449,
            32.2162013
          ],
          [
            76.7807,
            32.2157233
          ],
          [
            76.7808563,
            32.2154818
          ],
          [
            76.7810374,
            32.2149578
          ],
          [
            76.7817194,
            32.2141953
          ],
          [
            76.7817272,
            32.2137299
          ],
          [
            76.782004,
            32.2131927
          ],
          [
            76.7816367,
            32.2125177
          ],
          [
            76.7816303,
            32.2121361
          ],
          [
            76.7821533,
            32.2114364
          ],
          [
            76.7824237,
            32.2112502
          ],
          [
            76.7826082,
            32.210854
          ],
          [
            76.7824663,
            32.2105838
          ],
          [
            76.7824239,
            32.2101557
          ],
          [
            76.7824531,
            32.2095989
          ],
          [
            76.7824394,
            32.209163
          ],
          [
            76.7825775,
            32.2088936
          ],
          [
            76.7831048,
            32.2082526
          ],
          [
            76.7843982,
            32.2076253
          ],
          [
            76.7845312,
            32.2074562
          ],
          [
            76.7845699,
            32.2071731
          ],
          [
            76.785811,
            32.2066349
          ],
          [
            76.786321,
            32.2063551
          ],
          [
            76.7867408,
            32.2058524
          ],
          [
            76.7869624,
            32.20556
          ],
          [
            76.7870921,
            32.2052664
          ],
          [
            76.7870782,
            32.2043121
          ],
          [
            76.7871921,
            32.2040862
          ],
          [
            76.7877979,
            32.2037633
          ],
          [
            76.7883071,
            32.2034382
          ],
          [
            76.788606,
            32.2030763
          ],
          [
            76.7888763,
            32.2027712
          ],
          [
            76.788983,
            32.2025393
          ],
          [
            76.7897435,
            32.201605
          ],
          [
            76.790043,
            32.2014264
          ],
          [
            76.7902286,
            32.1996092
          ],
          [
            76.7898626,
            32.1991055
          ],
          [
            76.7884836,
            32.1986692
          ],
          [
            76.7875105,
            32.1981828
          ],
          [
            76.7873272,
            32.1980291
          ],
          [
            76.7870256,
            32.1977763
          ],
          [
            76.7868668,
            32.1976432
          ],
          [
            76.7866012,
            32.1974205
          ],
          [
            76.7854258,
            32.1966262
          ],
          [
            76.7851965,
            32.1961043
          ],
          [
            76.7845858,
            32.1951869
          ],
          [
            76.7840382,
            32.194613
          ],
          [
            76.7838385,
            32.1944038
          ],
          [
            76.7835569,
            32.1937021
          ],
          [
            76.7828813,
            32.1926588
          ],
          [
            76.7821604,
            32.1918759
          ],
          [
            76.7815755,
            32.1914032
          ],
          [
            76.7809907,
            32.1911599
          ],
          [
            76.7807055,
            32.1908076
          ],
          [
            76.7803545,
            32.190374
          ],
          [
            76.7800108,
            32.1896686
          ],
          [
            76.7797904,
            32.1890992
          ],
          [
            76.7797746,
            32.1888378
          ],
          [
            76.7797626,
            32.1886395
          ],
          [
            76.779439,
            32.1884301
          ],
          [
            76.7789286,
            32.1881215
          ],
          [
            76.7780289,
            32.1868538
          ],
          [
            76.7769752,
            32.1862842
          ],
          [
            76.7767652,
            32.1857736
          ],
          [
            76.7765698,
            32.1854899
          ],
          [
            76.7762708,
            32.1850555
          ],
          [
            76.7745405,
            32.1841302
          ],
          [
            76.7746008,
            32.183553
          ],
          [
            76.774752,
            32.1831917
          ],
          [
            76.7743295,
            32.1827721
          ],
          [
            76.7734377,
            32.1818896
          ],
          [
            76.7726662,
            32.1811929
          ],
          [
            76.7719485,
            32.1806233
          ],
          [
            76.7712609,
            32.1800777
          ],
          [
            76.7710589,
            32.179267
          ],
          [
            76.7702694,
            32.1786709
          ],
          [
            76.7699375,
            32.1782483
          ],
          [
            76.7697548,
            32.1780157
          ],
          [
            76.769268,
            32.1772306
          ],
          [
            76.7686997,
            32.1767364
          ],
          [
            76.7685823,
            32.1766343
          ],
          [
            76.7679267,
            32.1759094
          ],
          [
            76.7677888,
            32.1755809
          ],
          [
            76.7679238,
            32.1751161
          ],
          [
            76.7678186,
            32.1747948
          ],
          [
            76.7676342,
            32.1742316
          ],
          [
            76.7675466,
            32.1736878
          ],
          [
            76.7672138,
            32.1726768
          ],
          [
            76.7672258,
            32.1721032
          ],
          [
            76.7670833,
            32.1717284
          ],
          [
            76.7671946,
            32.1714107
          ],
          [
            76.767542,
            32.1710535
          ],
          [
            76.7677812,
            32.1708314
          ],
          [
            76.7678509,
            32.1705862
          ],
          [
            76.7678395,
            32.1703884
          ],
          [
            76.7678281,
            32.1701327
          ],
          [
            76.7677087,
            32.1700548
          ],
          [
            76.767557,
            32.1699083
          ],
          [
            76.7674146,
            32.1696005
          ],
          [
            76.7673481,
            32.1690464
          ],
          [
            76.7672962,
            32.1685618
          ],
          [
            76.767051,
            32.1680031
          ],
          [
            76.7669408,
            32.1671723
          ],
          [
            76.7669362,
            32.1671377
          ],
          [
            76.7667192,
            32.1668406
          ],
          [
            76.7667328,
            32.1665591
          ],
          [
            76.7666513,
            32.1661241
          ],
          [
            76.7664405,
            32.1652948
          ],
          [
            76.76641,
            32.1648785
          ],
          [
            76.766211,
            32.1641735
          ],
          [
            76.7660346,
            32.1635703
          ],
          [
            76.7658463,
            32.1633595
          ],
          [
            76.7657287,
            32.1631783
          ],
          [
            76.7656609,
            32.1618863
          ],
          [
            76.7654139,
            32.1615372
          ],
          [
            76.7651271,
            32.1611318
          ],
          [
            76.7648668,
            32.1606223
          ],
          [
            76.7647913,
            32.1602588
          ],
          [
            76.7647715,
            32.1597952
          ],
          [
            76.7647771,
            32.1593265
          ],
          [
            76.7647566,
            32.1585146
          ],
          [
            76.764417,
            32.1577096
          ],
          [
            76.7639449,
            32.1566741
          ],
          [
            76.7634018,
            32.1563009
          ],
          [
            76.7634641,
            32.1559416
          ],
          [
            76.7638484,
            32.1556251
          ],
          [
            76.7638551,
            32.1552396
          ],
          [
            76.7638725,
            32.1548893
          ],
          [
            76.764171,
            32.1546628
          ],
          [
            76.7642474,
            32.1544372
          ],
          [
            76.7640866,
            32.1542364
          ],
          [
            76.7637045,
            32.1540509
          ],
          [
            76.7637853,
            32.1541838
          ],
          [
            76.763332,
            32.1539541
          ],
          [
            76.7630829,
            32.1536458
          ],
          [
            76.7630109,
            32.1531226
          ],
          [
            76.7633269,
            32.1527236
          ],
          [
            76.7636809,
            32.1523964
          ],
          [
            76.7635683,
            32.1521342
          ],
          [
            76.7636591,
            32.1518054
          ],
          [
            76.7637456,
            32.1514302
          ],
          [
            76.7632247,
            32.1512042
          ],
          [
            76.762296,
            32.1510659
          ],
          [
            76.7616623,
            32.1510016
          ],
          [
            76.761497,
            32.1505887
          ],
          [
            76.7610753,
            32.1500674
          ],
          [
            76.7607128,
            32.1496915
          ],
          [
            76.7600092,
            32.1488053
          ],
          [
            76.7603385,
            32.1483104
          ],
          [
            76.7602549,
            32.1478119
          ],
          [
            76.7594769,
            32.147221
          ],
          [
            76.7592945,
            32.146254
          ],
          [
            76.7594341,
            32.1455134
          ],
          [
            76.7595246,
            32.1452959
          ],
          [
            76.7595515,
            32.1451028
          ],
          [
            76.7593221,
            32.1449586
          ],
          [
            76.7591223,
            32.1447932
          ],
          [
            76.7589789,
            32.1445759
          ],
          [
            76.7587421,
            32.1438348
          ],
          [
            76.7589311,
            32.1428007
          ],
          [
            76.7591367,
            32.1422341
          ],
          [
            76.7590857,
            32.1421961
          ],
          [
            76.7588748,
            32.1420358
          ],
          [
            76.7587049,
            32.1419067
          ],
          [
            76.7582243,
            32.141729
          ],
          [
            76.7578643,
            32.141418
          ],
          [
            76.7580014,
            32.1407396
          ],
          [
            76.7581326,
            32.1404255
          ],
          [
            76.7580306,
            32.1401212
          ],
          [
            76.7580721,
            32.1398615
          ],
          [
            76.7582097,
            32.1396325
          ],
          [
            76.7583364,
            32.1394217
          ],
          [
            76.7587601,
            32.1391531
          ],
          [
            76.7598224,
            32.1386449
          ],
          [
            76.760431,
            32.1384983
          ],
          [
            76.7607363,
            32.1383363
          ],
          [
            76.7608509,
            32.1380699
          ],
          [
            76.7606499,
            32.1377367
          ],
          [
            76.7606373,
            32.1374835
          ],
          [
            76.7607665,
            32.1369915
          ],
          [
            76.7612559,
            32.1367833
          ],
          [
            76.7617616,
            32.1366973
          ],
          [
            76.7620987,
            32.1365501
          ],
          [
            76.7618339,
            32.1362276
          ],
          [
            76.7616698,
            32.1358454
          ],
          [
            76.7616354,
            32.1355352
          ],
          [
            76.7618027,
            32.1352335
          ],
          [
            76.762003,
            32.1352108
          ],
          [
            76.762416,
            32.1356106
          ],
          [
            76.7629836,
            32.1357709
          ],
          [
            76.7636348,
            32.1358625
          ],
          [
            76.7638534,
            32.1357561
          ],
          [
            76.7639919,
            32.135472
          ],
          [
            76.7638698,
            32.1351018
          ],
          [
            76.7631349,
            32.1348213
          ],
          [
            76.7626548,
            32.1345147
          ],
          [
            76.7624766,
            32.1343717
          ],
          [
            76.7623437,
            32.1341569
          ],
          [
            76.762467,
            32.133714
          ],
          [
            76.7622256,
            32.1328759
          ],
          [
            76.7622766,
            32.1325988
          ],
          [
            76.7628908,
            32.1326533
          ],
          [
            76.7634809,
            32.1323762
          ],
          [
            76.7634702,
            32.1318947
          ],
          [
            76.7629981,
            32.1314268
          ],
          [
            76.7629418,
            32.1309203
          ],
          [
            76.7630196,
            32.1303865
          ],
          [
            76.7630169,
            32.1300094
          ],
          [
            76.7628571,
            32.1297536
          ],
          [
            76.7625421,
            32.1295915
          ],
          [
            76.7622877,
            32.1293353
          ],
          [
            76.7622283,
            32.1285966
          ],
          [
            76.7621452,
            32.1282286
          ],
          [
            76.7619008,
            32.1280024
          ],
          [
            76.761539,
            32.1276971
          ],
          [
            76.7614316,
            32.1271195
          ],
          [
            76.7616431,
            32.1265674
          ],
          [
            76.7616905,
            32.1264435
          ],
          [
            76.7620004,
            32.1259869
          ],
          [
            76.7624071,
            32.1254882
          ],
          [
            76.7616385,
            32.1250169
          ],
          [
            76.7617944,
            32.1240846
          ],
          [
            76.7618908,
            32.1233836
          ],
          [
            76.7621153,
            32.1225496
          ],
          [
            76.7622206,
            32.1224353
          ],
          [
            76.7624883,
            32.1221448
          ],
          [
            76.762652,
            32.1215327
          ],
          [
            76.7627504,
            32.1204879
          ],
          [
            76.7626384,
            32.1203668
          ],
          [
            76.7621942,
            32.1201736
          ],
          [
            76.7620271,
            32.120101
          ],
          [
            76.7618268,
            32.1198073
          ],
          [
            76.7617482,
            32.1196217
          ],
          [
            76.761835,
            32.1194845
          ],
          [
            76.7619995,
            32.1192827
          ],
          [
            76.7622259,
            32.1190049
          ],
          [
            76.7622846,
            32.1187925
          ],
          [
            76.7621076,
            32.11832
          ],
          [
            76.7618625,
            32.1180156
          ],
          [
            76.7616838,
            32.1177657
          ],
          [
            76.761614,
            32.1174386
          ],
          [
            76.7614795,
            32.1170111
          ],
          [
            76.7616302,
            32.1168661
          ],
          [
            76.761822,
            32.1165687
          ],
          [
            76.7617586,
            32.1158287
          ],
          [
            76.7614441,
            32.114976
          ],
          [
            76.7616567,
            32.1143778
          ],
          [
            76.761708,
            32.1137129
          ],
          [
            76.7613689,
            32.11315
          ],
          [
            76.7611423,
            32.1128578
          ],
          [
            76.7609419,
            32.1125994
          ],
          [
            76.7607443,
            32.1122158
          ],
          [
            76.7607821,
            32.111677
          ],
          [
            76.7611403,
            32.1107372
          ],
          [
            76.7611742,
            32.11034
          ],
          [
            76.7611957,
            32.1100688
          ],
          [
            76.7611554,
            32.1097541
          ],
          [
            76.7609041,
            32.1093029
          ],
          [
            76.7608615,
            32.109214
          ],
          [
            76.7608791,
            32.1086829
          ],
          [
            76.7614936,
            32.1078327
          ],
          [
            76.7622042,
            32.1076787
          ],
          [
            76.7625786,
            32.1076652
          ],
          [
            76.7633986,
            32.10728
          ],
          [
            76.7640787,
            32.1064513
          ],
          [
            76.7649499,
            32.1056614
          ],
          [
            76.7654725,
            32.1053608
          ],
          [
            76.7661035,
            32.1049979
          ],
          [
            76.7659485,
            32.1041321
          ],
          [
            76.7660424,
            32.1037913
          ],
          [
            76.7662842,
            32.1034445
          ],
          [
            76.7662329,
            32.1029074
          ],
          [
            76.7657886,
            32.1022961
          ],
          [
            76.7658788,
            32.1020349
          ],
          [
            76.7659496,
            32.1016301
          ],
          [
            76.7660987,
            32.1012852
          ],
          [
            76.7660397,
            32.1009444
          ],
          [
            76.7654282,
            32.1002854
          ],
          [
            76.7653174,
            32.0998337
          ],
          [
            76.7657385,
            32.0994867
          ],
          [
            76.7658097,
            32.0994718
          ],
          [
            76.7666566,
            32.0992948
          ],
          [
            76.7676598,
            32.0991448
          ],
          [
            76.7680353,
            32.0993129
          ],
          [
            76.7682552,
            32.0998537
          ],
          [
            76.7686265,
            32.1002094
          ],
          [
            76.7689121,
            32.1001197
          ],
          [
            76.7691742,
            32.1000373
          ],
          [
            76.7694837,
            32.0996311
          ],
          [
            76.7695719,
            32.0991819
          ],
          [
            76.7696835,
            32.0982073
          ],
          [
            76.7697519,
            32.0974656
          ],
          [
            76.7697406,
            32.0970444
          ],
          [
            76.7697117,
            32.0967771
          ],
          [
            76.7698721,
            32.0964927
          ],
          [
            76.7706129,
            32.0958978
          ],
          [
            76.7716279,
            32.0953773
          ],
          [
            76.7719325,
            32.0950388
          ],
          [
            76.7719647,
            32.0943026
          ],
          [
            76.7720715,
            32.0938856
          ],
          [
            76.7724395,
            32.0930552
          ],
          [
            76.773121,
            32.0923225
          ],
          [
            76.7729813,
            32.0914668
          ],
          [
            76.7729142,
            32.0910305
          ],
          [
            76.7730096,
            32.0906912
          ],
          [
            76.773279,
            32.0905101
          ],
          [
            76.7739281,
            32.0902124
          ],
          [
            76.7742204,
            32.0897398
          ],
          [
            76.7736873,
            32.0895857
          ],
          [
            76.7729974,
            32.0896284
          ],
          [
            76.7725934,
            32.0898399
          ],
          [
            76.7721552,
            32.089967
          ],
          [
            76.7718931,
            32.0894345
          ],
          [
            76.7720157,
            32.089183
          ],
          [
            76.7725628,
            32.088924
          ],
          [
            76.7727023,
            32.0887104
          ],
          [
            76.7727613,
            32.0884831
          ],
          [
            76.7727399,
            32.0882786
          ],
          [
            76.7725374,
            32.0878739
          ],
          [
            76.7727882,
            32.086756
          ],
          [
            76.7730232,
            32.0862761
          ],
          [
            76.773049,
            32.0860991
          ],
          [
            76.77311,
            32.0856789
          ],
          [
            76.7732002,
            32.085479
          ],
          [
            76.773415,
            32.0854108
          ],
          [
            76.7744243,
            32.0851744
          ],
          [
            76.7759692,
            32.0851562
          ],
          [
            76.7765003,
            32.0844699
          ],
          [
            76.7768383,
            32.0834472
          ],
          [
            76.7777019,
            32.0831245
          ],
          [
            76.7779809,
            32.0818882
          ],
          [
            76.7783511,
            32.0816746
          ],
          [
            76.7787292,
            32.0816417
          ],
          [
            76.7792027,
            32.0812747
          ],
          [
            76.7789237,
            32.0806724
          ],
          [
            76.7792053,
            32.0796144
          ],
          [
            76.7801095,
            32.079155
          ],
          [
            76.7806792,
            32.0788656
          ],
          [
            76.7816877,
            32.0789202
          ],
          [
            76.7834472,
            32.0791384
          ],
          [
            76.7841393,
            32.079152
          ],
          [
            76.7847884,
            32.0790338
          ],
          [
            76.7850566,
            32.078743
          ],
          [
            76.7849922,
            32.0782929
          ],
          [
            76.7852605,
            32.077802
          ],
          [
            76.7854482,
            32.0775156
          ],
          [
            76.7854482,
            32.0771747
          ],
          [
            76.7853087,
            32.0763838
          ],
          [
            76.7853677,
            32.0756747
          ],
          [
            76.7856896,
            32.0748656
          ],
          [
            76.7861938,
            32.074102
          ],
          [
            76.7861509,
            32.0734928
          ],
          [
            76.7863226,
            32.0727178
          ],
          [
            76.7867544,
            32.0725678
          ],
          [
            76.7874169,
            32.0724542
          ],
          [
            76.7881169,
            32.0723201
          ],
          [
            76.7894983,
            32.07202
          ],
          [
            76.7903352,
            32.0717291
          ],
          [
            76.7914617,
            32.0719564
          ],
          [
            76.7923093,
            32.0712109
          ],
          [
            76.7931032,
            32.0711018
          ],
          [
            76.7939615,
            32.0716837
          ],
          [
            76.7947984,
            32.0716018
          ],
          [
            76.7956567,
            32.0713564
          ],
          [
            76.7962897,
            32.0703836
          ],
          [
            76.79762,
            32.0696472
          ],
          [
            76.7983174,
            32.0697108
          ],
          [
            76.7989719,
            32.0710018
          ],
          [
            76.7997328,
            32.072729
          ],
          [
            76.8005919,
            32.0737201
          ],
          [
            76.8012048,
            32.0734538
          ],
          [
            76.8014288,
            32.0733565
          ],
          [
            76.8020689,
            32.0721339
          ],
          [
            76.8021476,
            32.0719837
          ],
          [
            76.8022764,
            32.0710291
          ],
          [
            76.8030489,
            32.069879
          ],
          [
            76.8031636,
            32.0690986
          ],
          [
            76.8032152,
            32.0682971
          ],
          [
            76.8029469,
            32.0675515
          ],
          [
            76.802727,
            32.0671015
          ],
          [
            76.8028343,
            32.0665832
          ],
          [
            76.8036084,
            32.0661607
          ],
          [
            76.8037999,
            32.0657558
          ],
          [
            76.8034673,
            32.0653558
          ],
          [
            76.8023085,
            32.0649557
          ],
          [
            76.801815,
            32.0644193
          ],
          [
            76.8017936,
            32.0637101
          ],
          [
            76.8022764,
            32.0630918
          ],
          [
            76.8028986,
            32.06281
          ],
          [
            76.8034458,
            32.0630827
          ],
          [
            76.8039715,
            32.0633555
          ],
          [
            76.8045616,
            32.063301
          ],
          [
            76.8047547,
            32.06301
          ],
          [
            76.8049586,
            32.0625827
          ],
          [
            76.8054736,
            32.061928
          ],
          [
            76.8071365,
            32.060846
          ],
          [
            76.8079626,
            32.0608278
          ],
          [
            76.8089819,
            32.0610733
          ],
          [
            76.8096793,
            32.0603732
          ],
          [
            76.8103123,
            32.0597549
          ],
          [
            76.8105854,
            32.0593045
          ],
          [
            76.8109131,
            32.0587638
          ],
          [
            76.8117714,
            32.0580909
          ],
          [
            76.8131983,
            32.0571907
          ],
          [
            76.8142283,
            32.057018
          ],
          [
            76.8155587,
            32.0568634
          ],
          [
            76.8161273,
            32.0559359
          ],
          [
            76.8166076,
            32.0555499
          ],
          [
            76.8173718,
            32.0549357
          ],
          [
            76.8182945,
            32.0539536
          ],
          [
            76.8198717,
            32.053017
          ],
          [
            76.8209687,
            32.0523883
          ],
          [
            76.8209982,
            32.0523714
          ],
          [
            76.8217063,
            32.0519076
          ],
          [
            76.8225217,
            32.0507164
          ],
          [
            76.8234765,
            32.050098
          ],
          [
            76.8235267,
            32.0500353
          ],
          [
            76.8240666,
            32.0493614
          ],
          [
            76.8244958,
            32.0484521
          ],
          [
            76.8253219,
            32.0482156
          ],
          [
            76.8266523,
            32.0483702
          ],
          [
            76.8273818,
            32.0478882
          ],
          [
            76.8278432,
            32.0471607
          ],
          [
            76.8283689,
            32.0466333
          ],
          [
            76.8291092,
            32.0468788
          ],
          [
            76.8299675,
            32.0474517
          ],
          [
            76.8308365,
            32.04767
          ],
          [
            76.8324673,
            32.0475245
          ],
          [
            76.8330333,
            32.0473653
          ],
          [
            76.8332773,
            32.0468425
          ],
          [
            76.8334114,
            32.0459149
          ],
          [
            76.8344736,
            32.0452146
          ],
          [
            76.8355143,
            32.044478
          ],
          [
            76.8367696,
            32.0439414
          ],
          [
            76.8379712,
            32.043996
          ],
          [
            76.8388298,
            32.0437197
          ],
          [
            76.8391299,
            32.0436231
          ],
          [
            76.8401492,
            32.0428956
          ],
          [
            76.8402323,
            32.04274
          ],
          [
            76.8409179,
            32.0414569
          ],
          [
            76.8409753,
            32.0413496
          ],
          [
            76.8410611,
            32.0401491
          ],
          [
            76.8412237,
            32.0398701
          ],
          [
            76.841575,
            32.0392172
          ],
          [
            76.8415814,
            32.0382301
          ],
          [
            76.8416727,
            32.0378618
          ],
          [
            76.8420696,
            32.0376298
          ],
          [
            76.843164,
            32.0372751
          ],
          [
            76.8447533,
            32.0371916
          ],
          [
            76.8465827,
            32.0367341
          ],
          [
            76.8476915,
            32.0354562
          ],
          [
            76.8480027,
            32.0344284
          ],
          [
            76.8479919,
            32.0333643
          ],
          [
            76.8479663,
            32.0330895
          ],
          [
            76.8478632,
            32.0319818
          ],
          [
            76.848051,
            32.0305236
          ],
          [
            76.848067,
            32.0303992
          ],
          [
            76.8486678,
            32.029435
          ],
          [
            76.8489139,
            32.0290962
          ],
          [
            76.8490981,
            32.0288428
          ],
          [
            76.8497944,
            32.0281253
          ],
          [
            76.8495222,
            32.0271256
          ],
          [
            76.8493382,
            32.0268192
          ],
          [
            76.8488717,
            32.0260423
          ],
          [
            76.8492078,
            32.0247698
          ],
          [
            76.8494189,
            32.0231952
          ],
          [
            76.849493,
            32.0219242
          ],
          [
            76.8495375,
            32.0216865
          ],
          [
            76.8497729,
            32.0204299
          ],
          [
            76.8499658,
            32.0201291
          ],
          [
            76.8507063,
            32.0189744
          ],
          [
            76.8521976,
            32.0178919
          ],
          [
            76.8529141,
            32.0171238
          ],
          [
            76.853131,
            32.0168913
          ],
          [
            76.8530559,
            32.0160453
          ],
          [
            76.8526482,
            32.0155904
          ],
          [
            76.8532491,
            32.0147717
          ],
          [
            76.8541526,
            32.0145788
          ],
          [
            76.8547404,
            32.0144533
          ],
          [
            76.856074,
            32.0140875
          ],
          [
            76.8572938,
            32.0132252
          ],
          [
            76.8573689,
            32.0116513
          ],
          [
            76.8576908,
            32.0102321
          ],
          [
            76.8579698,
            32.0092678
          ],
          [
            76.8580501,
            32.0089776
          ],
          [
            76.8582594,
            32.0082215
          ],
          [
            76.8586349,
            32.007339
          ],
          [
            76.859858,
            32.0067568
          ],
          [
            76.8599964,
            32.0066138
          ],
          [
            76.8605447,
            32.0060471
          ],
          [
            76.8609309,
            32.0049918
          ],
          [
            76.8610244,
            32.0039806
          ],
          [
            76.8609416,
            32.0033268
          ],
          [
            76.8611133,
            32.0022896
          ],
          [
            76.86116,
            32.0022669
          ],
          [
            76.8613648,
            32.0021676
          ],
          [
            76.8622163,
            32.0017544
          ],
          [
            76.8630792,
            32.0009483
          ],
          [
            76.8632376,
            31.9999331
          ],
          [
            76.8616712,
            31.9992143
          ],
          [
            76.8610382,
            31.999005
          ],
          [
            76.8613064,
            31.9984682
          ],
          [
            76.8626046,
            31.9977494
          ],
          [
            76.8641907,
            31.9972648
          ],
          [
            76.8659305,
            31.9965484
          ],
          [
            76.866467,
            31.9961935
          ],
          [
            76.866467,
            31.9955748
          ],
          [
            76.8657052,
            31.9949015
          ],
          [
            76.8658876,
            31.9943737
          ],
          [
            76.8671214,
            31.9931726
          ],
          [
            76.8677652,
            31.9926358
          ],
          [
            76.8687308,
            31.9916712
          ],
          [
            76.8688273,
            31.9907613
          ],
          [
            76.8693745,
            31.9900151
          ],
          [
            76.8697004,
            31.9895079
          ],
          [
            76.8703508,
            31.9884955
          ],
          [
            76.8706083,
            31.9875309
          ],
          [
            76.8710053,
            31.9864844
          ],
          [
            76.8720996,
            31.9861204
          ],
          [
            76.8733665,
            31.9851596
          ],
          [
            76.8737733,
            31.9841366
          ],
          [
            76.8747175,
            31.9827261
          ],
          [
            76.876477,
            31.9818434
          ],
          [
            76.8773031,
            31.9810334
          ],
          [
            76.877979,
            31.9799596
          ],
          [
            76.878356,
            31.9794352
          ],
          [
            76.8785906,
            31.9780211
          ],
          [
            76.8787837,
            31.9766469
          ],
          [
            76.8790948,
            31.9761645
          ],
          [
            76.8797189,
            31.9760229
          ],
          [
            76.8806934,
            31.9756458
          ],
          [
            76.8819165,
            31.9750724
          ],
          [
            76.8823028,
            31.9744718
          ],
          [
            76.881777,
            31.9738074
          ],
          [
            76.8809616,
            31.9727334
          ],
          [
            76.8808436,
            31.9721145
          ],
          [
            76.8810797,
            31.9713864
          ],
          [
            76.8817449,
            31.9706856
          ],
          [
            76.8831825,
            31.970003
          ],
          [
            76.8844807,
            31.9698301
          ],
          [
            76.8857038,
            31.9702396
          ],
          [
            76.8862402,
            31.9702487
          ],
          [
            76.8866157,
            31.969912
          ],
          [
            76.8869483,
            31.9690473
          ],
          [
            76.8875277,
            31.9685923
          ],
          [
            76.8880319,
            31.9682464
          ],
          [
            76.8891907,
            31.967227
          ],
          [
            76.8902743,
            31.9665808
          ],
          [
            76.8906283,
            31.9661439
          ],
          [
            76.8901455,
            31.9652883
          ],
          [
            76.8904396,
            31.9641433
          ],
          [
            76.8912407,
            31.9628972
          ],
          [
            76.8922113,
            31.9623628
          ],
          [
            76.8929894,
            31.9615857
          ],
          [
            76.8945336,
            31.9618113
          ],
          [
            76.8953705,
            31.9619023
          ],
          [
            76.8962051,
            31.9624964
          ],
          [
            76.8976128,
            31.9627124
          ],
          [
            76.8982243,
            31.9627033
          ],
          [
            76.8999895,
            31.9619642
          ],
          [
            76.9018829,
            31.9614836
          ],
          [
            76.9021474,
            31.9612367
          ],
          [
            76.902312,
            31.9610831
          ],
          [
            76.902312,
            31.9606552
          ],
          [
            76.9023228,
            31.9600727
          ],
          [
            76.9015181,
            31.9592626
          ],
          [
            76.9006491,
            31.9582431
          ],
          [
            76.8992972,
            31.9570961
          ],
          [
            76.8989204,
            31.9566982
          ],
          [
            76.8989693,
            31.9559554
          ],
          [
            76.8993967,
            31.954644
          ],
          [
            76.9003188,
            31.9533588
          ],
          [
            76.9015288,
            31.9524991
          ],
          [
            76.903546,
            31.9510117
          ],
          [
            76.9051266,
            31.9506205
          ],
          [
            76.9073,
            31.950844
          ],
          [
            76.9075724,
            31.9507718
          ],
          [
            76.9083538,
            31.9505646
          ],
          [
            76.9091442,
            31.949894
          ],
          [
            76.9088807,
            31.9488881
          ],
          [
            76.9074976,
            31.948441
          ],
          [
            76.9065097,
            31.9477704
          ],
          [
            76.905917,
            31.9468204
          ],
          [
            76.9053901,
            31.946038
          ],
          [
            76.9053242,
            31.9449761
          ],
          [
            76.9056535,
            31.944026
          ],
          [
            76.9062463,
            31.9434672
          ],
          [
            76.905917,
            31.9421817
          ],
          [
            76.9053242,
            31.9413993
          ],
          [
            76.9048632,
            31.9404492
          ],
          [
            76.9048632,
            31.9398344
          ],
          [
            76.9051167,
            31.9396193
          ],
          [
            76.9055877,
            31.9392196
          ],
          [
            76.9073,
            31.9391637
          ],
          [
            76.9085514,
            31.9397785
          ],
          [
            76.9101321,
            31.9397226
          ],
          [
            76.9109224,
            31.9388842
          ],
          [
            76.9105931,
            31.9377664
          ],
          [
            76.9094735,
            31.9370398
          ],
          [
            76.908288,
            31.9370398
          ],
          [
            76.9069707,
            31.9364809
          ],
          [
            76.9063121,
            31.9358102
          ],
          [
            76.9064677,
            31.9353821
          ],
          [
            76.9074976,
            31.9350277
          ],
          [
            76.9093417,
            31.9351395
          ],
          [
            76.9107248,
            31.9355866
          ],
          [
            76.9124372,
            31.9357543
          ],
          [
            76.9140837,
            31.935922
          ],
          [
            76.9154185,
            31.9360502
          ],
          [
            76.916283,
            31.9357572
          ],
          [
            76.9166445,
            31.9347946
          ],
          [
            76.9156543,
            31.9335699
          ],
          [
            76.9142813,
            31.9331273
          ],
          [
            76.91303,
            31.9326243
          ],
          [
            76.9125031,
            31.9317859
          ],
          [
            76.9130958,
            31.9307798
          ],
          [
            76.9144789,
            31.9298295
          ],
          [
            76.915862,
            31.929047
          ],
          [
            76.9171134,
            31.9284321
          ],
          [
            76.918694,
            31.9287675
          ],
          [
            76.9202747,
            31.9287675
          ],
          [
            76.9217236,
            31.927929
          ],
          [
            76.9222505,
            31.9270347
          ],
          [
            76.9213285,
            31.9258608
          ],
          [
            76.9196161,
            31.9249105
          ],
          [
            76.9190892,
            31.9241279
          ],
          [
            76.9195502,
            31.9231776
          ],
          [
            76.921065,
            31.9227304
          ],
          [
            76.9223822,
            31.9217801
          ],
          [
            76.9232849,
            31.9210825
          ],
          [
            76.9235751,
            31.9202903
          ],
          [
            76.9232384,
            31.918985
          ],
          [
            76.9231726,
            31.9181465
          ],
          [
            76.924044,
            31.9170815
          ],
          [
            76.92459,
            31.9161618
          ],
          [
            76.9247553,
            31.9146966
          ],
          [
            76.9250304,
            31.9132431
          ],
          [
            76.9254119,
            31.9121647
          ],
          [
            76.925807,
            31.9115497
          ],
          [
            76.9271242,
            31.9106552
          ],
          [
            76.9276405,
            31.910123
          ],
          [
            76.9280463,
            31.9097047
          ],
          [
            76.9287708,
            31.9088661
          ],
          [
            76.9302197,
            31.9087543
          ],
          [
            76.9316687,
            31.9092016
          ],
          [
            76.9330517,
            31.9097606
          ],
          [
            76.9341714,
            31.9094811
          ],
          [
            76.93483,
            31.9088661
          ],
          [
            76.9355482,
            31.9080333
          ],
          [
            76.9356057,
            31.9076649
          ],
          [
            76.9347641,
            31.9069381
          ],
          [
            76.9340617,
            31.9058249
          ],
          [
            76.9350934,
            31.9049524
          ],
          [
            76.9366824,
            31.9038355
          ],
          [
            76.9376718,
            31.9027698
          ],
          [
            76.9384524,
            31.901374
          ],
          [
            76.9387274,
            31.9001945
          ],
          [
            76.9387411,
            31.8991833
          ],
          [
            76.9393085,
            31.8982987
          ],
          [
            76.9402965,
            31.8975718
          ],
          [
            76.9412185,
            31.8966212
          ],
          [
            76.941943,
            31.8957266
          ],
          [
            76.9421654,
            31.8944991
          ],
          [
            76.9422064,
            31.8942727
          ],
          [
            76.9426675,
            31.8930985
          ],
          [
            76.9436554,
            31.892036
          ],
          [
            76.9445774,
            31.8909176
          ],
          [
            76.9455654,
            31.8898551
          ],
          [
            76.9458288,
            31.8886808
          ],
          [
            76.9461581,
            31.8878979
          ],
          [
            76.9468167,
            31.8873946
          ],
          [
            76.9481339,
            31.8872268
          ],
          [
            76.9494512,
            31.8873946
          ],
          [
            76.9504391,
            31.8877861
          ],
          [
            76.9514929,
            31.887842
          ],
          [
            76.951888,
            31.8868354
          ],
          [
            76.9517563,
            31.8858847
          ],
          [
            76.9515587,
            31.8848222
          ],
          [
            76.9504391,
            31.8839833
          ],
          [
            76.9494512,
            31.8834241
          ],
          [
            76.9491803,
            31.8832106
          ],
          [
            76.9489386,
            31.8826389
          ],
          [
            76.9490594,
            31.8822577
          ],
          [
            76.9493529,
            31.8817446
          ],
          [
            76.9497155,
            31.8814221
          ],
          [
            76.9498499,
            31.880402
          ],
          [
            76.9496523,
            31.8791716
          ],
          [
            76.9494547,
            31.8785005
          ],
          [
            76.9505085,
            31.8779971
          ],
          [
            76.9492571,
            31.8770464
          ],
          [
            76.9489278,
            31.8758719
          ],
          [
            76.9487919,
            31.8754222
          ],
          [
            76.9491617,
            31.8741211
          ],
          [
            76.9496523,
            31.873355
          ],
          [
            76.9509996,
            31.8733578
          ],
          [
            76.9522131,
            31.8737969
          ],
          [
            76.9537693,
            31.874377
          ],
          [
            76.9546914,
            31.8748758
          ],
          [
            76.9551244,
            31.8749531
          ],
          [
            76.9554832,
            31.8748374
          ],
          [
            76.956053,
            31.8748374
          ],
          [
            76.9565882,
            31.8743096
          ],
          [
            76.9568774,
            31.8738441
          ],
          [
            76.9567047,
            31.8732576
          ],
          [
            76.9562947,
            31.8725062
          ],
          [
            76.955971,
            31.872048
          ],
          [
            76.9557983,
            31.8714432
          ],
          [
            76.9557552,
            31.8708751
          ],
          [
            76.9559278,
            31.8702886
          ],
          [
            76.9562731,
            31.8699587
          ],
          [
            76.9569637,
            31.8698854
          ],
          [
            76.9576975,
            31.8703436
          ],
          [
            76.9582802,
            31.8710583
          ],
          [
            76.9586687,
            31.8719014
          ],
          [
            76.9591866,
            31.8728178
          ],
          [
            76.9597261,
            31.8729827
          ],
          [
            76.9603736,
            31.8730011
          ],
          [
            76.9609131,
            31.8727811
          ],
          [
            76.9613879,
            31.872268
          ],
          [
            76.9613663,
            31.8718098
          ],
          [
            76.9605247,
            31.8712966
          ],
          [
            76.9597477,
            31.8708018
          ],
          [
            76.9592298,
            31.8703802
          ],
          [
            76.9592513,
            31.8698487
          ],
          [
            76.9596614,
            31.8694821
          ],
          [
            76.9591003,
            31.8689873
          ],
          [
            76.9583881,
            31.8685108
          ],
          [
            76.9575187,
            31.8676773
          ],
          [
            76.9573607,
            31.8669166
          ],
          [
            76.9583091,
            31.8665139
          ],
          [
            76.9590467,
            31.8653952
          ],
          [
            76.9608908,
            31.8643213
          ],
          [
            76.9623661,
            31.8633368
          ],
          [
            76.9626822,
            31.862397
          ],
          [
            76.9621554,
            31.8618153
          ],
          [
            76.9610489,
            31.86186
          ],
          [
            76.9601532,
            31.8616363
          ],
          [
            76.9600478,
            31.8606518
          ],
          [
            76.9609435,
            31.8598015
          ],
          [
            76.9610489,
            31.8589065
          ],
          [
            76.960522,
            31.858459
          ],
          [
            76.9595736,
            31.8583695
          ],
          [
            76.9588886,
            31.857564
          ],
          [
            76.9591521,
            31.8564451
          ],
          [
            76.9597844,
            31.8555501
          ],
          [
            76.9606274,
            31.8549683
          ],
          [
            76.9615231,
            31.8543865
          ],
          [
            76.9626296,
            31.854297
          ],
          [
            76.9630511,
            31.8551473
          ],
          [
            76.963736,
            31.8558186
          ],
          [
            76.9649479,
            31.8552368
          ],
          [
            76.9658963,
            31.8543865
          ],
          [
            76.9662124,
            31.8537152
          ],
          [
            76.9667149,
            31.8530717
          ],
          [
            76.9672846,
            31.8518252
          ],
          [
            76.9676127,
            31.850212
          ],
          [
            76.9678198,
            31.8490241
          ],
          [
            76.9680833,
            31.8476814
          ],
          [
            76.9680306,
            31.8467415
          ],
          [
            76.9668714,
            31.8450854
          ],
          [
            76.9658703,
            31.8446379
          ],
          [
            76.9642897,
            31.844235
          ],
          [
            76.963552,
            31.8433846
          ],
          [
            76.9636574,
            31.8419076
          ],
          [
            76.9638155,
            31.8406095
          ],
          [
            76.9647639,
            31.8394458
          ],
          [
            76.9659757,
            31.8381477
          ],
          [
            76.9660284,
            31.8370734
          ],
          [
            76.9653961,
            31.8362229
          ],
          [
            76.9652908,
            31.8351039
          ],
          [
            76.965765,
            31.8338057
          ],
          [
            76.9660811,
            31.8325523
          ],
          [
            76.9665553,
            31.8317913
          ],
          [
            76.9672403,
            31.8312542
          ],
          [
            76.9682413,
            31.8315228
          ],
          [
            76.9687522,
            31.8317841
          ],
          [
            76.9701908,
            31.8317466
          ],
          [
            76.9706058,
            31.8311119
          ],
          [
            76.9707177,
            31.8309408
          ],
          [
            76.9704466,
            31.830394
          ],
          [
            76.9696778,
            31.8294644
          ],
          [
            76.9677683,
            31.8287224
          ],
          [
            76.9666603,
            31.8278429
          ],
          [
            76.9661246,
            31.8271071
          ],
          [
            76.9662539,
            31.8254914
          ],
          [
            76.9665199,
            31.8243805
          ],
          [
            76.9670272,
            31.8237326
          ],
          [
            76.9675042,
            31.8228044
          ],
          [
            76.9679779,
            31.8221665
          ],
          [
            76.9686629,
            31.8215845
          ],
          [
            76.9696113,
            31.8213606
          ],
          [
            76.97135,
            31.8212711
          ],
          [
            76.9725091,
            31.8208234
          ],
          [
            76.9739328,
            31.8200935
          ],
          [
            76.9743147,
            31.819757
          ],
          [
            76.9744491,
            31.8194145
          ],
          [
            76.9746117,
            31.8187055
          ],
          [
            76.9749936,
            31.8180685
          ],
          [
            76.9752199,
            31.8178161
          ],
          [
            76.9755436,
            31.8171743
          ],
          [
            76.9767576,
            31.8165783
          ],
          [
            76.9772971,
            31.8158906
          ],
          [
            76.9777287,
            31.8141713
          ],
          [
            76.9780525,
            31.8129563
          ],
          [
            76.9781604,
            31.8108244
          ],
          [
            76.9779715,
            31.8099303
          ],
          [
            76.9776208,
            31.8094489
          ],
          [
            76.977432,
            31.8090592
          ],
          [
            76.9775939,
            31.8084173
          ],
          [
            76.9778636,
            31.80789
          ],
          [
            76.9779985,
            31.8070876
          ],
          [
            76.9783222,
            31.806033
          ],
          [
            76.9790506,
            31.8049784
          ],
          [
            76.9802106,
            31.8036487
          ],
          [
            76.9806962,
            31.8026858
          ],
          [
            76.980939,
            31.8016541
          ],
          [
            76.9807501,
            31.8011726
          ],
          [
            76.9804264,
            31.8007828
          ],
          [
            76.9795901,
            31.8001179
          ],
          [
            76.9789966,
            31.7996365
          ],
          [
            76.9778906,
            31.7994072
          ],
          [
            76.9765957,
            31.7993613
          ],
          [
            76.9753278,
            31.7990174
          ],
          [
            76.9743566,
            31.7984901
          ],
          [
            76.9723334,
            31.7969081
          ],
          [
            76.9714701,
            31.7961056
          ],
          [
            76.9714971,
            31.7955094
          ],
          [
            76.9719018,
            31.7952343
          ],
          [
            76.9729539,
            31.7953719
          ],
          [
            76.973898,
            31.7957617
          ],
          [
            76.9745725,
            31.7958763
          ],
          [
            76.9753548,
            31.7958304
          ],
          [
            76.9757325,
            31.795349
          ],
          [
            76.9758404,
            31.7944089
          ],
          [
            76.9757594,
            31.7935605
          ],
          [
            76.9754357,
            31.7925287
          ],
          [
            76.975139,
            31.7917491
          ],
          [
            76.9752199,
            31.7907402
          ],
          [
            76.9757864,
            31.7896625
          ],
          [
            76.9764339,
            31.7891351
          ],
          [
            76.9775399,
            31.7889288
          ],
          [
            76.9786999,
            31.7893874
          ],
          [
            76.9790236,
            31.7907861
          ],
          [
            76.9788618,
            31.7916803
          ],
          [
            76.9793204,
            31.7922536
          ],
          [
            76.979892,
            31.792373
          ],
          [
            76.9809071,
            31.7916154
          ],
          [
            76.9813527,
            31.7904369
          ],
          [
            76.9808823,
            31.7889006
          ],
          [
            76.9801891,
            31.7863541
          ],
          [
            76.979991,
            31.7842917
          ],
          [
            76.9803129,
            31.7837024
          ],
          [
            76.9812042,
            31.7837234
          ],
          [
            76.9825412,
            31.7832394
          ],
          [
            76.9841505,
            31.7819976
          ],
          [
            76.9846704,
            31.7807559
          ],
          [
            76.9841257,
            31.7795352
          ],
          [
            76.9829621,
            31.7774304
          ],
          [
            76.9826887,
            31.7753712
          ],
          [
            76.9824436,
            31.7734959
          ],
          [
            76.9820934,
            31.7721266
          ],
          [
            76.9815419,
            31.7712261
          ],
          [
            76.9802639,
            31.7699461
          ],
          [
            76.9791347,
            31.7691944
          ],
          [
            76.9780668,
            31.7686214
          ],
          [
            76.9775328,
            31.7679516
          ],
          [
            76.9778097,
            31.7669821
          ],
          [
            76.9780525,
            31.7663399
          ],
          [
            76.9794822,
            31.7657665
          ],
          [
            76.9813166,
            31.7645968
          ],
          [
            76.9824227,
            31.7639546
          ],
          [
            76.9837985,
            31.7635646
          ],
          [
            76.9842301,
            31.7627848
          ],
          [
            76.9837985,
            31.7621196
          ],
          [
            76.9827194,
            31.7618673
          ],
          [
            76.9818831,
            31.762005
          ],
          [
            76.9812357,
            31.7626931
          ],
          [
            76.9803725,
            31.7628765
          ],
          [
            76.9801297,
            31.7618903
          ],
          [
            76.9802376,
            31.7609269
          ],
          [
            76.9808311,
            31.7598718
          ],
          [
            76.9805883,
            31.7589773
          ],
          [
            76.9794822,
            31.7579909
          ],
          [
            76.9790236,
            31.7573257
          ],
          [
            76.9782143,
            31.7567523
          ],
          [
            76.9772162,
            31.7562706
          ],
          [
            76.9767036,
            31.7555136
          ],
          [
            76.9765148,
            31.7547796
          ],
          [
            76.9764339,
            31.7536327
          ],
          [
            76.9775129,
            31.7526004
          ],
          [
            76.9785111,
            31.7521187
          ],
          [
            76.9794552,
            31.7514535
          ],
          [
            76.9805343,
            31.7513388
          ],
          [
            76.9818022,
            31.7511094
          ],
          [
            76.982072,
            31.7502147
          ],
          [
            76.9816673,
            31.7491136
          ],
          [
            76.9819641,
            31.7484942
          ],
          [
            76.9829622,
            31.7477601
          ],
          [
            76.9840413,
            31.7469343
          ],
          [
            76.9849585,
            31.7469572
          ],
          [
            76.985525,
            31.7470949
          ],
          [
            76.9854171,
            31.7476454
          ],
          [
            76.9846887,
            31.7484942
          ],
          [
            76.9839604,
            31.7495036
          ],
          [
            76.9839064,
            31.7504212
          ],
          [
            76.9847157,
            31.750857
          ],
          [
            76.9856869,
            31.7509488
          ],
          [
            76.9867929,
            31.7506276
          ],
          [
            76.9882227,
            31.7498247
          ],
          [
            76.9887892,
            31.7489989
          ],
          [
            76.9883306,
            31.7479207
          ],
          [
            76.9881687,
            31.7468884
          ],
          [
            76.9881957,
            31.7458102
          ],
          [
            76.9893017,
            31.7448237
          ],
          [
            76.9902999,
            31.7446861
          ],
          [
            76.9914329,
            31.7446173
          ],
          [
            76.9915138,
            31.7429655
          ],
          [
            76.9914329,
            31.7418184
          ],
          [
            76.991271,
            31.7411072
          ],
          [
            76.9911631,
            31.740396
          ],
          [
            76.9914059,
            31.7397307
          ],
          [
            76.9923501,
            31.7389966
          ],
          [
            76.9937529,
            31.7383083
          ],
          [
            76.9941845,
            31.7374823
          ],
          [
            76.9942115,
            31.7366335
          ],
          [
            76.9938608,
            31.7360369
          ],
          [
            76.9931594,
            31.7354404
          ],
          [
            76.9923771,
            31.7348439
          ],
          [
            76.9915948,
            31.7341326
          ],
          [
            76.9910283,
            31.7333755
          ],
          [
            76.9906506,
            31.7325036
          ],
          [
            76.9904348,
            31.7316088
          ],
          [
            76.9903269,
            31.7308287
          ],
          [
            76.9907315,
            31.7297503
          ],
          [
            76.9919724,
            31.7288554
          ],
          [
            76.9942655,
            31.7281671
          ],
          [
            76.9954524,
            31.7274558
          ],
          [
            76.9961538,
            31.7266298
          ],
          [
            76.9967473,
            31.7254595
          ],
          [
            76.997152,
            31.7250236
          ],
          [
            76.9976915,
            31.7245187
          ],
          [
            76.9983929,
            31.7241516
          ],
          [
            76.9989594,
            31.7243811
          ],
          [
            76.9996338,
            31.7252071
          ],
          [
            77.0002543,
            31.7258726
          ],
          [
            77.0009557,
            31.7262397
          ],
          [
            77.0016301,
            31.7262626
          ],
          [
            77.0021966,
            31.7259184
          ],
          [
            77.0025743,
            31.7255284
          ],
          [
            77.0031138,
            31.7244499
          ],
          [
            77.002952,
            31.7238304
          ],
          [
            77.0024394,
            31.7230961
          ],
          [
            77.0006589,
            31.721834
          ],
          [
            76.999391,
            31.7208244
          ],
          [
            76.9984738,
            31.7200671
          ],
          [
            76.9977724,
            31.7195164
          ],
          [
            76.9973948,
            31.7189427
          ],
          [
            76.9973986,
            31.7181144
          ],
          [
            76.9978862,
            31.7172849
          ],
          [
            76.9976976,
            31.7164337
          ]
        ]
      }
    },
    {
      "type": "Feature",
      "properties": {
        "osm_id": 177889860,
        "waterway": "river",
        "name": "Beas",
        "source": "OpenStreetMap / Overpass API"
      },
      "geometry": {
        "type": "LineString",
        "coordinates": [
          [
            76.9273306,
            31.7760156
          ],
          [
            76.9271351,
            31.7766548
          ],
          [
            76.9271405,
            31.7771702
          ],
          [
            76.9270081,
            31.7776775
          ],
          [
            76.9257243,
            31.7789851
          ],
          [
            76.9241954,
            31.7798789
          ],
          [
            76.9216902,
            31.7802255
          ],
          [
            76.9207246,
            31.7805538
          ],
          [
            76.9198878,
            31.7809779
          ],
          [
            76.9193191,
            31.7817395
          ],
          [
            76.9184286,
            31.7839967
          ],
          [
            76.9170554,
            31.7853236
          ],
          [
            76.916506,
            31.7856728
          ],
          [
            76.9153619,
            31.7864001
          ],
          [
            76.9136597,
            31.7866734
          ],
          [
            76.9122918,
            31.7867828
          ],
          [
            76.9116427,
            31.7864089
          ],
          [
            76.9108058,
            31.7862219
          ],
          [
            76.909293,
            31.7863952
          ],
          [
            76.9082731,
            31.7861703
          ],
          [
            76.9072224,
            31.7855835
          ],
          [
            76.9060261,
            31.7847308
          ],
          [
            76.9046099,
            31.7843068
          ],
          [
            76.903242,
            31.784366
          ],
          [
            76.9019974,
            31.7848722
          ],
          [
            76.9010962,
            31.7859027
          ],
          [
            76.9003991,
            31.7866788
          ],
          [
            76.8996961,
            31.7886386
          ],
          [
            76.8987681,
            31.7902801
          ],
          [
            76.8980653,
            31.7918304
          ],
          [
            76.8975128,
            31.7934217
          ],
          [
            76.8969567,
            31.7943555
          ],
          [
            76.895544,
            31.7957014
          ],
          [
            76.8943424,
            31.7960114
          ],
          [
            76.892599,
            31.7970236
          ],
          [
            76.8908019,
            31.7979947
          ],
          [
            76.8875081,
            31.7983367
          ],
          [
            76.8865694,
            31.7984324
          ],
          [
            76.8857432,
            31.798747
          ],
          [
            76.8847723,
            31.7998048
          ],
          [
            76.8836779,
            31.8003655
          ],
          [
            76.8826184,
            31.8011548
          ],
          [
            76.8801589,
            31.8044641
          ],
          [
            76.8790592,
            31.8060187
          ],
          [
            76.8783833,
            31.807628
          ],
          [
            76.8777824,
            31.8084577
          ],
          [
            76.8770475,
            31.8093011
          ],
          [
            76.8760948,
            31.8098201
          ],
          [
            76.8757332,
            31.810304
          ],
          [
            76.874993,
            31.8114072
          ],
          [
            76.874655,
            31.812173
          ],
          [
            76.874537,
            31.8135087
          ],
          [
            76.8747355,
            31.8149993
          ],
          [
            76.8746335,
            31.8156967
          ],
          [
            76.8742499,
            31.8162595
          ],
          [
            76.8735553,
            31.8168409
          ],
          [
            76.8729652,
            31.8176431
          ],
          [
            76.8720157,
            31.8185138
          ],
          [
            76.8713237,
            31.8188101
          ],
          [
            76.8705566,
            31.8192613
          ],
          [
            76.869076,
            31.8202003
          ],
          [
            76.8677778,
            31.8206607
          ],
          [
            76.8670858,
            31.8210117
          ],
          [
            76.8656803,
            31.8223244
          ],
          [
            76.8642427,
            31.8232588
          ],
          [
            76.863615,
            31.8242889
          ],
          [
            76.8626709,
            31.825278
          ],
          [
            76.8612332,
            31.8261212
          ],
          [
            76.8593918,
            31.8267061
          ],
          [
            76.8589861,
            31.8267691
          ],
          [
            76.8581996,
            31.8268459
          ],
          [
            76.856762,
            31.8265907
          ],
          [
            76.8556354,
            31.8254694
          ],
          [
            76.8550802,
            31.8243651
          ],
          [
            76.8542407,
            31.8235824
          ],
          [
            76.8532966,
            31.8232087
          ],
          [
            76.8521082,
            31.8233741
          ],
          [
            76.8495844,
            31.8244029
          ],
          [
            76.8481038,
            31.8254785
          ],
          [
            76.8456147,
            31.8269462
          ],
          [
            76.8428896,
            31.8284958
          ],
          [
            76.8411837,
            31.8293618
          ],
          [
            76.8403576,
            31.8294074
          ],
          [
            76.8396758,
            31.8291156
          ],
          [
            76.8395207,
            31.828742
          ],
          [
            76.8394671,
            31.827639
          ],
          [
            76.8401752,
            31.8266909
          ],
          [
            76.8406151,
            31.8254421
          ],
          [
            76.8394993,
            31.8245852
          ],
          [
            76.8380938,
            31.8236007
          ],
          [
            76.8367634,
            31.8232542
          ],
          [
            76.8353985,
            31.8231234
          ],
          [
            76.8332336,
            31.8228349
          ],
          [
            76.8315117,
            31.8229853
          ],
          [
            76.8303583,
            31.8229808
          ],
          [
            76.8289153,
            31.8227118
          ],
          [
            76.8273489,
            31.8226799
          ],
          [
            76.825879,
            31.822215
          ],
          [
            76.8169934,
            31.8189397
          ],
          [
            76.8143026,
            31.8182312
          ],
          [
            76.8126021,
            31.817944
          ],
          [
            76.8091957,
            31.8179805
          ],
          [
            76.8053675,
            31.8182037
          ],
          [
            76.8042229,
            31.8184819
          ],
          [
            76.8030963,
            31.8191656
          ],
          [
            76.8015192,
            31.8209251
          ],
          [
            76.7977895,
            31.823616
          ],
          [
            76.7953287,
            31.8251139
          ],
          [
            76.7931561,
            31.825597
          ],
          [
            76.7915592,
            31.8265811
          ],
          [
            76.7902807,
            31.8281494
          ],
          [
            76.7901895,
            31.8302323
          ],
          [
            76.7899018,
            31.8311883
          ],
          [
            76.7884139,
            31.8318913
          ],
          [
            76.7869576,
            31.8318784
          ],
          [
            76.7840712,
            31.8305441
          ],
          [
            76.7813919,
            31.8279899
          ],
          [
            76.7796051,
            31.8247895
          ],
          [
            76.7794875,
            31.8220691
          ],
          [
            76.7787987,
            31.8193969
          ],
          [
            76.7772415,
            31.8179708
          ],
          [
            76.7757271,
            31.8173611
          ],
          [
            76.7736688,
            31.8174421
          ],
          [
            76.7724607,
            31.817842
          ],
          [
            76.7722634,
            31.8194204
          ],
          [
            76.7723077,
            31.823669
          ],
          [
            76.7679718,
            31.8270779
          ],
          [
            76.7634018,
            31.8295948
          ],
          [
            76.7575739,
            31.8335175
          ],
          [
            76.7534289,
            31.8384946
          ],
          [
            76.7514294,
            31.8453506
          ],
          [
            76.7555639,
            31.8476542
          ],
          [
            76.7591242,
            31.8500664
          ],
          [
            76.7591903,
            31.8513908
          ],
          [
            76.7575166,
            31.8535597
          ],
          [
            76.7552393,
            31.8548608
          ],
          [
            76.752989,
            31.8552912
          ],
          [
            76.7519376,
            31.8547991
          ],
          [
            76.7496845,
            31.852539
          ],
          [
            76.7486546,
            31.8524114
          ],
          [
            76.7455003,
            31.8527942
          ],
          [
            76.7455996,
            31.8540049
          ],
          [
            76.7449853,
            31.8552547
          ],
          [
            76.7414019,
            31.8577152
          ],
          [
            76.736242,
            31.8626204
          ],
          [
            76.7335054,
            31.8620345
          ],
          [
            76.7290637,
            31.8641302
          ],
          [
            76.7279667,
            31.8653083
          ],
          [
            76.7245361,
            31.8671189
          ],
          [
            76.7212805,
            31.8702295
          ],
          [
            76.7198155,
            31.8722578
          ],
          [
            76.7188069,
            31.8756289
          ],
          [
            76.7197296,
            31.8773964
          ],
          [
            76.7216179,
            31.8786537
          ],
          [
            76.7218325,
            31.8792003
          ],
          [
            76.7213257,
            31.8808148
          ],
          [
            76.7193219,
            31.882061
          ],
          [
            76.7167899,
            31.8828262
          ],
          [
            76.7156348,
            31.8824964
          ],
          [
            76.7142869,
            31.8817539
          ],
          [
            76.7137858,
            31.8814779
          ],
          [
            76.7120907,
            31.8804029
          ],
          [
            76.7115757,
            31.8792732
          ],
          [
            76.7086517,
            31.8766455
          ],
          [
            76.7056534,
            31.878107
          ],
          [
            76.7040655,
            31.8805304
          ],
          [
            76.7025689,
            31.8807901
          ],
          [
            76.6969416,
            31.881405
          ],
          [
            76.6932252,
            31.8813414
          ],
          [
            76.68735,
            31.8821885
          ],
          [
            76.6843245,
            31.8822614
          ],
          [
            76.6828868,
            31.8818605
          ],
          [
            76.6812775,
            31.8818605
          ],
          [
            76.6798827,
            31.8824072
          ],
          [
            76.6788575,
            31.883258
          ],
          [
            76.6785953,
            31.8853406
          ],
          [
            76.6800758,
            31.8860329
          ],
          [
            76.6820714,
            31.8859783
          ],
          [
            76.682286,
            31.8868893
          ],
          [
            76.6818997,
            31.8874905
          ],
          [
            76.6762544,
            31.8877596
          ]
        ]
      }
    },
    {
      "type": "Feature",
      "properties": {
        "osm_id": 191460926,
        "waterway": "river",
        "name": "Beas River",
        "source": "OpenStreetMap / Overpass API"
      },
      "geometry": {
        "type": "LineString",
        "coordinates": [
          [
            76.936621,
            31.728931
          ],
          [
            76.9354348,
            31.7318926
          ],
          [
            76.9351091,
            31.7336027
          ],
          [
            76.9353052,
            31.7367811
          ],
          [
            76.9360992,
            31.7387029
          ],
          [
            76.9360079,
            31.7419359
          ],
          [
            76.9368975,
            31.7434992
          ],
          [
            76.9383458,
            31.7454457
          ],
          [
            76.9402095,
            31.7499322
          ],
          [
            76.940457,
            31.750458
          ],
          [
            76.9409244,
            31.7523854
          ],
          [
            76.9408363,
            31.7542424
          ],
          [
            76.9403098,
            31.7564226
          ],
          [
            76.9401964,
            31.758634
          ],
          [
            76.9401083,
            31.7603573
          ],
          [
            76.9395859,
            31.7611347
          ],
          [
            76.9390209,
            31.7616942
          ],
          [
            76.9372417,
            31.7624894
          ],
          [
            76.936017,
            31.7626376
          ],
          [
            76.9344414,
            31.7626308
          ],
          [
            76.933411,
            31.76268
          ],
          [
            76.9323976,
            31.7629318
          ],
          [
            76.9316466,
            31.7636524
          ],
          [
            76.9310623,
            31.7648775
          ],
          [
            76.9305576,
            31.7653537
          ],
          [
            76.9303698,
            31.7662978
          ],
          [
            76.9297681,
            31.7680334
          ],
          [
            76.9296135,
            31.7688472
          ],
          [
            76.9292862,
            31.7696134
          ],
          [
            76.9290992,
            31.7704379
          ],
          [
            76.9287927,
            31.7716475
          ],
          [
            76.9283044,
            31.7734816
          ],
          [
            76.9273306,
            31.7760156
          ]
        ]
      }
    },
    {
      "type": "Feature",
      "properties": {
        "osm_id": 191460929,
        "waterway": "river",
        "name": "Beas River",
        "source": "OpenStreetMap / Overpass API"
      },
      "geometry": {
        "type": "LineString",
        "coordinates": [
          [
            77.0435813,
            31.6926066
          ],
          [
            77.0437599,
            31.6947773
          ],
          [
            77.0430921,
            31.6955944
          ],
          [
            77.042117,
            31.6961014
          ],
          [
            77.0402636,
            31.6970035
          ],
          [
            77.0377602,
            31.6979077
          ],
          [
            77.0372573,
            31.6988514
          ],
          [
            77.0370099,
            31.6999395
          ],
          [
            77.0369806,
            31.7017632
          ],
          [
            77.034448,
            31.7040605
          ],
          [
            77.0337073,
            31.7051007
          ],
          [
            77.0329358,
            31.706288
          ],
          [
            77.0327745,
            31.7069605
          ],
          [
            77.0328198,
            31.7071505
          ],
          [
            77.0328832,
            31.7074164
          ],
          [
            77.0330081,
            31.7079406
          ],
          [
            77.0332991,
            31.7087546
          ],
          [
            77.0334457,
            31.7094018
          ],
          [
            77.0332118,
            31.7101854
          ],
          [
            77.0325238,
            31.7104573
          ],
          [
            77.0308585,
            31.7103787
          ],
          [
            77.0297745,
            31.7105545
          ],
          [
            77.0291819,
            31.7108255
          ],
          [
            77.0288606,
            31.711488
          ],
          [
            77.0289381,
            31.7116768
          ],
          [
            77.0293435,
            31.7126642
          ],
          [
            77.0293687,
            31.7133129
          ],
          [
            77.0289575,
            31.7139565
          ],
          [
            77.0272754,
            31.7150382
          ],
          [
            77.0256899,
            31.7158117
          ],
          [
            77.0246824,
            31.716548
          ],
          [
            77.0241774,
            31.7169171
          ],
          [
            77.0237128,
            31.7175958
          ],
          [
            77.0234134,
            31.7183332
          ],
          [
            77.0232208,
            31.7200338
          ],
          [
            77.0233896,
            31.7209464
          ],
          [
            77.0231068,
            31.7217884
          ],
          [
            77.0224098,
            31.7219322
          ],
          [
            77.0220336,
            31.7217297
          ],
          [
            77.0216373,
            31.7214318
          ],
          [
            77.0211939,
            31.7207834
          ],
          [
            77.0202637,
            31.720461
          ],
          [
            77.0193855,
            31.7205743
          ],
          [
            77.01888,
            31.7209636
          ],
          [
            77.0184457,
            31.721522
          ],
          [
            77.0180991,
            31.7225183
          ],
          [
            77.0174943,
            31.7233577
          ],
          [
            77.0166378,
            31.7236741
          ],
          [
            77.016053,
            31.7236741
          ],
          [
            77.0152541,
            31.7236741
          ],
          [
            77.0133755,
            31.723382
          ],
          [
            77.011199,
            31.7229353
          ],
          [
            77.0099542,
            31.7227584
          ],
          [
            77.0085044,
            31.7223575
          ],
          [
            77.0063726,
            31.7216599
          ],
          [
            77.0053056,
            31.7212724
          ],
          [
            77.0042434,
            31.7204806
          ],
          [
            77.0028216,
            31.7191617
          ],
          [
            77.0007496,
            31.7176351
          ],
          [
            76.9997803,
            31.7171853
          ],
          [
            76.9976976,
            31.7164337
          ],
          [
            76.9969186,
            31.7160234
          ],
          [
            76.9951979,
            31.7146366
          ],
          [
            76.993301,
            31.7128463
          ],
          [
            76.9917696,
            31.7117035
          ],
          [
            76.9903216,
            31.7107039
          ],
          [
            76.988796,
            31.7098488
          ],
          [
            76.9874132,
            31.7093006
          ],
          [
            76.9863551,
            31.7091605
          ],
          [
            76.9846219,
            31.7088635
          ],
          [
            76.9821624,
            31.7087768
          ],
          [
            76.9804815,
            31.7078896
          ],
          [
            76.9792478,
            31.70699
          ],
          [
            76.9777497,
            31.7064652
          ],
          [
            76.9768735,
            31.7053114
          ],
          [
            76.9763133,
            31.70387
          ],
          [
            76.9755086,
            31.7031868
          ],
          [
            76.9744523,
            31.7031544
          ],
          [
            76.9728149,
            31.7036163
          ],
          [
            76.970926,
            31.7030987
          ],
          [
            76.969134,
            31.7029325
          ],
          [
            76.9675722,
            31.7034202
          ],
          [
            76.9661047,
            31.7027741
          ],
          [
            76.964872,
            31.7018676
          ],
          [
            76.9638953,
            31.7011299
          ],
          [
            76.9628571,
            31.7009922
          ],
          [
            76.9614614,
            31.7009713
          ],
          [
            76.9595704,
            31.7018166
          ],
          [
            76.9564935,
            31.703889
          ],
          [
            76.9534166,
            31.7047888
          ],
          [
            76.9522308,
            31.7041344
          ],
          [
            76.9511731,
            31.7031255
          ],
          [
            76.9493462,
            31.7003441
          ],
          [
            76.9485265,
            31.6998369
          ],
          [
            76.9482885,
            31.6996896
          ],
          [
            76.9462373,
            31.6993897
          ],
          [
            76.9443066,
            31.6998797
          ],
          [
            76.9437053,
            31.7015985
          ],
          [
            76.9430643,
            31.7033982
          ],
          [
            76.9417502,
            31.7044344
          ],
          [
            76.9404361,
            31.7060704
          ],
          [
            76.9372551,
            31.7107466
          ],
          [
            76.9363496,
            31.7119054
          ],
          [
            76.9352679,
            31.7126961
          ],
          [
            76.9351314,
            31.7126893
          ]
        ]
      }
    },
    {
      "type": "Feature",
      "properties": {
        "osm_id": 191609011,
        "waterway": "drain",
        "name": null,
        "source": "OpenStreetMap / Overpass API"
      },
      "geometry": {
        "type": "LineString",
        "coordinates": [
          [
            77.0670339,
            31.6709387
          ],
          [
            77.0658968,
            31.6706419
          ],
          [
            77.0655918,
            31.6705441
          ]
        ]
      }
    },
    {
      "type": "Feature",
      "properties": {
        "osm_id": 191609012,
        "waterway": "drain",
        "name": null,
        "source": "OpenStreetMap / Overpass API"
      },
      "geometry": {
        "type": "LineString",
        "coordinates": [
          [
            77.067091,
            31.6707994
          ],
          [
            77.0659398,
            31.670498
          ],
          [
            77.065622,
            31.6703846
          ]
        ]
      }
    },
    {
      "type": "Feature",
      "properties": {
        "osm_id": 191609013,
        "waterway": "drain",
        "name": null,
        "source": "OpenStreetMap / Overpass API"
      },
      "geometry": {
        "type": "LineString",
        "coordinates": [
          [
            77.0669471,
            31.6711512
          ],
          [
            77.0658489,
            31.6708633
          ],
          [
            77.0655289,
            31.6707716
          ],
          [
            77.0647908,
            31.6705337
          ]
        ]
      }
    },
    {
      "type": "Feature",
      "properties": {
        "osm_id": 203077166,
        "waterway": "river",
        "name": "Beas River",
        "source": "OpenStreetMap / Overpass API"
      },
      "geometry": {
        "type": "LineString",
        "coordinates": [
          [
            77.2148942,
            31.7224671
          ],
          [
            77.2133928,
            31.7209797
          ],
          [
            77.2120114,
            31.719958
          ],
          [
            77.2115815,
            31.719023
          ],
          [
            77.2111523,
            31.7182564
          ],
          [
            77.2108897,
            31.7176389
          ],
          [
            77.2106588,
            31.7168783
          ],
          [
            77.2102833,
            31.7159474
          ],
          [
            77.2095323,
            31.7154819
          ],
          [
            77.2075903,
            31.715628
          ],
          [
            77.2064102,
            31.7153176
          ],
          [
            77.2056788,
            31.7151025
          ],
          [
            77.2047563,
            31.714514
          ],
          [
            77.2041798,
            31.7139254
          ],
          [
            77.2038338,
            31.7133695
          ],
          [
            77.203404,
            31.7126626
          ],
          [
            77.2032573,
            31.7124213
          ],
          [
            77.2026807,
            31.7116692
          ],
          [
            77.2019888,
            31.7109171
          ],
          [
            77.2011816,
            31.7101323
          ],
          [
            77.2006051,
            31.7096745
          ],
          [
            77.1997193,
            31.709349
          ],
          [
            77.198845,
            31.7092859
          ],
          [
            77.1980235,
            31.7095977
          ],
          [
            77.1974532,
            31.7098707
          ],
          [
            77.1963385,
            31.7100669
          ],
          [
            77.1953391,
            31.7099361
          ],
          [
            77.1943782,
            31.7097399
          ],
          [
            77.1936095,
            31.7095764
          ],
          [
            77.1922641,
            31.7083011
          ],
          [
            77.191726,
            31.7080395
          ],
          [
            77.1908804,
            31.707876
          ],
          [
            77.1901116,
            31.7078433
          ],
          [
            77.1892276,
            31.7079414
          ],
          [
            77.1883435,
            31.7079414
          ],
          [
            77.1871135,
            31.7074182
          ],
          [
            77.1862295,
            31.7069277
          ],
          [
            77.1854223,
            31.7061102
          ],
          [
            77.1847304,
            31.7052273
          ],
          [
            77.183731,
            31.7038538
          ],
          [
            77.1833082,
            31.7028401
          ],
          [
            77.182501,
            31.7021206
          ],
          [
            77.181886,
            31.7017609
          ],
          [
            77.181002,
            31.701532
          ],
          [
            77.1792723,
            31.7014339
          ],
          [
            77.1768123,
            31.7014012
          ],
          [
            77.1743138,
            31.7012703
          ],
          [
            77.1721229,
            31.7011068
          ],
          [
            77.171431,
            31.7009433
          ],
          [
            77.1707776,
            31.7005836
          ],
          [
            77.1698935,
            31.6999949
          ],
          [
            77.1692715,
            31.6996033
          ],
          [
            77.1685462,
            31.6993752
          ],
          [
            77.1674203,
            31.6992496
          ],
          [
            77.1657423,
            31.6992428
          ],
          [
            77.1652041,
            31.6989484
          ],
          [
            77.1645123,
            31.6986541
          ],
          [
            77.1640211,
            31.6986386
          ],
          [
            77.1634745,
            31.6986214
          ],
          [
            77.1627855,
            31.6984043
          ],
          [
            77.1625266,
            31.6983227
          ],
          [
            77.1624366,
            31.6982944
          ],
          [
            77.1617448,
            31.6978692
          ],
          [
            77.1606685,
            31.6971497
          ],
          [
            77.1589004,
            31.6961359
          ],
          [
            77.157901,
            31.6956453
          ],
          [
            77.1573245,
            31.6954164
          ],
          [
            77.1559982,
            31.6948684
          ],
          [
            77.155138,
            31.694768
          ],
          [
            77.153846,
            31.6948658
          ],
          [
            77.1530963,
            31.6951875
          ],
          [
            77.1523276,
            31.6954818
          ],
          [
            77.1518397,
            31.6955117
          ],
          [
            77.1507705,
            31.6954157
          ],
          [
            77.1502904,
            31.6952529
          ],
          [
            77.1500384,
            31.6949326
          ],
          [
            77.1489532,
            31.6940378
          ],
          [
            77.1477041,
            31.6938184
          ],
          [
            77.1460444,
            31.6939892
          ],
          [
            77.1452738,
            31.6941229
          ],
          [
            77.1444354,
            31.6941414
          ],
          [
            77.1438139,
            31.6941413
          ],
          [
            77.1429355,
            31.6940656
          ],
          [
            77.1421989,
            31.6940107
          ],
          [
            77.1410652,
            31.6939069
          ],
          [
            77.1399481,
            31.693277
          ],
          [
            77.1383988,
            31.6928627
          ],
          [
            77.1374359,
            31.6926992
          ],
          [
            77.1364881,
            31.6923793
          ],
          [
            77.1347952,
            31.6917465
          ],
          [
            77.1342382,
            31.6912301
          ],
          [
            77.1332574,
            31.6907819
          ],
          [
            77.1321154,
            31.6905722
          ],
          [
            77.1308123,
            31.6908602
          ],
          [
            77.1294957,
            31.6908703
          ],
          [
            77.128996,
            31.6908376
          ],
          [
            77.128112,
            31.6910666
          ],
          [
            77.1264207,
            31.6912955
          ],
          [
            77.1249216,
            31.6913609
          ],
          [
            77.123807,
            31.6916226
          ],
          [
            77.1225628,
            31.6915966
          ],
          [
            77.1215093,
            31.6919452
          ],
          [
            77.1208017,
            31.6921793
          ],
          [
            77.1198095,
            31.6926037
          ],
          [
            77.1189128,
            31.6927597
          ],
          [
            77.1179153,
            31.692314
          ],
          [
            77.1178107,
            31.6916226
          ],
          [
            77.1176758,
            31.6913472
          ],
          [
            77.1176185,
            31.6912301
          ],
          [
            77.1176954,
            31.6900527
          ],
          [
            77.1165614,
            31.6888914
          ],
          [
            77.1156198,
            31.6883846
          ],
          [
            77.1140054,
            31.6879594
          ],
          [
            77.1134718,
            31.6877117
          ],
          [
            77.1131598,
            31.6875669
          ],
          [
            77.1127754,
            31.6873053
          ],
          [
            77.1119682,
            31.6869455
          ],
          [
            77.1112379,
            31.6863895
          ],
          [
            77.1101616,
            31.6863568
          ],
          [
            77.1089701,
            31.6862586
          ],
          [
            77.1074326,
            31.6857353
          ],
          [
            77.106241,
            31.6852447
          ],
          [
            77.1043191,
            31.6848849
          ],
          [
            77.103166,
            31.6847541
          ],
          [
            77.1018976,
            31.6844597
          ],
          [
            77.1001295,
            31.6838382
          ],
          [
            77.0985151,
            31.6832822
          ],
          [
            77.0973235,
            31.6826607
          ],
          [
            77.0954785,
            31.6819411
          ],
          [
            77.0941332,
            31.6815486
          ],
          [
            77.0928648,
            31.6811561
          ],
          [
            77.0915194,
            31.6806654
          ],
          [
            77.0872913,
            31.6791935
          ],
          [
            77.0850619,
            31.6780813
          ],
          [
            77.0809876,
            31.6760859
          ],
          [
            77.0777973,
            31.6729129
          ],
          [
            77.077336,
            31.6717352
          ],
          [
            77.0757601,
            31.6715462
          ],
          [
            77.0747533,
            31.6714255
          ]
        ]
      }
    },
    {
      "type": "Feature",
      "properties": {
        "osm_id": 278851829,
        "waterway": "river",
        "name": "Beas River",
        "source": "OpenStreetMap / Overpass API"
      },
      "geometry": {
        "type": "LineString",
        "coordinates": [
          [
            76.9351314,
            31.7126893
          ],
          [
            76.9336974,
            31.7126893
          ],
          [
            76.9323834,
            31.7128256
          ],
          [
            76.9313818,
            31.7132346
          ],
          [
            76.9306474,
            31.7137197
          ],
          [
            76.9302119,
            31.7144684
          ],
          [
            76.9298235,
            31.7146271
          ],
          [
            76.9293438,
            31.7151891
          ],
          [
            76.9293466,
            31.7157225
          ],
          [
            76.9294296,
            31.7165718
          ],
          [
            76.9304023,
            31.7181013
          ],
          [
            76.9317878,
            31.7193065
          ],
          [
            76.9330882,
            31.719985
          ],
          [
            76.9333529,
            31.7206845
          ],
          [
            76.9335124,
            31.7219077
          ],
          [
            76.9339477,
            31.7233391
          ],
          [
            76.9337325,
            31.7259463
          ],
          [
            76.9337635,
            31.727084
          ],
          [
            76.934588,
            31.7275128
          ],
          [
            76.9352178,
            31.7275093
          ],
          [
            76.9355469,
            31.7278726
          ],
          [
            76.936621,
            31.728931
          ]
        ]
      }
    },
    {
      "type": "Feature",
      "properties": {
        "osm_id": 278851836,
        "waterway": "stream",
        "name": null,
        "source": "OpenStreetMap / Overpass API"
      },
      "geometry": {
        "type": "LineString",
        "coordinates": [
          [
            76.9288034,
            31.7078396
          ],
          [
            76.928828,
            31.7081488
          ],
          [
            76.928836,
            31.7085577
          ],
          [
            76.9287036,
            31.7090216
          ],
          [
            76.9286212,
            31.709282
          ],
          [
            76.9285758,
            31.7096693
          ],
          [
            76.9286046,
            31.7099138
          ],
          [
            76.9291565,
            31.7103982
          ],
          [
            76.9293648,
            31.7107799
          ],
          [
            76.9293167,
            31.7110322
          ],
          [
            76.9289161,
            31.7114616
          ],
          [
            76.9284995,
            31.7122864
          ],
          [
            76.9286277,
            31.7127908
          ],
          [
            76.9289642,
            31.7131384
          ],
          [
            76.9297014,
            31.7136565
          ],
          [
            76.9298696,
            31.7139905
          ],
          [
            76.9299417,
            31.7144199
          ],
          [
            76.9298235,
            31.7146271
          ]
        ]
      }
    },
    {
      "type": "Feature",
      "properties": {
        "osm_id": 279225984,
        "waterway": "river",
        "name": null,
        "source": "OpenStreetMap / Overpass API"
      },
      "geometry": {
        "type": "LineString",
        "coordinates": [
          [
            76.8227148,
            31.6265271
          ],
          [
            76.82338,
            31.6258146
          ],
          [
            76.8239379,
            31.6243346
          ],
          [
            76.8253755,
            31.6228363
          ],
          [
            76.8254828,
            31.6214477
          ],
          [
            76.8259549,
            31.6208995
          ],
          [
            76.826781,
            31.6204518
          ],
          [
            76.8280578,
            31.6203331
          ],
          [
            76.8279183,
            31.6194195
          ],
          [
            76.8281329,
            31.619118
          ],
          [
            76.8288195,
            31.6176379
          ],
          [
            76.8291414,
            31.6174643
          ],
          [
            76.8296349,
            31.6161213
          ],
          [
            76.8301712,
            31.6156922
          ],
          [
            76.8316411,
            31.6152993
          ],
          [
            76.8325316,
            31.6139197
          ],
          [
            76.8357073,
            31.6129512
          ],
          [
            76.8363081,
            31.6131065
          ],
          [
            76.8366622,
            31.6127776
          ],
          [
            76.8368553,
            31.6122933
          ],
          [
            76.8378102,
            31.6118091
          ],
          [
            76.8388401,
            31.6120192
          ],
          [
            76.8391191,
            31.6110324
          ],
          [
            76.8399452,
            31.6103472
          ],
          [
            76.8404065,
            31.610539
          ],
          [
            76.8407284,
            31.6096071
          ],
          [
            76.8417906,
            31.6089583
          ],
          [
            76.8420802,
            31.6083004
          ],
          [
            76.8435072,
            31.608072
          ],
          [
            76.844108,
            31.6084466
          ],
          [
            76.845138,
            31.6082822
          ],
          [
            76.8463718,
            31.607542
          ],
          [
            76.8471013,
            31.6078253
          ],
          [
            76.8474554,
            31.6075238
          ],
          [
            76.8485819,
            31.6065735
          ],
          [
            76.8503414,
            31.6057146
          ],
          [
            76.8503414,
            31.6049105
          ],
          [
            76.8521546,
            31.6031743
          ],
          [
            76.8527984,
            31.602891
          ],
          [
            76.8532597,
            31.6034393
          ],
          [
            76.8536781,
            31.60322
          ],
          [
            76.8564998,
            31.6038871
          ],
          [
            76.8558883,
            31.6055592
          ],
          [
            76.8564569,
            31.6058608
          ],
          [
            76.8568968,
            31.6053217
          ],
          [
            76.8575512,
            31.6049744
          ],
          [
            76.8576907,
            31.605413
          ],
          [
            76.8573474,
            31.6059704
          ],
          [
            76.8577014,
            31.6066009
          ],
          [
            76.8583022,
            31.6065278
          ],
          [
            76.8589889,
            31.6063268
          ],
          [
            76.8595575,
            31.6066923
          ],
          [
            76.8608021,
            31.60661
          ],
          [
            76.8629693,
            31.6076426
          ],
          [
            76.862626,
            31.6060252
          ],
          [
            76.8629371,
            31.6055958
          ],
          [
            76.8648898,
            31.6059887
          ],
          [
            76.8648146,
            31.6070395
          ],
          [
            76.8652331,
            31.6074507
          ],
          [
            76.8689453,
            31.6063451
          ],
          [
            76.8693315,
            31.605943
          ],
          [
            76.8691706,
            31.6050018
          ],
          [
            76.8715202,
            31.6030098
          ],
          [
            76.8725453,
            31.6017251
          ],
          [
            76.8734835,
            31.6007434
          ],
          [
            76.8733548,
            31.6004053
          ],
          [
            76.8729471,
            31.6004327
          ],
          [
            76.8725501,
            31.600652
          ],
          [
            76.8722819,
            31.6003276
          ],
          [
            76.8721478,
            31.5999758
          ],
          [
            76.8724643,
            31.5995235
          ],
          [
            76.8720137,
            31.5974126
          ],
          [
            76.8723356,
            31.5960007
          ],
          [
            76.8718528,
            31.5952102
          ],
          [
            76.8721424,
            31.5944654
          ],
          [
            76.8742775,
            31.5934191
          ],
          [
            76.8747233,
            31.5931945
          ],
          [
            76.874889,
            31.5924778
          ],
          [
            76.8755649,
            31.5921031
          ],
          [
            76.8763642,
            31.5920025
          ],
          [
            76.8770616,
            31.5923224
          ],
          [
            76.8782042,
            31.5931723
          ],
          [
            76.8787144,
            31.592605
          ],
          [
            76.8793313,
            31.5923446
          ],
          [
            76.8803125,
            31.5926514
          ],
          [
            76.8811547,
            31.5917604
          ],
          [
            76.8816916,
            31.5906767
          ],
          [
            76.8822603,
            31.5903294
          ],
          [
            76.8837779,
            31.590225
          ],
          [
            76.8845133,
            31.5903843
          ],
          [
            76.8852048,
            31.5909607
          ],
          [
            76.8854467,
            31.5914718
          ],
          [
            76.8852322,
            31.5919196
          ],
          [
            76.8846094,
            31.5924366
          ],
          [
            76.8847333,
            31.5931077
          ],
          [
            76.8850659,
            31.59356
          ],
          [
            76.8872647,
            31.5945111
          ],
          [
            76.8878763,
            31.5945934
          ],
          [
            76.8882893,
            31.5944791
          ],
          [
            76.8884235,
            31.5942187
          ],
          [
            76.8881713,
            31.5939719
          ],
          [
            76.8887029,
            31.593231
          ],
          [
            76.889352,
            31.5932127
          ],
          [
            76.8896363,
            31.5936468
          ],
          [
            76.8896626,
            31.5942827
          ],
          [
            76.8900006,
            31.5946071
          ],
          [
            76.8905585,
            31.5943101
          ],
          [
            76.8918728,
            31.5936658
          ],
          [
            76.893745,
            31.5929804
          ],
          [
            76.8956767,
            31.5922075
          ],
          [
            76.897484,
            31.5919112
          ],
          [
            76.89868,
            31.592112
          ]
        ]
      }
    },
    {
      "type": "Feature",
      "properties": {
        "osm_id": 279225987,
        "waterway": "stream",
        "name": null,
        "source": "OpenStreetMap / Overpass API"
      },
      "geometry": {
        "type": "LineString",
        "coordinates": [
          [
            76.8337869,
            31.6304782
          ],
          [
            76.8342536,
            31.6302681
          ],
          [
            76.8345438,
            31.6303998
          ],
          [
            76.8352375,
            31.6298741
          ],
          [
            76.835633,
            31.6297607
          ],
          [
            76.8358715,
            31.6296713
          ],
          [
            76.8359648,
            31.6295692
          ],
          [
            76.8358307,
            31.6292747
          ],
          [
            76.8362867,
            31.6288704
          ],
          [
            76.8371884,
            31.6282485
          ],
          [
            76.8378155,
            31.6281304
          ],
          [
            76.8387919,
            31.6274499
          ],
          [
            76.8390869,
            31.6265731
          ],
          [
            76.8400632,
            31.6264452
          ],
          [
            76.8406533,
            31.6255865
          ],
          [
            76.8402563,
            31.6245724
          ],
          [
            76.841179,
            31.623805
          ],
          [
            76.8419193,
            31.624143
          ],
          [
            76.8435716,
            31.6237685
          ],
          [
            76.8459426,
            31.6214937
          ],
          [
            76.8476914,
            31.6204339
          ],
          [
            76.8484698,
            31.6205654
          ],
          [
            76.8508194,
            31.6197158
          ],
          [
            76.8516075,
            31.6184879
          ],
          [
            76.8528735,
            31.6181498
          ],
          [
            76.8545257,
            31.616149
          ],
          [
            76.8557595,
            31.6165693
          ],
          [
            76.8559204,
            31.6159571
          ],
          [
            76.8554484,
            31.6156556
          ],
          [
            76.8538498,
            31.615281
          ],
          [
            76.8544828,
            31.6135451
          ],
          [
            76.8537639,
            31.6126405
          ],
          [
            76.8538498,
            31.611873
          ],
          [
            76.8552874,
            31.6112883
          ],
          [
            76.8561028,
            31.6117634
          ],
          [
            76.856967,
            31.6116208
          ],
          [
            76.8566178,
            31.6107218
          ],
          [
            76.8558561,
            31.610539
          ],
          [
            76.8551051,
            31.6106761
          ],
          [
            76.8543969,
            31.6096527
          ],
          [
            76.8544291,
            31.6085928
          ],
          [
            76.8559371,
            31.6077924
          ],
          [
            76.8565105,
            31.6079441
          ],
          [
            76.8569933,
            31.6066466
          ],
          [
            76.8578409,
            31.6069573
          ],
          [
            76.8583022,
            31.6065278
          ]
        ]
      }
    },
    {
      "type": "Feature",
      "properties": {
        "osm_id": 302407853,
        "waterway": "river",
        "name": "Beas River",
        "source": "OpenStreetMap / Overpass API"
      },
      "geometry": {
        "type": "LineString",
        "coordinates": [
          [
            77.0647908,
            31.6705337
          ],
          [
            77.063473,
            31.6702127
          ],
          [
            77.0626705,
            31.6679371
          ],
          [
            77.061259,
            31.6658435
          ],
          [
            77.0598805,
            31.6654389
          ],
          [
            77.0584926,
            31.6663062
          ],
          [
            77.057906,
            31.6674588
          ],
          [
            77.0575847,
            31.6681669
          ],
          [
            77.0572725,
            31.6687397
          ],
          [
            77.0570859,
            31.669082
          ],
          [
            77.0564542,
            31.6704644
          ],
          [
            77.0559969,
            31.6715608
          ],
          [
            77.0551203,
            31.6727227
          ],
          [
            77.0543788,
            31.6731907
          ],
          [
            77.0539629,
            31.6732817
          ],
          [
            77.0531236,
            31.6734652
          ],
          [
            77.0507869,
            31.6732174
          ],
          [
            77.0498283,
            31.673472
          ],
          [
            77.0495122,
            31.6735559
          ],
          [
            77.0488124,
            31.6741814
          ],
          [
            77.0484094,
            31.6756646
          ],
          [
            77.0491505,
            31.6783601
          ],
          [
            77.0502268,
            31.6806446
          ],
          [
            77.0499218,
            31.6815268
          ],
          [
            77.0488127,
            31.6824875
          ],
          [
            77.0475788,
            31.6834262
          ],
          [
            77.0464711,
            31.6850016
          ],
          [
            77.0457417,
            31.6878242
          ],
          [
            77.0456122,
            31.6890361
          ],
          [
            77.0449164,
            31.6899253
          ],
          [
            77.043577,
            31.6903452
          ],
          [
            77.0430048,
            31.6907998
          ],
          [
            77.0429794,
            31.6912153
          ],
          [
            77.0432782,
            31.691755
          ],
          [
            77.0435813,
            31.6926066
          ]
        ]
      }
    },
    {
      "type": "Feature",
      "properties": {
        "osm_id": 302407870,
        "waterway": "river",
        "name": "Suketi Khad",
        "source": "OpenStreetMap / Overpass API"
      },
      "geometry": {
        "type": "LineString",
        "coordinates": [
          [
            76.8930697,
            31.546278
          ],
          [
            76.8909024,
            31.548765
          ],
          [
            76.8898725,
            31.5521296
          ],
          [
            76.8897008,
            31.5550552
          ],
          [
            76.8883275,
            31.5591509
          ],
          [
            76.8888425,
            31.5606136
          ],
          [
            76.8912458,
            31.5652942
          ],
          [
            76.8917608,
            31.5689507
          ],
          [
            76.8916061,
            31.5728344
          ],
          [
            76.8909012,
            31.5748164
          ],
          [
            76.891229,
            31.575499
          ],
          [
            76.8915356,
            31.5761377
          ],
          [
            76.8928751,
            31.5776392
          ],
          [
            76.8925931,
            31.5788404
          ],
          [
            76.8928751,
            31.5804019
          ],
          [
            76.8944965,
            31.5831045
          ],
          [
            76.894849,
            31.5849662
          ],
          [
            76.89499,
            31.587008
          ],
          [
            76.89499,
            31.5884493
          ],
          [
            76.8952164,
            31.5893212
          ],
          [
            76.8966055,
            31.590719
          ],
          [
            76.8980512,
            31.5912541
          ],
          [
            76.89868,
            31.592112
          ],
          [
            76.8992558,
            31.5928815
          ],
          [
            76.8998867,
            31.5941218
          ],
          [
            76.9003479,
            31.5947545
          ],
          [
            76.9018988,
            31.5955952
          ],
          [
            76.9037385,
            31.5956874
          ],
          [
            76.9042957,
            31.5957153
          ],
          [
            76.9064107,
            31.595295
          ],
          [
            76.9081731,
            31.5946945
          ],
          [
            76.9106405,
            31.5942741
          ],
          [
            76.912403,
            31.5945143
          ],
          [
            76.9127554,
            31.5948146
          ],
          [
            76.9143769,
            31.5964359
          ],
          [
            76.9156459,
            31.5974567
          ],
          [
            76.9168443,
            31.5985975
          ],
          [
            76.9180428,
            31.5989578
          ],
          [
            76.9197347,
            31.5986576
          ],
          [
            76.9207922,
            31.5983574
          ],
          [
            76.9219201,
            31.5976968
          ],
          [
            76.9231891,
            31.5975768
          ],
          [
            76.9241056,
            31.5978169
          ],
          [
            76.926291,
            31.5990179
          ],
          [
            76.927701,
            31.5997384
          ],
          [
            76.9291109,
            31.5999185
          ],
          [
            76.9318603,
            31.6004589
          ],
          [
            76.9327557,
            31.6006029
          ],
          [
            76.9336046,
            31.6017555
          ],
          [
            76.9336354,
            31.603148
          ],
          [
            76.9330802,
            31.604488
          ],
          [
            76.9323706,
            31.6060643
          ],
          [
            76.932309,
            31.6075093
          ],
          [
            76.932494,
            31.6087704
          ],
          [
            76.9327408,
            31.6101103
          ],
          [
            76.9332653,
            31.6107671
          ],
          [
            76.9346843,
            31.6109773
          ],
          [
            76.9368437,
            31.6113188
          ],
          [
            76.9386021,
            31.6119756
          ],
          [
            76.9394659,
            31.6132891
          ],
          [
            76.9407306,
            31.61434
          ],
          [
            76.9428592,
            31.6154433
          ],
          [
            76.9452037,
            31.6164416
          ],
          [
            76.9462217,
            31.6174661
          ],
          [
            76.946376,
            31.6187533
          ],
          [
            76.9450495,
            31.6209074
          ],
          [
            76.9435996,
            31.6225886
          ],
          [
            76.942705,
            31.623902
          ],
          [
            76.9421805,
            31.6246375
          ],
          [
            76.9425507,
            31.6258721
          ],
          [
            76.9435687,
            31.6260822
          ],
          [
            76.9450803,
            31.6258195
          ],
          [
            76.946376,
            31.6265287
          ],
          [
            76.9468387,
            31.6281573
          ],
          [
            76.9466536,
            31.6287614
          ],
          [
            76.9469341,
            31.629245
          ],
          [
            76.9466726,
            31.6302011
          ],
          [
            76.9461034,
            31.6309804
          ],
          [
            76.9459188,
            31.6318514
          ],
          [
            76.9462034,
            31.6324408
          ],
          [
            76.9462957,
            31.6328468
          ],
          [
            76.9467572,
            31.6338814
          ],
          [
            76.9470033,
            31.6346672
          ],
          [
            76.9463572,
            31.6356298
          ],
          [
            76.9454958,
            31.6365466
          ],
          [
            76.9454189,
            31.6374503
          ],
          [
            76.945865,
            31.6387337
          ],
          [
            76.946165,
            31.6392641
          ],
          [
            76.9466187,
            31.6396766
          ],
          [
            76.947757,
            31.6403772
          ],
          [
            76.949194,
            31.6414075
          ],
          [
            76.9503752,
            31.6419757
          ],
          [
            76.951295,
            31.6423351
          ],
          [
            76.9521949,
            31.6430815
          ],
          [
            76.9529794,
            31.6442143
          ],
          [
            76.9531332,
            31.6450262
          ],
          [
            76.9529255,
            31.6457988
          ],
          [
            76.9522564,
            31.6466107
          ],
          [
            76.9513719,
            31.6468268
          ],
          [
            76.9506643,
            31.6469381
          ],
          [
            76.9492799,
            31.6471672
          ],
          [
            76.9484646,
            31.6473637
          ],
          [
            76.9477878,
            31.6476845
          ],
          [
            76.9477494,
            31.6482607
          ],
          [
            76.9477878,
            31.6495309
          ],
          [
            76.9475109,
            31.6511088
          ],
          [
            76.9471494,
            31.6514623
          ],
          [
            76.9463803,
            31.653014
          ],
          [
            76.9461957,
            31.6540157
          ],
          [
            76.9462726,
            31.6556655
          ],
          [
            76.9463803,
            31.656438
          ],
          [
            76.9468802,
            31.6569618
          ],
          [
            76.9472571,
            31.6592662
          ],
          [
            76.9471956,
            31.6600518
          ],
          [
            76.9468495,
            31.6612302
          ],
          [
            76.9460342,
            31.6627621
          ],
          [
            76.9455958,
            31.6634233
          ],
          [
            76.9447036,
            31.6641565
          ],
          [
            76.9444729,
            31.6647129
          ],
          [
            76.9445652,
            31.6652693
          ],
          [
            76.9446959,
            31.6659174
          ],
          [
            76.9446883,
            31.6663167
          ],
          [
            76.9445114,
            31.667279
          ],
          [
            76.9452497,
            31.6686144
          ],
          [
            76.9458266,
            31.6694523
          ],
          [
            76.9460419,
            31.6700087
          ],
          [
            76.9461342,
            31.6708531
          ],
          [
            76.9465418,
            31.6717237
          ],
          [
            76.9468418,
            31.6722277
          ],
          [
            76.9474033,
            31.672987
          ],
          [
            76.9479416,
            31.6737136
          ],
          [
            76.948257,
            31.6742765
          ],
          [
            76.9482823,
            31.6748829
          ],
          [
            76.9480156,
            31.6784471
          ],
          [
            76.9472937,
            31.6818539
          ],
          [
            76.9464552,
            31.6825554
          ],
          [
            76.945334,
            31.6835469
          ],
          [
            76.9445865,
            31.6845479
          ],
          [
            76.9441173,
            31.6847496
          ],
          [
            76.9435204,
            31.685066
          ],
          [
            76.9431753,
            31.6852656
          ],
          [
            76.9394785,
            31.685785
          ],
          [
            76.9381561,
            31.68618
          ],
          [
            76.9368175,
            31.6866929
          ],
          [
            76.9357803,
            31.6880541
          ],
          [
            76.9358758,
            31.6898924
          ],
          [
            76.9358475,
            31.6908145
          ],
          [
            76.9363872,
            31.6919937
          ],
          [
            76.9368393,
            31.6932698
          ],
          [
            76.9375363,
            31.6947064
          ],
          [
            76.9373559,
            31.6966119
          ],
          [
            76.9367782,
            31.6985342
          ],
          [
            76.9364687,
            31.7005453
          ],
          [
            76.936081,
            31.7019031
          ],
          [
            76.9353141,
            31.7033386
          ],
          [
            76.9347603,
            31.7045169
          ],
          [
            76.9343769,
            31.7058441
          ],
          [
            76.9342968,
            31.7062779
          ],
          [
            76.9345235,
            31.7068657
          ],
          [
            76.9349723,
            31.7079531
          ],
          [
            76.9352387,
            31.7098887
          ],
          [
            76.9353676,
            31.7119082
          ],
          [
            76.9352532,
            31.7122998
          ],
          [
            76.9351314,
            31.7126893
          ]
        ]
      }
    },
    {
      "type": "Feature",
      "properties": {
        "osm_id": 302407877,
        "waterway": "drain",
        "name": null,
        "source": "OpenStreetMap / Overpass API"
      },
      "geometry": {
        "type": "LineString",
        "coordinates": [
          [
            77.0669926,
            31.6710364
          ],
          [
            77.0655596,
            31.6706693
          ]
        ]
      }
    },
    {
      "type": "Feature",
      "properties": {
        "osm_id": 314946636,
        "waterway": "river",
        "name": "Jhuni Khad",
        "source": "OpenStreetMap / Overpass API"
      },
      "geometry": {
        "type": "LineString",
        "coordinates": [
          [
            77.0916028,
            31.4955238
          ],
          [
            77.090488,
            31.4960497
          ],
          [
            77.0900506,
            31.4964345
          ],
          [
            77.0898145,
            31.4970246
          ],
          [
            77.0891815,
            31.4977702
          ],
          [
            77.0887202,
            31.4978205
          ],
          [
            77.0883572,
            31.4977891
          ],
          [
            77.0879584,
            31.4980675
          ],
          [
            77.0877791,
            31.4986973
          ],
          [
            77.0876622,
            31.4988963
          ],
          [
            77.0873213,
            31.4989469
          ],
          [
            77.0870911,
            31.4988425
          ],
          [
            77.0864618,
            31.4990829
          ],
          [
            77.0863997,
            31.4997311
          ],
          [
            77.0860058,
            31.500917
          ],
          [
            77.086097,
            31.5016534
          ],
          [
            77.0857552,
            31.502346
          ],
          [
            77.0856142,
            31.5026963
          ],
          [
            77.08569,
            31.5030151
          ],
          [
            77.0858931,
            31.503268
          ],
          [
            77.0862919,
            31.5034018
          ],
          [
            77.0867435,
            31.5034159
          ],
          [
            77.0879406,
            31.5030282
          ],
          [
            77.0884359,
            31.5028701
          ],
          [
            77.0892727,
            31.502838
          ],
          [
            77.0897502,
            31.5028289
          ],
          [
            77.0900398,
            31.5028792
          ],
          [
            77.0903134,
            31.5031811
          ],
          [
            77.0905607,
            31.5038412
          ],
          [
            77.0902383,
            31.5039495
          ],
          [
            77.0899433,
            31.5041553
          ],
          [
            77.0896703,
            31.5045418
          ],
          [
            77.089203,
            31.5048688
          ],
          [
            77.0890313,
            31.50507
          ],
          [
            77.0888382,
            31.5051706
          ],
          [
            77.0885646,
            31.5054085
          ],
          [
            77.0884144,
            31.5056417
          ],
          [
            77.088055,
            31.5059802
          ],
          [
            77.0874166,
            31.5060945
          ],
          [
            77.0871592,
            31.5060762
          ],
          [
            77.0869796,
            31.5059389
          ],
          [
            77.0866173,
            31.5057286
          ],
          [
            77.0862311,
            31.5055548
          ],
          [
            77.0852441,
            31.5056875
          ],
          [
            77.0847398,
            31.5054588
          ],
          [
            77.0841644,
            31.5051826
          ],
          [
            77.0837118,
            31.5051892
          ],
          [
            77.0833397,
            31.5055045
          ],
          [
            77.0832217,
            31.5057515
          ],
          [
            77.082991,
            31.5059482
          ],
          [
            77.0823955,
            31.5063689
          ],
          [
            77.0823473,
            31.5066342
          ],
          [
            77.0825618,
            31.5068949
          ],
          [
            77.0828783,
            31.5071693
          ],
          [
            77.0830017,
            31.5077593
          ],
          [
            77.0824975,
            31.5084087
          ],
          [
            77.0823258,
            31.5088844
          ],
          [
            77.0823955,
            31.5094515
          ],
          [
            77.0825726,
            31.5102061
          ],
          [
            77.0828783,
            31.5107778
          ],
          [
            77.0829427,
            31.5111894
          ],
          [
            77.0827981,
            31.5114269
          ],
          [
            77.0824707,
            31.5114638
          ],
          [
            77.0820384,
            31.5113051
          ],
          [
            77.0810789,
            31.511524
          ],
          [
            77.0808497,
            31.5119154
          ],
          [
            77.0803003,
            31.5122025
          ],
          [
            77.079503,
            31.5122959
          ],
          [
            77.0793652,
            31.512312
          ],
          [
            77.078694,
            31.5126704
          ],
          [
            77.0785145,
            31.513093
          ],
          [
            77.0782703,
            31.5137322
          ],
          [
            77.0776535,
            31.5147629
          ],
          [
            77.0774978,
            31.5154791
          ],
          [
            77.0773476,
            31.5159456
          ],
          [
            77.0772439,
            31.5164382
          ],
          [
            77.0770258,
            31.5166407
          ],
          [
            77.076661,
            31.5167322
          ],
          [
            77.0761031,
            31.5172306
          ],
          [
            77.0756578,
            31.5179898
          ],
          [
            77.0755873,
            31.5183962
          ],
          [
            77.0754959,
            31.5187129
          ],
          [
            77.0754057,
            31.519229
          ],
          [
            77.075277,
            31.5194348
          ],
          [
            77.0746421,
            31.5197414
          ],
          [
            77.0740056,
            31.5197489
          ],
          [
            77.0738715,
            31.5197505
          ],
          [
            77.073555,
            31.5196132
          ],
          [
            77.07321,
            31.5192872
          ],
          [
            77.0727718,
            31.5192473
          ],
          [
            77.0722941,
            31.519242
          ],
          [
            77.0716613,
            31.519412
          ],
          [
            77.0710015,
            31.5198372
          ],
          [
            77.0702027,
            31.520378
          ],
          [
            77.0692635,
            31.5213463
          ],
          [
            77.0691132,
            31.5220597
          ],
          [
            77.0688719,
            31.5228919
          ],
          [
            77.0688075,
            31.5235138
          ],
          [
            77.0685124,
            31.5238476
          ],
          [
            77.0681101,
            31.5239162
          ],
          [
            77.0674229,
            31.5242973
          ],
          [
            77.0671928,
            31.5244329
          ],
          [
            77.0669824,
            31.5250503
          ],
          [
            77.0665652,
            31.5256721
          ],
          [
            77.0662233,
            31.525812
          ],
          [
            77.0655835,
            31.5264266
          ],
          [
            77.0651677,
            31.5267924
          ],
          [
            77.0645937,
            31.5268885
          ],
          [
            77.0643457,
            31.5266056
          ],
          [
            77.0639607,
            31.5263923
          ],
          [
            77.0637488,
            31.5260059
          ],
          [
            77.0636389,
            31.5256927
          ],
          [
            77.0635369,
            31.5254527
          ],
          [
            77.0632672,
            31.5252868
          ],
          [
            77.0628127,
            31.5255693
          ],
          [
            77.0624828,
            31.5256881
          ],
          [
            77.0619021,
            31.5258131
          ],
          [
            77.0614958,
            31.5262803
          ],
          [
            77.0612919,
            31.5268656
          ],
          [
            77.0611578,
            31.5277893
          ],
          [
            77.0608413,
            31.528594
          ],
          [
            77.0604926,
            31.5287906
          ],
          [
            77.0596504,
            31.5289141
          ],
          [
            77.0592213,
            31.5289827
          ],
          [
            77.0590281,
            31.5289004
          ],
          [
            77.0587277,
            31.5287724
          ],
          [
            77.0584166,
            31.52869
          ],
          [
            77.0581055,
            31.5287221
          ],
          [
            77.0577031,
            31.5289141
          ],
          [
            77.0574081,
            31.5291564
          ],
          [
            77.0571399,
            31.5297371
          ],
          [
            77.0570809,
            31.5300298
          ],
          [
            77.0570272,
            31.5305556
          ],
          [
            77.0570111,
            31.5309306
          ],
          [
            77.057333,
            31.5311866
          ],
          [
            77.0579338,
            31.5314747
          ],
          [
            77.0581698,
            31.531653
          ],
          [
            77.0584917,
            31.5319273
          ],
          [
            77.0587224,
            31.5323343
          ],
          [
            77.0588189,
            31.5327869
          ],
          [
            77.058658,
            31.5332304
          ],
          [
            77.0585722,
            31.533395
          ],
          [
            77.0581859,
            31.5336328
          ],
          [
            77.0576227,
            31.5336374
          ],
          [
            77.0562386,
            31.5334545
          ],
          [
            77.0558953,
            31.5333859
          ],
          [
            77.0556968,
            31.5333173
          ],
          [
            77.0552355,
            31.5332304
          ],
          [
            77.0545649,
            31.5333173
          ],
          [
            77.0541573,
            31.5336557
          ],
          [
            77.0540392,
            31.5338157
          ],
          [
            77.0538676,
            31.5342135
          ],
          [
            77.0535511,
            31.5345655
          ],
          [
            77.053138,
            31.5346707
          ],
          [
            77.0527571,
            31.5344604
          ],
          [
            77.0522046,
            31.533834
          ],
          [
            77.052049,
            31.5333036
          ],
          [
            77.0520598,
            31.5329653
          ],
          [
            77.0524085,
            31.532252
          ],
          [
            77.0525908,
            31.5320051
          ],
          [
            77.0528537,
            31.5317124
          ],
          [
            77.0531273,
            31.5313558
          ],
          [
            77.0530522,
            31.5310586
          ],
          [
            77.0524245,
            31.5306471
          ],
          [
            77.0520437,
            31.5305328
          ],
          [
            77.0517272,
            31.5305007
          ],
          [
            77.051416,
            31.530455
          ],
          [
            77.0509922,
            31.5303361
          ],
          [
            77.0508474,
            31.5302676
          ],
          [
            77.0505953,
            31.5302081
          ],
          [
            77.0503324,
            31.5302676
          ],
          [
            77.0502144,
            31.5306105
          ],
          [
            77.0501769,
            31.5308025
          ],
          [
            77.0501232,
            31.5312506
          ],
          [
            77.0502359,
            31.5317856
          ],
          [
            77.0501286,
            31.5325995
          ],
          [
            77.0500857,
            31.533107
          ],
          [
            77.0502305,
            31.5332167
          ],
          [
            77.0505577,
            31.533363
          ],
          [
            77.050885,
            31.5335688
          ],
          [
            77.0510727,
            31.5339391
          ],
          [
            77.0510942,
            31.5345747
          ],
          [
            77.0509815,
            31.5350731
          ],
          [
            77.0507669,
            31.5352834
          ],
          [
            77.0499194,
            31.5353931
          ],
          [
            77.0495546,
            31.5355028
          ],
          [
            77.0490503,
            31.5355349
          ],
          [
            77.0479989,
            31.5357132
          ],
          [
            77.0475268,
            31.5358138
          ],
          [
            77.0468241,
            31.5365453
          ],
          [
            77.0467329,
            31.5369019
          ],
          [
            77.0468241,
            31.5371305
          ],
          [
            77.0470279,
            31.5372265
          ],
          [
            77.0476127,
            31.5372768
          ],
          [
            77.0479292,
            31.5371945
          ],
          [
            77.0482993,
            31.5371534
          ],
          [
            77.0488089,
            31.5373408
          ],
          [
            77.0490986,
            31.537734
          ],
          [
            77.049222,
            31.5382827
          ],
          [
            77.0492863,
            31.5390599
          ],
          [
            77.0489645,
            31.5395217
          ],
          [
            77.0485783,
            31.5404132
          ],
          [
            77.0484924,
            31.5407196
          ],
          [
            77.0484441,
            31.5410487
          ],
          [
            77.0481813,
            31.5411813
          ],
          [
            77.0479399,
            31.5412042
          ],
          [
            77.0474571,
            31.5411127
          ],
          [
            77.0470709,
            31.5406327
          ],
          [
            77.0464486,
            31.5402121
          ],
          [
            77.0458746,
            31.5400886
          ],
          [
            77.045542,
            31.5398966
          ],
          [
            77.0453274,
            31.5396817
          ],
          [
            77.0449358,
            31.5393434
          ],
          [
            77.0442867,
            31.5390417
          ],
          [
            77.0436484,
            31.5386759
          ],
          [
            77.0434231,
            31.5386576
          ],
          [
            77.0431548,
            31.5386987
          ],
          [
            77.0425916,
            31.5390599
          ],
          [
            77.042157,
            31.539476
          ],
          [
            77.0420444,
            31.5397046
          ],
          [
            77.0420927,
            31.5398829
          ],
          [
            77.0423555,
            31.5402121
          ],
          [
            77.0426238,
            31.5407653
          ],
          [
            77.0425272,
            31.5413459
          ],
          [
            77.042259,
            31.5415654
          ],
          [
            77.0419961,
            31.5416934
          ],
          [
            77.0417118,
            31.541826
          ],
          [
            77.0414811,
            31.5420088
          ],
          [
            77.0412451,
            31.5425803
          ],
          [
            77.0408106,
            31.5429872
          ],
          [
            77.0400676,
            31.5432631
          ],
          [
            77.0394856,
            31.5432981
          ],
          [
            77.0391476,
            31.5433667
          ],
          [
            77.0391422,
            31.5438604
          ],
          [
            77.0395446,
            31.5446925
          ],
          [
            77.0395124,
            31.5453142
          ],
          [
            77.0394427,
            31.5457577
          ],
          [
            77.0393515,
            31.5461417
          ],
          [
            77.0391047,
            31.54632
          ],
          [
            77.0385951,
            31.5463474
          ],
          [
            77.0384341,
            31.5460411
          ],
          [
            77.0383,
            31.54568
          ],
          [
            77.0378387,
            31.54552
          ],
          [
            77.0374095,
            31.545648
          ],
          [
            77.0371145,
            31.5463337
          ],
          [
            77.0371199,
            31.5469006
          ],
          [
            77.0368194,
            31.5474629
          ],
          [
            77.0365727,
            31.5482904
          ],
          [
            77.0368355,
            31.5490218
          ],
          [
            77.0368332,
            31.5494928
          ],
          [
            77.0362508,
            31.5500687
          ],
          [
            77.035473,
            31.550311
          ],
          [
            77.0341426,
            31.5506081
          ],
          [
            77.0335579,
            31.5505898
          ],
          [
            77.0332575,
            31.5503613
          ],
          [
            77.0328015,
            31.5497212
          ],
          [
            77.0323241,
            31.549383
          ],
          [
            77.0317072,
            31.5492001
          ],
          [
            77.0308542,
            31.5489624
          ],
          [
            77.0301998,
            31.5487292
          ],
          [
            77.0297974,
            31.5488618
          ],
          [
            77.0295453,
            31.5491178
          ],
          [
            77.029379,
            31.5497258
          ],
          [
            77.029379,
            31.5500961
          ],
          [
            77.0295346,
            31.550567
          ],
          [
            77.0297813,
            31.5506995
          ],
          [
            77.0302212,
            31.5508093
          ],
          [
            77.0306826,
            31.5510744
          ],
          [
            77.0308167,
            31.551751
          ],
          [
            77.0309025,
            31.552135
          ],
          [
            77.0311063,
            31.552391
          ],
          [
            77.0315462,
            31.5526104
          ],
          [
            77.0318359,
            31.5529349
          ],
          [
            77.0321417,
            31.5536526
          ],
          [
            77.0318507,
            31.5545177
          ],
          [
            77.0311546,
            31.55528
          ],
          [
            77.0306128,
            31.555664
          ],
          [
            77.0298567,
            31.5559038
          ],
          [
            77.0292449,
            31.5558468
          ],
          [
            77.0290786,
            31.5557326
          ],
          [
            77.0283812,
            31.5554217
          ],
          [
            77.0271099,
            31.554832
          ],
          [
            77.0264554,
            31.5547863
          ],
          [
            77.0252645,
            31.5547863
          ],
          [
            77.0244276,
            31.5551749
          ],
          [
            77.0239556,
            31.5557691
          ],
          [
            77.0235801,
            31.5563222
          ],
          [
            77.0229632,
            31.5570628
          ],
          [
            77.0226628,
            31.5576524
          ],
          [
            77.0229346,
            31.5583736
          ],
          [
            77.0235908,
            31.5593711
          ],
          [
            77.0244384,
            31.5600842
          ],
          [
            77.0249195,
            31.5609517
          ],
          [
            77.0248246,
            31.5629273
          ],
          [
            77.0248424,
            31.5636119
          ],
          [
            77.0244867,
            31.5638369
          ],
          [
            77.0240682,
            31.5639101
          ],
          [
            77.0234942,
            31.5642437
          ],
          [
            77.022931,
            31.5650482
          ],
          [
            77.0229417,
            31.5656149
          ],
          [
            77.023403,
            31.5662274
          ],
          [
            77.0242257,
            31.5667974
          ],
          [
            77.0251626,
            31.5672787
          ],
          [
            77.02623,
            31.567684
          ],
          [
            77.0269221,
            31.567754
          ],
          [
            77.0276141,
            31.567594
          ],
          [
            77.0285422,
            31.567041
          ],
          [
            77.0293736,
            31.5667393
          ],
          [
            77.0302319,
            31.5669404
          ],
          [
            77.0308596,
            31.5672878
          ],
          [
            77.0312512,
            31.5681882
          ],
          [
            77.0309186,
            31.5688464
          ],
          [
            77.0301354,
            31.569797
          ],
          [
            77.0296311,
            31.5700347
          ],
          [
            77.0293468,
            31.5702404
          ],
          [
            77.0294756,
            31.5704826
          ],
          [
            77.029776,
            31.5706197
          ],
          [
            77.0303392,
            31.57083
          ],
          [
            77.031793,
            31.5713144
          ],
          [
            77.0323241,
            31.57184
          ],
          [
            77.0327961,
            31.5725667
          ],
          [
            77.0330805,
            31.573042
          ],
          [
            77.0334438,
            31.5734296
          ],
          [
            77.0339682,
            31.5736179
          ],
          [
            77.0347287,
            31.5732994
          ],
          [
            77.0351243,
            31.5724113
          ],
          [
            77.0355427,
            31.5720503
          ],
          [
            77.0360631,
            31.5719086
          ],
          [
            77.0373505,
            31.5720411
          ],
          [
            77.0384717,
            31.5729506
          ],
          [
            77.0386594,
            31.5733437
          ],
          [
            77.0386408,
            31.5738084
          ],
          [
            77.0383483,
            31.5740384
          ],
          [
            77.0378816,
            31.5741801
          ],
          [
            77.0374267,
            31.5745965
          ],
          [
            77.0370448,
            31.5750438
          ],
          [
            77.037093,
            31.5755191
          ],
          [
            77.0381257,
            31.577025
          ],
          [
            77.0387775,
            31.5773289
          ],
          [
            77.0391476,
            31.5777539
          ],
          [
            77.0395446,
            31.5782064
          ],
          [
            77.0397752,
            31.5786497
          ],
          [
            77.0395714,
            31.5793809
          ],
          [
            77.03933,
            31.5801441
          ],
          [
            77.0395231,
            31.5805462
          ],
          [
            77.0396948,
            31.5807245
          ],
          [
            77.0401668,
            31.5807336
          ],
          [
            77.0411915,
            31.5801806
          ],
          [
            77.0414919,
            31.5801944
          ],
          [
            77.0419264,
            31.5802995
          ],
          [
            77.0425004,
            31.5805782
          ],
          [
            77.0430583,
            31.5808296
          ],
          [
            77.0434767,
            31.5812317
          ],
          [
            77.0438093,
            31.5816065
          ],
          [
            77.0444906,
            31.5819995
          ],
          [
            77.0454186,
            31.5822143
          ],
          [
            77.0463788,
            31.5821549
          ],
          [
            77.0472103,
            31.5818989
          ],
          [
            77.047838,
            31.5819035
          ],
          [
            77.0485139,
            31.5818258
          ],
          [
            77.0488948,
            31.582068
          ],
          [
            77.0491791,
            31.5824793
          ],
          [
            77.0493936,
            31.5836172
          ],
          [
            77.0491469,
            31.5841747
          ],
          [
            77.0490557,
            31.5843575
          ],
          [
            77.0487767,
            31.5844809
          ],
          [
            77.0482886,
            31.5850704
          ],
          [
            77.0478809,
            31.5856645
          ],
          [
            77.0468295,
            31.5867795
          ],
          [
            77.0465237,
            31.5873964
          ],
          [
            77.0467436,
            31.588292
          ],
          [
            77.0472747,
            31.5887079
          ],
          [
            77.048052,
            31.5890326
          ],
          [
            77.0493025,
            31.5891694
          ],
          [
            77.0497209,
            31.5893476
          ],
          [
            77.0501125,
            31.5897954
          ],
          [
            77.0508635,
            31.5902432
          ],
          [
            77.0519632,
            31.5905722
          ],
          [
            77.0523173,
            31.5910474
          ],
          [
            77.0524406,
            31.5919339
          ],
          [
            77.0520544,
            31.5932088
          ],
          [
            77.0519257,
            31.5937617
          ],
          [
            77.0520222,
            31.5942186
          ],
          [
            77.0519042,
            31.594639
          ],
          [
            77.0517164,
            31.5952558
          ],
          [
            77.0518827,
            31.5955437
          ],
          [
            77.0525694,
            31.5957584
          ],
          [
            77.0532346,
            31.5960326
          ],
          [
            77.0537066,
            31.5961285
          ],
          [
            77.0541465,
            31.5963524
          ],
          [
            77.0553696,
            31.5967637
          ],
          [
            77.0560026,
            31.5969419
          ],
          [
            77.0565283,
            31.5969007
          ],
          [
            77.0570862,
            31.596654
          ],
          [
            77.057966,
            31.5966037
          ],
          [
            77.0583361,
            31.5968688
          ],
          [
            77.0587277,
            31.5973805
          ],
          [
            77.0583951,
            31.5981984
          ],
          [
            77.0579338,
            31.5985867
          ],
          [
            77.0574188,
            31.5991259
          ],
          [
            77.0566678,
            31.5999163
          ],
          [
            77.0564908,
            31.6004189
          ],
          [
            77.0567805,
            31.6008987
          ],
          [
            77.0570594,
            31.6014424
          ],
          [
            77.0573866,
            31.6017348
          ],
          [
            77.0578211,
            31.6019952
          ],
          [
            77.0586312,
            31.602178
          ],
          [
            77.0601278,
            31.602379
          ],
          [
            77.060852,
            31.6023699
          ],
          [
            77.0614421,
            31.6020775
          ],
          [
            77.0624399,
            31.6017759
          ],
          [
            77.0633089,
            31.6016937
          ],
          [
            77.0644766,
            31.6021522
          ],
          [
            77.0648861,
            31.6023882
          ],
          [
            77.0649934,
            31.6028999
          ],
          [
            77.0649612,
            31.6031557
          ],
          [
            77.0646554,
            31.6035943
          ],
          [
            77.0643067,
            31.6041426
          ],
          [
            77.0644033,
            31.6046543
          ],
          [
            77.0651489,
            31.605198
          ],
          [
            77.0660663,
            31.6060249
          ],
          [
            77.0663506,
            31.606066
          ],
          [
            77.0667797,
            31.605833
          ],
          [
            77.0669943,
            31.6054995
          ],
          [
            77.0672566,
            31.6052631
          ],
          [
            77.0689577,
            31.6053625
          ],
          [
            77.0702317,
            31.6053191
          ],
          [
            77.0712322,
            31.6052163
          ],
          [
            77.0717364,
            31.6048782
          ],
          [
            77.0723963,
            31.6047091
          ],
          [
            77.0730996,
            31.6047548
          ],
          [
            77.0735389,
            31.6049421
          ],
          [
            77.0736247,
            31.605198
          ],
          [
            77.0734101,
            31.6058102
          ],
          [
            77.0733619,
            31.606363
          ],
          [
            77.0734799,
            31.6067788
          ],
          [
            77.0738232,
            31.6076548
          ],
          [
            77.0738608,
            31.6081631
          ],
          [
            77.0736086,
            31.6088255
          ],
          [
            77.0730829,
            31.6094057
          ],
          [
            77.0726323,
            31.6095748
          ],
          [
            77.0715594,
            31.6098169
          ],
          [
            77.0708781,
            31.6101047
          ],
          [
            77.0704973,
            31.6105981
          ],
          [
            77.0702505,
            31.6114296
          ],
          [
            77.0702505,
            31.6120372
          ],
          [
            77.0702225,
            31.6128528
          ],
          [
            77.0696443,
            31.6138234
          ],
          [
            77.0691884,
            31.6140564
          ],
          [
            77.0675468,
            31.6146914
          ],
          [
            77.0667744,
            31.615203
          ],
          [
            77.0660609,
            31.6160253
          ],
          [
            77.0661682,
            31.6165872
          ],
          [
            77.0662969,
            31.6170806
          ],
          [
            77.0667261,
            31.6171674
          ],
          [
            77.0673484,
            31.6175602
          ],
          [
            77.0679975,
            31.61825
          ],
          [
            77.0685553,
            31.6188713
          ],
          [
            77.0687967,
            31.6198123
          ],
          [
            77.0686626,
            31.6202965
          ],
          [
            77.068845,
            31.6206528
          ],
          [
            77.0695424,
            31.621201
          ],
          [
            77.0699876,
            31.6213061
          ],
          [
            77.0702827,
            31.6212969
          ],
          [
            77.070862,
            31.6210731
          ],
          [
            77.0715916,
            31.6210777
          ],
          [
            77.0718491,
            31.6212284
          ],
          [
            77.0723534,
            31.6215208
          ],
          [
            77.0726377,
            31.6217309
          ],
          [
            77.0726967,
            31.622142
          ],
          [
            77.0727664,
            31.6223932
          ],
          [
            77.0725691,
            31.6227196
          ],
          [
            77.0722139,
            31.6230647
          ],
          [
            77.0717525,
            31.6236768
          ],
          [
            77.0713663,
            31.6239783
          ],
          [
            77.071023,
            31.6240925
          ],
          [
            77.0707279,
            31.6241062
          ],
          [
            77.0704168,
            31.624097
          ],
          [
            77.0690328,
            31.624298
          ],
          [
            77.0683998,
            31.6245356
          ],
          [
            77.0672071,
            31.6252237
          ],
          [
            77.066372,
            31.625641
          ],
          [
            77.0658624,
            31.6264997
          ],
          [
            77.0658249,
            31.6273127
          ],
          [
            77.066077,
            31.6278335
          ],
          [
            77.0669514,
            31.6279842
          ],
          [
            77.0672786,
            31.6280116
          ],
          [
            77.0677561,
            31.6280573
          ],
          [
            77.068212,
            31.6280755
          ],
          [
            77.0686519,
            31.6281623
          ],
          [
            77.069124,
            31.6284044
          ],
          [
            77.0690864,
            31.6289388
          ],
          [
            77.0687485,
            31.6295006
          ],
          [
            77.0683891,
            31.6299985
          ],
          [
            77.0682281,
            31.6303182
          ],
          [
            77.0679867,
            31.6307887
          ],
          [
            77.0675898,
            31.6316976
          ],
          [
            77.0675468,
            31.6319899
          ],
          [
            77.0676005,
            31.6323964
          ],
          [
            77.0675683,
            31.6332962
          ],
          [
            77.0676112,
            31.6337027
          ],
          [
            77.0672196,
            31.6343558
          ],
          [
            77.0669728,
            31.6348217
          ],
          [
            77.0667046,
            31.6356027
          ],
          [
            77.0665276,
            31.6359407
          ],
          [
            77.0663506,
            31.6363243
          ],
          [
            77.0660341,
            31.6366669
          ],
          [
            77.0658513,
            31.6367323
          ],
          [
            77.0642853,
            31.6361325
          ],
          [
            77.0635182,
            31.6359407
          ],
          [
            77.063207,
            31.6359407
          ],
          [
            77.0629442,
            31.6360092
          ],
          [
            77.0627403,
            31.6361919
          ],
          [
            77.0624453,
            31.6365618
          ],
          [
            77.0625311,
            31.6373017
          ],
          [
            77.0626759,
            31.6374205
          ],
          [
            77.0629173,
            31.6375164
          ],
          [
            77.0632178,
            31.6375986
          ],
          [
            77.0636737,
            31.6378315
          ],
          [
            77.0640439,
            31.6383385
          ],
          [
            77.0646661,
            31.6389779
          ],
          [
            77.0649773,
            31.6395579
          ],
          [
            77.0652938,
            31.6404622
          ],
          [
            77.0656291,
            31.641508
          ],
          [
            77.0662057,
            31.6425607
          ],
          [
            77.0664525,
            31.6434261
          ],
          [
            77.0666778,
            31.6441294
          ],
          [
            77.0670587,
            31.6441842
          ],
          [
            77.0674127,
            31.6440244
          ],
          [
            77.0679545,
            31.6437641
          ],
          [
            77.0682979,
            31.6436408
          ],
          [
            77.0685768,
            31.6435312
          ],
          [
            77.0688879,
            31.6434627
          ],
          [
            77.069242,
            31.6434627
          ],
          [
            77.0699018,
            31.6438645
          ],
          [
            77.0701486,
            31.6440564
          ],
          [
            77.0705509,
            31.6441066
          ],
          [
            77.070905,
            31.6441797
          ],
          [
            77.0712483,
            31.6442299
          ],
          [
            77.0716131,
            31.6443121
          ],
          [
            77.0719081,
            31.644376
          ],
          [
            77.0721763,
            31.6446044
          ],
          [
            77.0721871,
            31.6451615
          ],
          [
            77.0717633,
            31.6455771
          ],
          [
            77.0714843,
            31.6458009
          ],
          [
            77.0712268,
            31.6458237
          ],
          [
            77.0710069,
            31.6456456
          ],
          [
            77.0706958,
            31.645431
          ],
          [
            77.0704168,
            31.6452848
          ],
          [
            77.0701647,
            31.6450885
          ],
          [
            77.0692634,
            31.6451433
          ],
          [
            77.0689255,
            31.6452529
          ],
          [
            77.0686412,
            31.6454127
          ],
          [
            77.0684051,
            31.6455177
          ],
          [
            77.0680457,
            31.6456319
          ],
          [
            77.067697,
            31.6457506
          ],
          [
            77.0672893,
            31.6458557
          ],
          [
            77.0668012,
            31.6458648
          ],
          [
            77.0655405,
            31.6461662
          ],
          [
            77.0646125,
            31.6467462
          ],
          [
            77.064237,
            31.6471937
          ],
          [
            77.0641243,
            31.6474221
          ],
          [
            77.0639419,
            31.6476732
          ],
          [
            77.0637596,
            31.6476778
          ],
          [
            77.0633519,
            31.6474449
          ],
          [
            77.0630354,
            31.6468421
          ],
          [
            77.0626116,
            31.646527
          ],
          [
            77.0620537,
            31.6458739
          ],
          [
            77.061013,
            31.645399
          ],
          [
            77.06016,
            31.6454355
          ],
          [
            77.0599025,
            31.6456273
          ],
          [
            77.0597041,
            31.6458328
          ],
          [
            77.0593607,
            31.6458739
          ],
          [
            77.0590067,
            31.64581
          ],
          [
            77.0587546,
            31.6455771
          ],
          [
            77.0586151,
            31.6453899
          ],
          [
            77.0580786,
            31.6450428
          ],
          [
            77.0572954,
            31.6447505
          ],
          [
            77.0571291,
            31.6448145
          ],
          [
            77.0565337,
            31.644956
          ],
          [
            77.0562869,
            31.6452118
          ],
          [
            77.0562547,
            31.6453442
          ],
          [
            77.0564049,
            31.6457278
          ],
          [
            77.0568287,
            31.646189
          ],
          [
            77.0572686,
            31.6463443
          ],
          [
            77.0575529,
            31.6464448
          ],
          [
            77.0576978,
            31.6465133
          ],
          [
            77.0582074,
            31.6469197
          ],
          [
            77.0583522,
            31.647518
          ],
          [
            77.0585346,
            31.6478194
          ],
          [
            77.0587814,
            31.647929
          ],
          [
            77.0592642,
            31.6479609
          ],
          [
            77.0595807,
            31.6479655
          ],
          [
            77.0599669,
            31.6479975
          ],
          [
            77.0602941,
            31.6480705
          ],
          [
            77.0604443,
            31.6484404
          ],
          [
            77.0606053,
            31.6488286
          ],
          [
            77.0604604,
            31.6491072
          ],
          [
            77.0600796,
            31.6494177
          ],
          [
            77.0595914,
            31.6494679
          ],
          [
            77.0593286,
            31.6493492
          ],
          [
            77.0588887,
            31.6493264
          ],
          [
            77.0583844,
            31.6494405
          ],
          [
            77.0579767,
            31.6495638
          ],
          [
            77.0576066,
            31.6496643
          ],
          [
            77.0571774,
            31.6496917
          ],
          [
            77.0567,
            31.6496186
          ],
          [
            77.0553535,
            31.6499383
          ],
          [
            77.0546025,
            31.6503949
          ],
          [
            77.0542024,
            31.6506204
          ],
          [
            77.0541143,
            31.6513402
          ],
          [
            77.0541948,
            31.652322
          ],
          [
            77.0543504,
            31.6528517
          ],
          [
            77.054581,
            31.6530572
          ],
          [
            77.0548493,
            31.6529476
          ],
          [
            77.0551497,
            31.6529248
          ],
          [
            77.0555466,
            31.6530161
          ],
          [
            77.0563513,
            31.6532992
          ],
          [
            77.0565873,
            31.653491
          ],
          [
            77.0572096,
            31.6540527
          ],
          [
            77.0575154,
            31.6542901
          ],
          [
            77.0573544,
            31.6549431
          ],
          [
            77.0566142,
            31.6551029
          ],
          [
            77.0563888,
            31.6552216
          ],
          [
            77.0561796,
            31.6553769
          ],
          [
            77.05589,
            31.6553952
          ],
          [
            77.0555466,
            31.6553586
          ],
          [
            77.0552033,
            31.6552445
          ],
          [
            77.054801,
            31.6550847
          ],
          [
            77.054522,
            31.6549431
          ],
          [
            77.0533365,
            31.6548015
          ],
          [
            77.0523548,
            31.6549522
          ],
          [
            77.0516145,
            31.6553541
          ],
          [
            77.0511746,
            31.6561897
          ],
          [
            77.0509869,
            31.6567376
          ],
          [
            77.0507938,
            31.6572217
          ],
          [
            77.0504236,
            31.6573632
          ],
          [
            77.0491093,
            31.6569249
          ],
          [
            77.0483959,
            31.6567422
          ],
          [
            77.048144,
            31.65677
          ],
          [
            77.0475697,
            31.6568335
          ],
          [
            77.0468333,
            31.6575452
          ],
          [
            77.0466953,
            31.6580025
          ],
          [
            77.046749,
            31.6585276
          ],
          [
            77.0471835,
            31.6591075
          ],
          [
            77.0479882,
            31.6605001
          ],
          [
            77.0480041,
            31.6610693
          ],
          [
            77.0485045,
            31.6622657
          ],
          [
            77.0492703,
            31.6631256
          ],
          [
            77.0503056,
            31.6637602
          ],
          [
            77.0513356,
            31.6647099
          ],
          [
            77.052108,
            31.6657418
          ],
          [
            77.0531702,
            31.6668285
          ],
          [
            77.0540446,
            31.6674403
          ],
          [
            77.0552623,
            31.6679699
          ],
          [
            77.0563835,
            31.6683534
          ],
          [
            77.0572725,
            31.6687397
          ]
        ]
      }
    },
    {
      "type": "Feature",
      "properties": {
        "osm_id": 444306974,
        "waterway": "stream",
        "name": null,
        "source": "OpenStreetMap / Overpass API"
      },
      "geometry": {
        "type": "LineString",
        "coordinates": [
          [
            77.019703,
            31.699673
          ],
          [
            77.0213016,
            31.7008049
          ],
          [
            77.0217308,
            31.7011883
          ],
          [
            77.0225676,
            31.7019733
          ],
          [
            77.0230021,
            31.7027036
          ],
          [
            77.0235493,
            31.7030276
          ],
          [
            77.0242735,
            31.7034612
          ],
          [
            77.0245203,
            31.7040591
          ],
          [
            77.0247831,
            31.7043466
          ],
          [
            77.0252015,
            31.7044059
          ],
          [
            77.0256468,
            31.7045565
          ],
          [
            77.0263763,
            31.7050859
          ],
          [
            77.0269772,
            31.7055834
          ],
          [
            77.0275243,
            31.7060717
          ],
          [
            77.0279481,
            31.7063182
          ],
          [
            77.0283344,
            31.7063684
          ],
          [
            77.0288708,
            31.706236
          ],
          [
            77.0290907,
            31.7062862
          ],
          [
            77.0293536,
            31.7062543
          ],
          [
            77.0297827,
            31.7063364
          ],
          [
            77.029992,
            31.7064277
          ],
          [
            77.0305445,
            31.7068156
          ],
          [
            77.0308717,
            31.7071214
          ],
          [
            77.0311721,
            31.7073222
          ],
          [
            77.0311882,
            31.7075732
          ],
          [
            77.0313974,
            31.7077284
          ],
          [
            77.031671,
            31.7079018
          ],
          [
            77.0320197,
            31.7078288
          ],
          [
            77.0323308,
            31.7076827
          ],
          [
            77.0323201,
            31.707345
          ],
          [
            77.0323684,
            31.7072629
          ],
          [
            77.0328198,
            31.7071505
          ]
        ]
      }
    },
    {
      "type": "Feature",
      "properties": {
        "osm_id": 444325068,
        "waterway": "dam",
        "name": "Pandoh Dam",
        "source": "OpenStreetMap / Overpass API"
      },
      "geometry": {
        "type": "LineString",
        "coordinates": [
          [
            77.067794,
            31.6734173
          ],
          [
            77.0675702,
            31.6735031
          ],
          [
            77.0673905,
            31.6734872
          ],
          [
            77.0672135,
            31.673478
          ],
          [
            77.0671196,
            31.6734324
          ],
          [
            77.0668192,
            31.6734986
          ],
          [
            77.0667521,
            31.6734758
          ],
          [
            77.0661084,
            31.6732178
          ],
          [
            77.0650301,
            31.6726654
          ],
          [
            77.065206,
            31.6718842
          ],
          [
            77.0652161,
            31.6715275
          ],
          [
            77.0652868,
            31.6709387
          ],
          [
            77.0654939,
            31.6708828
          ],
          [
            77.0655096,
            31.6708347
          ],
          [
            77.0655289,
            31.6707716
          ],
          [
            77.0655596,
            31.6706693
          ],
          [
            77.0655918,
            31.6705441
          ],
          [
            77.065622,
            31.6703846
          ],
          [
            77.0656403,
            31.6703133
          ],
          [
            77.0659072,
            31.6701178
          ],
          [
            77.0661728,
            31.6702023
          ],
          [
            77.0663847,
            31.6702137
          ],
          [
            77.0665402,
            31.6702137
          ],
          [
            77.0667548,
            31.6700808
          ],
          [
            77.0666066,
            31.6700368
          ],
          [
            77.0664977,
            31.6699942
          ],
          [
            77.0663674,
            31.6699471
          ],
          [
            77.0662111,
            31.6698595
          ],
          [
            77.0660567,
            31.66978
          ],
          [
            77.066205,
            31.6696658
          ],
          [
            77.06661,
            31.6698599
          ],
          [
            77.0670954,
            31.6699535
          ],
          [
            77.0674415,
            31.6700197
          ],
          [
            77.0684714,
            31.6703279
          ],
          [
            77.069319,
            31.6706246
          ],
          [
            77.0693726,
            31.6707136
          ],
          [
            77.0692499,
            31.670743
          ],
          [
            77.0689589,
            31.6707704
          ],
          [
            77.0684429,
            31.6708995
          ],
          [
            77.0682035,
            31.6710523
          ],
          [
            77.0671229,
            31.6707215
          ],
          [
            77.067091,
            31.6707994
          ],
          [
            77.0669926,
            31.6710364
          ],
          [
            77.0669471,
            31.6711512
          ],
          [
            77.066902,
            31.6712483
          ],
          [
            77.0668846,
            31.6713039
          ],
          [
            77.0671274,
            31.671378
          ],
          [
            77.067794,
            31.6734173
          ]
        ]
      }
    },
    {
      "type": "Feature",
      "properties": {
        "osm_id": 444327718,
        "waterway": "river",
        "name": "Beas River",
        "source": "OpenStreetMap / Overpass API"
      },
      "geometry": {
        "type": "LineString",
        "coordinates": [
          [
            77.0655096,
            31.6708347
          ],
          [
            77.0647908,
            31.6705337
          ]
        ]
      }
    },
    {
      "type": "Feature",
      "properties": {
        "osm_id": 444327719,
        "waterway": "river",
        "name": "Beas River",
        "source": "OpenStreetMap / Overpass API"
      },
      "geometry": {
        "type": "LineString",
        "coordinates": [
          [
            77.066902,
            31.6712483
          ],
          [
            77.0658,
            31.6709306
          ],
          [
            77.0655096,
            31.6708347
          ]
        ]
      }
    },
    {
      "type": "Feature",
      "properties": {
        "osm_id": 444327720,
        "waterway": "drain",
        "name": null,
        "source": "OpenStreetMap / Overpass API"
      },
      "geometry": {
        "type": "LineString",
        "coordinates": [
          [
            77.0655596,
            31.6706693
          ],
          [
            77.0647908,
            31.6705337
          ]
        ]
      }
    },
    {
      "type": "Feature",
      "properties": {
        "osm_id": 444365038,
        "waterway": "stream",
        "name": null,
        "source": "OpenStreetMap / Overpass API"
      },
      "geometry": {
        "type": "LineString",
        "coordinates": [
          [
            77.010228,
            31.7044628
          ],
          [
            77.0111292,
            31.7048188
          ],
          [
            77.0126419,
            31.7049466
          ],
          [
            77.0134359,
            31.7049923
          ],
          [
            77.0146697,
            31.7058685
          ],
          [
            77.0152061,
            31.7060693
          ],
          [
            77.0170837,
            31.7064162
          ],
          [
            77.0181887,
            31.7068543
          ],
          [
            77.0191114,
            31.7075206
          ],
          [
            77.0201629,
            31.7080044
          ],
          [
            77.0213323,
            31.708123
          ],
          [
            77.0219599,
            31.7082508
          ],
          [
            77.022314,
            31.7084333
          ],
          [
            77.0226198,
            31.7086296
          ],
          [
            77.023006,
            31.708908
          ],
          [
            77.0237838,
            31.7091681
          ],
          [
            77.0242344,
            31.7094693
          ],
          [
            77.0244705,
            31.7095104
          ],
          [
            77.0252215,
            31.7097294
          ],
          [
            77.0258706,
            31.7101584
          ],
          [
            77.0260584,
            31.7102542
          ],
          [
            77.026509,
            31.7104368
          ],
          [
            77.0267182,
            31.7107654
          ],
          [
            77.0268576,
            31.7109935
          ],
          [
            77.026981,
            31.7110666
          ],
          [
            77.0271527,
            31.7110848
          ],
          [
            77.0273136,
            31.7111213
          ],
          [
            77.027378,
            31.7112445
          ],
          [
            77.0275175,
            31.7113814
          ],
          [
            77.027716,
            31.711418
          ],
          [
            77.0279198,
            31.7114636
          ],
          [
            77.0282631,
            31.7116051
          ],
          [
            77.0284402,
            31.7116142
          ],
          [
            77.0289381,
            31.7116768
          ]
        ]
      }
    },
    {
      "type": "Feature",
      "properties": {
        "osm_id": 444365988,
        "waterway": "stream",
        "name": null,
        "source": "OpenStreetMap / Overpass API"
      },
      "geometry": {
        "type": "LineString",
        "coordinates": [
          [
            76.949349,
            31.698158
          ],
          [
            76.9494134,
            31.6983497
          ],
          [
            76.9493839,
            31.6986715
          ],
          [
            76.9491988,
            31.6989659
          ],
          [
            76.9491506,
            31.6991507
          ],
          [
            76.9489762,
            31.699331
          ],
          [
            76.9485265,
            31.6998369
          ]
        ]
      }
    },
    {
      "type": "Feature",
      "properties": {
        "osm_id": 680108359,
        "waterway": "stream",
        "name": null,
        "source": "OpenStreetMap / Overpass API"
      },
      "geometry": {
        "type": "LineString",
        "coordinates": [
          [
            76.9517656,
            31.8208935
          ],
          [
            76.9526001,
            31.8199348
          ],
          [
            76.9522357,
            31.8184268
          ],
          [
            76.9524825,
            31.8184069
          ],
          [
            76.9525178,
            31.8176478
          ],
          [
            76.9520594,
            31.8174781
          ],
          [
            76.9519889,
            31.8166292
          ],
          [
            76.9527881,
            31.8163795
          ],
          [
            76.9530114,
            31.8158002
          ],
          [
            76.9526353,
            31.8155406
          ],
          [
            76.9527176,
            31.8150712
          ],
          [
            76.9523532,
            31.8150712
          ],
          [
            76.9517891,
            31.8143821
          ],
          [
            76.9510486,
            31.8137129
          ],
          [
            76.9504022,
            31.8126243
          ],
          [
            76.9496618,
            31.8110263
          ],
          [
            76.948604,
            31.810427
          ],
          [
            76.9480751,
            31.8102972
          ],
          [
            76.9478636,
            31.8098577
          ],
          [
            76.9480751,
            31.8094282
          ],
          [
            76.9477108,
            31.8084294
          ],
          [
            76.9479576,
            31.8081398
          ],
          [
            76.9478636,
            31.8075805
          ],
          [
            76.9468175,
            31.8064618
          ],
          [
            76.9467512,
            31.8061424
          ],
          [
            76.9465224,
            31.8060573
          ],
          [
            76.9464223,
            31.8057778
          ],
          [
            76.9464438,
            31.8056806
          ],
          [
            76.9467512,
            31.8056806
          ],
          [
            76.9468013,
            31.8055105
          ],
          [
            76.9464938,
            31.8052492
          ],
          [
            76.9463723,
            31.8048603
          ],
          [
            76.9462937,
            31.8046537
          ],
          [
            76.9464152,
            31.8043378
          ],
          [
            76.9464724,
            31.8038639
          ],
          [
            76.946501,
            31.8034081
          ],
          [
            76.9455072,
            31.8029099
          ],
          [
            76.9455215,
            31.8025939
          ],
          [
            76.9452927,
            31.8023934
          ],
          [
            76.945021,
            31.8024117
          ],
          [
            76.9447065,
            31.8023691
          ],
          [
            76.944399,
            31.8020896
          ],
          [
            76.9442989,
            31.8016764
          ],
          [
            76.9440773,
            31.8014273
          ],
          [
            76.9438128,
            31.8014516
          ],
          [
            76.9434124,
            31.8015974
          ],
          [
            76.9431407,
            31.8017493
          ],
          [
            76.9431621,
            31.8021504
          ],
          [
            76.9428619,
            31.8021382
          ],
          [
            76.9423685,
            31.8027215
          ],
          [
            76.941961,
            31.8025089
          ],
          [
            76.9415892,
            31.8025393
          ],
          [
            76.941432,
            31.8023691
          ],
          [
            76.9411817,
            31.8022841
          ],
          [
            76.9404596,
            31.8024846
          ],
          [
            76.9396517,
            31.8021929
          ],
          [
            76.9391227,
            31.8020896
          ],
          [
            76.9386937,
            31.8021808
          ],
          [
            76.9383362,
            31.8023205
          ],
          [
            76.9381217,
            31.8022415
          ],
          [
            76.9379644,
            31.8020289
          ],
          [
            76.9377356,
            31.8015306
          ],
          [
            76.9374425,
            31.8014455
          ],
          [
            76.9370207,
            31.8015063
          ],
          [
            76.9365631,
            31.8016035
          ],
          [
            76.93632,
            31.801482
          ],
          [
            76.9362485,
            31.8013483
          ],
          [
            76.9360555,
            31.8013058
          ],
          [
            76.9356837,
            31.8013362
          ],
          [
            76.9354978,
            31.8012329
          ],
          [
            76.9354978,
            31.8009473
          ],
          [
            76.9354978,
            31.8007225
          ],
          [
            76.9348115,
            31.8003579
          ],
          [
            76.934404,
            31.8000723
          ],
          [
            76.9333959,
            31.7998414
          ],
          [
            76.9323878,
            31.7997928
          ],
          [
            76.9318873,
            31.8001331
          ],
          [
            76.9315012,
            31.7999508
          ],
          [
            76.9311009,
            31.7995193
          ],
          [
            76.9311724,
            31.7991426
          ],
          [
            76.9312939,
            31.798377
          ],
          [
            76.9312653,
            31.7979152
          ],
          [
            76.9305075,
            31.7975141
          ],
          [
            76.9299426,
            31.7971495
          ],
          [
            76.9296066,
            31.7965479
          ],
          [
            76.9291633,
            31.7958674
          ],
          [
            76.9292057,
            31.7950336
          ],
          [
            76.9294567,
            31.7934304
          ],
          [
            76.9280061,
            31.7921197
          ],
          [
            76.9274836,
            31.790164
          ],
          [
            76.9265211,
            31.789307
          ],
          [
            76.9251186,
            31.7895407
          ],
          [
            76.9240186,
            31.7902653
          ],
          [
            76.9217177,
            31.7899615
          ],
          [
            76.9193619,
            31.7897433
          ],
          [
            76.9179869,
            31.7887771
          ],
          [
            76.9179502,
            31.7875149
          ],
          [
            76.9168135,
            31.7867279
          ],
          [
            76.916506,
            31.7856728
          ]
        ]
      }
    },
    {
      "type": "Feature",
      "properties": {
        "osm_id": 1066608197,
        "waterway": "river",
        "name": "Chatel Gad",
        "source": "OpenStreetMap / Overpass API"
      },
      "geometry": {
        "type": "LineString",
        "coordinates": [
          [
            77.2097468,
            31.6072128
          ],
          [
            77.2089958,
            31.6068656
          ],
          [
            77.2090387,
            31.6061163
          ],
          [
            77.2088885,
            31.6055498
          ],
          [
            77.2081804,
            31.6052026
          ],
          [
            77.2075367,
            31.6051295
          ],
          [
            77.2067642,
            31.6053853
          ],
          [
            77.2060132,
            31.6050198
          ],
          [
            77.2053265,
            31.6043619
          ],
          [
            77.2047257,
            31.6043802
          ],
          [
            77.2035455,
            31.6045812
          ],
          [
            77.2029447,
            31.6042523
          ],
          [
            77.2021722,
            31.6039073
          ],
          [
            77.2017109,
            31.6034847
          ],
          [
            77.2008204,
            31.6033933
          ],
          [
            77.1998977,
            31.6037223
          ],
          [
            77.1988946,
            31.6037519
          ],
          [
            77.1984172,
            31.6043413
          ],
          [
            77.1986103,
            31.6054036
          ],
          [
            77.1976661,
            31.6059701
          ],
          [
            77.1960997,
            31.6058422
          ],
          [
            77.1956491,
            31.6056412
          ],
          [
            77.1951985,
            31.6051295
          ],
          [
            77.1948766,
            31.6045812
          ],
          [
            77.1942544,
            31.6042705
          ],
          [
            77.193203,
            31.6041426
          ],
          [
            77.1926451,
            31.6036309
          ],
          [
            77.1923017,
            31.6029182
          ],
          [
            77.1917224,
            31.6024064
          ],
          [
            77.1904564,
            31.6022968
          ],
          [
            77.1892762,
            31.6020958
          ],
          [
            77.1884608,
            31.6012733
          ],
          [
            77.1882033,
            31.6000489
          ],
          [
            77.1880317,
            31.5991351
          ],
          [
            77.1872806,
            31.5982578
          ],
          [
            77.1861005,
            31.5981481
          ],
          [
            77.1853494,
            31.5985868
          ],
          [
            77.1843195,
            31.5988792
          ],
          [
            77.1837187,
            31.5995006
          ],
          [
            77.1829891,
            31.6005971
          ],
          [
            77.1820235,
            31.6010906
          ],
          [
            77.1806717,
            31.6010906
          ],
          [
            77.1795773,
            31.6013099
          ],
          [
            77.1786332,
            31.6012002
          ],
          [
            77.1778768,
            31.6012139
          ],
          [
            77.1778715,
            31.6015429
          ],
          [
            77.1781075,
            31.6018673
          ],
          [
            77.1788371,
            31.6023059
          ],
          [
            77.1787941,
            31.60258
          ],
          [
            77.1780056,
            31.6026531
          ],
          [
            77.1770668,
            31.6026714
          ],
          [
            77.1764767,
            31.6029821
          ],
          [
            77.176348,
            31.6037771
          ],
          [
            77.1762192,
            31.6043802
          ],
          [
            77.1757686,
            31.6048371
          ],
          [
            77.175039,
            31.6050929
          ],
          [
            77.1740412,
            31.604764
          ],
          [
            77.1726036,
            31.6048553
          ],
          [
            77.1718097,
            31.604435
          ],
          [
            77.1710157,
            31.6036857
          ],
          [
            77.1703076,
            31.6036309
          ],
          [
            77.1694922,
            31.604033
          ],
          [
            77.1682906,
            31.6043437
          ],
          [
            77.1695781,
            31.6052574
          ],
          [
            77.1704793,
            31.6065549
          ],
          [
            77.1714878,
            31.6069021
          ],
          [
            77.1717667,
            31.6074686
          ],
          [
            77.1709728,
            31.6081265
          ],
          [
            77.1695351,
            31.6083641
          ],
          [
            77.1684837,
            31.6082179
          ],
          [
            77.1671748,
            31.6075966
          ],
          [
            77.1665311,
            31.6074138
          ],
          [
            77.1655226,
            31.6075966
          ],
          [
            77.1646213,
            31.6073955
          ],
          [
            77.1635914,
            31.6072859
          ],
          [
            77.162025,
            31.6074321
          ],
          [
            77.161231,
            31.6071214
          ],
          [
            77.1603298,
            31.6063173
          ],
          [
            77.1595359,
            31.6059153
          ],
          [
            77.1584415,
            31.605696
          ],
          [
            77.1572399,
            31.6055315
          ],
          [
            77.1563172,
            31.6052208
          ],
          [
            77.1552497,
            31.6047
          ],
          [
            77.1549278,
            31.6036948
          ],
          [
            77.1545147,
            31.6019313
          ],
          [
            77.1545898,
            31.601383
          ],
          [
            77.154386,
            31.6007387
          ],
          [
            77.1543216,
            31.6003778
          ],
          [
            77.1529913,
            31.6001859
          ],
          [
            77.1518755,
            31.6007753
          ],
          [
            77.1510386,
            31.6022191
          ],
          [
            77.1508294,
            31.6032311
          ],
          [
            77.1507033,
            31.603608
          ],
          [
            77.150116,
            31.6038913
          ],
          [
            77.1488579,
            31.6040466
          ],
          [
            77.1475625,
            31.6041426
          ],
          [
            77.1463394,
            31.6041426
          ],
          [
            77.1450734,
            31.6037588
          ],
          [
            77.1439147,
            31.6032106
          ],
          [
            77.1430778,
            31.6025161
          ],
          [
            77.1431851,
            31.6013465
          ],
          [
            77.142713,
            31.6009809
          ],
          [
            77.1415972,
            31.6007251
          ],
          [
            77.140181,
            31.6000671
          ],
          [
            77.1393442,
            31.5996285
          ],
          [
            77.1384644,
            31.5994823
          ],
          [
            77.1380567,
            31.5997382
          ],
          [
            77.1380138,
            31.6004875
          ],
          [
            77.1395373,
            31.6015658
          ],
          [
            77.1400952,
            31.602644
          ],
          [
            77.1403956,
            31.6035578
          ],
          [
            77.1421122,
            31.6044898
          ],
          [
            77.1431637,
            31.6052208
          ],
          [
            77.1435714,
            31.6061346
          ],
          [
            77.1431422,
            31.6065732
          ],
          [
            77.1423268,
            31.6063722
          ],
          [
            77.1406102,
            31.6056594
          ],
          [
            77.1392369,
            31.6048919
          ],
          [
            77.1377349,
            31.6048005
          ],
          [
            77.1364045,
            31.6048919
          ],
          [
            77.1350956,
            31.6055315
          ],
          [
            77.1347093,
            31.6063173
          ],
          [
            77.1352029,
            31.6068473
          ],
          [
            77.1367907,
            31.6068656
          ],
          [
            77.1380567,
            31.6078524
          ],
          [
            77.1391296,
            31.6086748
          ],
          [
            77.1403312,
            31.6097164
          ],
          [
            77.1412968,
            31.6100453
          ],
          [
            77.1438718,
            31.6102829
          ],
          [
            77.1456742,
            31.6099905
          ],
          [
            77.147305,
            31.6099174
          ],
          [
            77.1484208,
            31.6103925
          ],
          [
            77.1486997,
            31.6121651
          ],
          [
            77.1495366,
            31.612695
          ],
          [
            77.1500945,
            31.6131153
          ],
          [
            77.1500087,
            31.6138645
          ],
          [
            77.1488929,
            31.6144676
          ],
          [
            77.1475518,
            31.6151254
          ],
          [
            77.1467042,
            31.6153081
          ],
          [
            77.1452665,
            31.6151071
          ],
          [
            77.1442365,
            31.6149427
          ],
          [
            77.1437216,
            31.6156919
          ],
          [
            77.1435714,
            31.6165141
          ],
          [
            77.1431422,
            31.6171902
          ],
          [
            77.1428203,
            31.61751
          ],
          [
            77.1422195,
            31.617574
          ],
          [
            77.1415651,
            31.6168065
          ],
          [
            77.1408891,
            31.6158929
          ],
          [
            77.1403527,
            31.6148696
          ],
          [
            77.1396875,
            31.614431
          ],
          [
            77.1387648,
            31.6139559
          ],
          [
            77.1375847,
            31.6133346
          ],
          [
            77.1370053,
            31.6126402
          ],
          [
            77.1363401,
            31.6119458
          ],
          [
            77.1359968,
            31.6109956
          ],
          [
            77.1355247,
            31.6105022
          ],
          [
            77.1348166,
            31.6103377
          ],
          [
            77.1341944,
            31.610557
          ],
          [
            77.1333575,
            31.611288
          ],
          [
            77.132585,
            31.6115803
          ],
          [
            77.1321344,
            31.6119641
          ],
          [
            77.1320707,
            31.6121812
          ],
          [
            77.1320057,
            31.6124027
          ],
          [
            77.1326065,
            31.6127316
          ],
          [
            77.1332717,
            31.6131153
          ],
          [
            77.1335935,
            31.6135173
          ],
          [
            77.1339369,
            31.6140107
          ],
          [
            77.1337008,
            31.6145589
          ],
          [
            77.1324777,
            31.6147965
          ],
          [
            77.1315121,
            31.6151254
          ],
          [
            77.1307182,
            31.6160756
          ],
          [
            77.130332,
            31.6172085
          ],
          [
            77.1306324,
            31.618049
          ],
          [
            77.131083,
            31.6181221
          ],
          [
            77.1317053,
            31.6178206
          ],
          [
            77.1320486,
            31.6172907
          ],
          [
            77.132349,
            31.6161487
          ],
          [
            77.1332824,
            31.6160299
          ],
          [
            77.1345162,
            31.6167334
          ],
          [
            77.1352458,
            31.6173821
          ],
          [
            77.1353209,
            31.6184784
          ],
          [
            77.135793,
            31.6192002
          ],
          [
            77.1364367,
            31.6194926
          ],
          [
            77.1386146,
            31.6196753
          ],
          [
            77.1414041,
            31.6198215
          ],
          [
            77.1430993,
            31.6194195
          ],
          [
            77.1443653,
            31.6197666
          ],
          [
            77.145009,
            31.6206437
          ],
          [
            77.1450519,
            31.6216304
          ],
          [
            77.1441936,
            31.6222882
          ],
          [
            77.1427774,
            31.6232931
          ],
          [
            77.1418762,
            31.6246269
          ],
          [
            77.1413612,
            31.6258694
          ],
          [
            77.1410394,
            31.6262348
          ]
        ]
      }
    },
    {
      "type": "Feature",
      "properties": {
        "osm_id": 1066608198,
        "waterway": "river",
        "name": "Bakhli Khad",
        "source": "OpenStreetMap / Overpass API"
      },
      "geometry": {
        "type": "LineString",
        "coordinates": [
          [
            77.1410394,
            31.6262348
          ],
          [
            77.1399879,
            31.6260521
          ],
          [
            77.1384859,
            31.6251568
          ],
          [
            77.1371341,
            31.6247548
          ],
          [
            77.1360397,
            31.6244625
          ],
          [
            77.1346235,
            31.6234576
          ],
          [
            77.1337652,
            31.6237134
          ],
          [
            77.1329498,
            31.6240788
          ],
          [
            77.132113,
            31.6239509
          ],
          [
            77.1311044,
            31.6235489
          ],
          [
            77.1302891,
            31.6234576
          ],
          [
            77.1298814,
            31.6235489
          ],
          [
            77.1299028,
            31.6240422
          ],
          [
            77.1300316,
            31.6244808
          ],
          [
            77.1292591,
            31.6255588
          ],
          [
            77.1282506,
            31.6269656
          ],
          [
            77.1273708,
            31.6285734
          ],
          [
            77.1266627,
            31.629286
          ],
          [
            77.1256757,
            31.6294321
          ],
          [
            77.1243024,
            31.6291398
          ],
          [
            77.1233153,
            31.6287379
          ],
          [
            77.1226287,
            31.6292494
          ],
          [
            77.1221566,
            31.6303639
          ],
          [
            77.1212125,
            31.6310582
          ],
          [
            77.1208568,
            31.631234
          ],
          [
            77.1205473,
            31.631387
          ],
          [
            77.1203971,
            31.6323188
          ],
          [
            77.1218991,
            31.6335429
          ],
          [
            77.1219635,
            31.6345294
          ],
          [
            77.1217489,
            31.6364111
          ],
          [
            77.1214056,
            31.6383293
          ],
          [
            77.1208906,
            31.6393707
          ],
          [
            77.1203756,
            31.6403571
          ],
          [
            77.1200537,
            31.6418734
          ],
          [
            77.1187663,
            31.6427868
          ],
          [
            77.1180367,
            31.6436271
          ],
          [
            77.1171999,
            31.6448327
          ],
          [
            77.1164918,
            31.6455269
          ],
          [
            77.1151399,
            31.6460932
          ],
          [
            77.1137318,
            31.6470932
          ],
          [
            77.1124095,
            31.6474061
          ],
          [
            77.1106338,
            31.6474997
          ],
          [
            77.1099901,
            31.6481208
          ],
          [
            77.1089548,
            31.6493012
          ],
          [
            77.1078309,
            31.6492761
          ],
          [
            77.1067795,
            31.6491916
          ],
          [
            77.1055725,
            31.6497465
          ],
          [
            77.1041751,
            31.6497648
          ],
          [
            77.1029601,
            31.6502283
          ],
          [
            77.1021446,
            31.6505228
          ],
          [
            77.1007418,
            31.6500661
          ],
          [
            77.1001732,
            31.6501346
          ],
          [
            77.0994115,
            31.650468
          ],
          [
            77.0988669,
            31.6510411
          ],
          [
            77.0968133,
            31.6513718
          ],
          [
            77.0958388,
            31.6514818
          ],
          [
            77.0949805,
            31.6524681
          ],
          [
            77.0941114,
            31.6536919
          ],
          [
            77.0934677,
            31.655007
          ],
          [
            77.0919227,
            31.6575459
          ],
          [
            77.0908713,
            31.6585322
          ],
          [
            77.089777,
            31.6590436
          ],
          [
            77.0885539,
            31.6591349
          ],
          [
            77.0872664,
            31.6588061
          ],
          [
            77.0860004,
            31.6590618
          ],
          [
            77.0843696,
            31.6607239
          ],
          [
            77.0840907,
            31.6621485
          ],
          [
            77.0838547,
            31.6634817
          ],
          [
            77.0836615,
            31.6640114
          ],
          [
            77.0843267,
            31.6652533
          ],
          [
            77.0853781,
            31.6664952
          ],
          [
            77.0853996,
            31.6671892
          ],
          [
            77.0847988,
            31.667591
          ],
          [
            77.0835757,
            31.667591
          ],
          [
            77.0825243,
            31.667244
          ],
          [
            77.0811081,
            31.6668604
          ],
          [
            77.079649,
            31.6672257
          ],
          [
            77.0784473,
            31.6681023
          ],
          [
            77.0775676,
            31.6692346
          ],
          [
            77.076323,
            31.6707138
          ],
          [
            77.0757601,
            31.6715462
          ]
        ]
      }
    },
    {
      "type": "Feature",
      "properties": {
        "osm_id": 1066608199,
        "waterway": "stream",
        "name": null,
        "source": "OpenStreetMap / Overpass API"
      },
      "geometry": {
        "type": "LineString",
        "coordinates": [
          [
            77.1468544,
            31.6538929
          ],
          [
            77.1461248,
            31.6548792
          ],
          [
            77.1449876,
            31.6559203
          ],
          [
            77.1439791,
            31.6568883
          ],
          [
            77.1438503,
            31.6576189
          ],
          [
            77.1443867,
            31.6588244
          ],
          [
            77.1446657,
            31.6599385
          ],
          [
            77.1450519,
            31.661144
          ],
          [
            77.1438932,
            31.6626051
          ],
          [
            77.1430778,
            31.6635365
          ],
          [
            77.1418333,
            31.6646506
          ]
        ]
      }
    },
    {
      "type": "Feature",
      "properties": {
        "osm_id": 1066608200,
        "waterway": "stream",
        "name": "Chhairi Nala",
        "source": "OpenStreetMap / Overpass API"
      },
      "geometry": {
        "type": "LineString",
        "coordinates": [
          [
            77.1611237,
            31.6651255
          ],
          [
            77.1594715,
            31.6664404
          ],
          [
            77.1570682,
            31.6666048
          ],
          [
            77.1557593,
            31.6671344
          ],
          [
            77.1544289,
            31.6678832
          ],
          [
            77.1523475,
            31.6686319
          ],
          [
            77.1517682,
            31.668778
          ],
          [
            77.1504593,
            31.6687598
          ],
          [
            77.1492362,
            31.668705
          ],
          [
            77.1477341,
            31.6679927
          ],
          [
            77.1458244,
            31.66697
          ],
          [
            77.1444726,
            31.6657464
          ],
          [
            77.1429276,
            31.6649976
          ],
          [
            77.1418333,
            31.6646506
          ],
          [
            77.1403098,
            31.6648332
          ],
          [
            77.1388721,
            31.6651255
          ],
          [
            77.1377778,
            31.6657647
          ],
          [
            77.136898,
            31.6671892
          ],
          [
            77.1368122,
            31.668431
          ],
          [
            77.1359539,
            31.6693259
          ],
          [
            77.1350527,
            31.670513
          ]
        ]
      }
    },
    {
      "type": "Feature",
      "properties": {
        "osm_id": 1066608201,
        "waterway": "stream",
        "name": null,
        "source": "OpenStreetMap / Overpass API"
      },
      "geometry": {
        "type": "LineString",
        "coordinates": [
          [
            77.1179294,
            31.6657099
          ],
          [
            77.1171784,
            31.6671161
          ],
          [
            77.1165132,
            31.6681571
          ],
          [
            77.1168136,
            31.6689241
          ],
          [
            77.1169853,
            31.6698007
          ],
          [
            77.1167493,
            31.6706043
          ],
          [
            77.1160197,
            31.6722844
          ],
          [
            77.1166634,
            31.6738914
          ],
          [
            77.1176076,
            31.6756628
          ],
          [
            77.1185088,
            31.6770506
          ],
          [
            77.1202898,
            31.678968
          ],
          [
            77.1210193,
            31.6804471
          ],
          [
            77.122221,
            31.6814879
          ],
          [
            77.1226501,
            31.6828392
          ],
          [
            77.1225428,
            31.6840078
          ],
          [
            77.1218026,
            31.6856055
          ],
          [
            77.1212017,
            31.6866462
          ],
          [
            77.1207404,
            31.6873766
          ],
          [
            77.119925,
            31.6885999
          ],
          [
            77.1193457,
            31.6895676
          ],
          [
            77.1186054,
            31.6904532
          ],
          [
            77.1176758,
            31.6913472
          ]
        ]
      }
    },
    {
      "type": "Feature",
      "properties": {
        "osm_id": 1066608202,
        "waterway": "stream",
        "name": null,
        "source": "OpenStreetMap / Overpass API"
      },
      "geometry": {
        "type": "LineString",
        "coordinates": [
          [
            77.1401596,
            31.678475
          ],
          [
            77.1384859,
            31.6788037
          ],
          [
            77.1373701,
            31.6793332
          ],
          [
            77.136426,
            31.6792784
          ],
          [
            77.1353745,
            31.6786941
          ],
          [
            77.1341085,
            31.6782923
          ],
          [
            77.1327138,
            31.6780002
          ],
          [
            77.1317911,
            31.6781097
          ],
          [
            77.1306968,
            31.6786941
          ],
          [
            77.1299672,
            31.6787671
          ]
        ]
      }
    },
    {
      "type": "Feature",
      "properties": {
        "osm_id": 1066608203,
        "waterway": "stream",
        "name": "Karthach Nala",
        "source": "OpenStreetMap / Overpass API"
      },
      "geometry": {
        "type": "LineString",
        "coordinates": [
          [
            77.1350527,
            31.670513
          ],
          [
            77.1352672,
            31.6711339
          ],
          [
            77.1355247,
            31.6716635
          ],
          [
            77.1347093,
            31.6720105
          ],
          [
            77.1342158,
            31.6730331
          ],
          [
            77.1350097,
            31.6737818
          ],
          [
            77.1350097,
            31.6744027
          ],
          [
            77.1344089,
            31.6744575
          ],
          [
            77.1334219,
            31.6743662
          ],
          [
            77.1330142,
            31.674768
          ],
          [
            77.1326923,
            31.6761741
          ],
          [
            77.1314907,
            31.6772515
          ],
          [
            77.1299672,
            31.6787671
          ],
          [
            77.1281862,
            31.6797532
          ],
          [
            77.1271777,
            31.6807392
          ],
          [
            77.126019,
            31.6815792
          ],
          [
            77.1243024,
            31.6827844
          ],
          [
            77.1244955,
            31.6833687
          ],
          [
            77.1239161,
            31.6844643
          ],
          [
            77.1233797,
            31.6858702
          ],
          [
            77.1229076,
            31.6865641
          ],
          [
            77.12147,
            31.6872762
          ],
          [
            77.1215772,
            31.6875683
          ],
          [
            77.1222639,
            31.6880065
          ],
          [
            77.121942,
            31.6887551
          ],
          [
            77.1210623,
            31.6901976
          ],
          [
            77.1212125,
            31.6911835
          ],
          [
            77.1215093,
            31.6919452
          ]
        ]
      }
    },
    {
      "type": "Feature",
      "properties": {
        "osm_id": 1066614102,
        "waterway": "stream",
        "name": null,
        "source": "OpenStreetMap / Overpass API"
      },
      "geometry": {
        "type": "LineString",
        "coordinates": [
          [
            77.1807146,
            31.6442116
          ],
          [
            77.1789551,
            31.6426589
          ],
          [
            77.1773028,
            31.641782
          ],
          [
            77.1753931,
            31.6408504
          ],
          [
            77.1741056,
            31.6404485
          ],
          [
            77.1730971,
            31.639937
          ],
          [
            77.1721101,
            31.6390601
          ],
          [
            77.1712303,
            31.6380919
          ],
          [
            77.1705436,
            31.6368679
          ],
          [
            77.1696424,
            31.6360092
          ],
          [
            77.1665525,
            31.6348035
          ],
          [
            77.1638918,
            31.6334698
          ],
          [
            77.1623897,
            31.6329765
          ],
          [
            77.1600938,
            31.6323919
          ],
          [
            77.1585488,
            31.6318803
          ],
          [
            77.1579051,
            31.6314053
          ],
          [
            77.1569395,
            31.6302543
          ],
          [
            77.1563172,
            31.6295966
          ],
          [
            77.155416,
            31.6292129
          ],
          [
            77.1543002,
            31.629487
          ],
          [
            77.1537472,
            31.629648
          ],
          [
            77.1526694,
            31.629962
          ],
          [
            77.1508026,
            31.630236
          ],
          [
            77.149322,
            31.6303274
          ],
          [
            77.1479916,
            31.6297793
          ],
          [
            77.14782,
            31.6287561
          ],
          [
            77.1471333,
            31.6282628
          ],
          [
            77.1455669,
            31.6277695
          ],
          [
            77.1444726,
            31.6277878
          ],
          [
            77.1433353,
            31.628007
          ],
          [
            77.142713,
            31.6278609
          ],
          [
            77.141962,
            31.6269839
          ],
          [
            77.1410394,
            31.6262348
          ]
        ]
      }
    },
    {
      "type": "Feature",
      "properties": {
        "osm_id": 1066614103,
        "waterway": "stream",
        "name": null,
        "source": "OpenStreetMap / Overpass API"
      },
      "geometry": {
        "type": "LineString",
        "coordinates": [
          [
            77.1007204,
            31.6325746
          ],
          [
            77.1010852,
            31.6333419
          ],
          [
            77.1009779,
            31.6345294
          ],
          [
            77.1008491,
            31.6355708
          ],
          [
            77.1006989,
            31.6369592
          ],
          [
            77.1007418,
            31.6377813
          ],
          [
            77.0998621,
            31.6387495
          ],
          [
            77.0996904,
            31.6395716
          ],
          [
            77.09939,
            31.6402841
          ],
          [
            77.0982742,
            31.6408869
          ],
          [
            77.097137,
            31.6411427
          ],
          [
            77.0963538,
            31.6417181
          ],
          [
            77.0961928,
            31.6421931
          ],
          [
            77.0965791,
            31.643216
          ],
          [
            77.0968151,
            31.644376
          ],
          [
            77.0966863,
            31.6462576
          ],
          [
            77.097373,
            31.6479746
          ],
          [
            77.0976519,
            31.6490524
          ],
          [
            77.097137,
            31.6500936
          ],
          [
            77.0968795,
            31.6506415
          ],
          [
            77.0968133,
            31.6513718
          ]
        ]
      }
    },
    {
      "type": "Feature",
      "properties": {
        "osm_id": 1066614122,
        "waterway": "stream",
        "name": null,
        "source": "OpenStreetMap / Overpass API"
      },
      "geometry": {
        "type": "LineString",
        "coordinates": [
          [
            77.1052265,
            31.6215756
          ],
          [
            77.1076083,
            31.6228729
          ],
          [
            77.1085095,
            31.6239326
          ],
          [
            77.1109557,
            31.6243711
          ],
          [
            77.1119642,
            31.6248279
          ],
          [
            77.1131873,
            31.6256318
          ],
          [
            77.1161485,
            31.6272031
          ],
          [
            77.1175861,
            31.6282263
          ],
          [
            77.1191954,
            31.6292129
          ],
          [
            77.1198392,
            31.6302908
          ],
          [
            77.1208568,
            31.631234
          ]
        ]
      }
    },
    {
      "type": "Feature",
      "properties": {
        "osm_id": 1066614123,
        "waterway": "stream",
        "name": null,
        "source": "OpenStreetMap / Overpass API"
      },
      "geometry": {
        "type": "LineString",
        "coordinates": [
          [
            77.1180796,
            31.5932682
          ],
          [
            77.1179724,
            31.5942003
          ],
          [
            77.119174,
            31.5947852
          ],
          [
            77.1197319,
            31.5955528
          ],
          [
            77.1207404,
            31.597344
          ],
          [
            77.1210623,
            31.598075
          ],
          [
            77.1209979,
            31.598934
          ],
          [
            77.1203327,
            31.599994
          ],
          [
            77.1199679,
            31.6009261
          ],
          [
            77.119925,
            31.6029182
          ],
          [
            77.1209979,
            31.6045629
          ],
          [
            77.1218347,
            31.6055498
          ],
          [
            77.1214485,
            31.6061529
          ],
          [
            77.1204614,
            31.6067011
          ],
          [
            77.1198821,
            31.6071945
          ],
          [
            77.1193027,
            31.6073955
          ],
          [
            77.1191311,
            31.6081814
          ],
          [
            77.1197748,
            31.6088392
          ],
          [
            77.1212983,
            31.6096433
          ],
          [
            77.1219635,
            31.6106667
          ],
          [
            77.1233368,
            31.6110139
          ],
          [
            77.1245384,
            31.6117083
          ],
          [
            77.1265983,
            31.6117996
          ],
          [
            77.1282077,
            31.611891
          ],
          [
            77.1296453,
            31.6123296
          ],
          [
            77.1320707,
            31.6121812
          ]
        ]
      }
    },
    {
      "type": "Feature",
      "properties": {
        "osm_id": 1066614125,
        "waterway": "stream",
        "name": "Surah Khad",
        "source": "OpenStreetMap / Overpass API"
      },
      "geometry": {
        "type": "LineString",
        "coordinates": [
          [
            77.1359968,
            31.5418214
          ],
          [
            77.1355676,
            31.5430649
          ],
          [
            77.1355247,
            31.5445462
          ],
          [
            77.135911,
            31.5462469
          ],
          [
            77.1362114,
            31.5475818
          ],
          [
            77.1361899,
            31.5485875
          ],
          [
            77.1358681,
            31.5499773
          ],
          [
            77.1351599,
            31.5521715
          ],
          [
            77.1350741,
            31.5536709
          ],
          [
            77.1344733,
            31.5550423
          ],
          [
            77.1338939,
            31.5563771
          ],
          [
            77.1327567,
            31.5588821
          ],
          [
            77.1317911,
            31.559906
          ],
          [
            77.131319,
            31.5614967
          ],
          [
            77.1309113,
            31.5620817
          ],
          [
            77.130053,
            31.5628313
          ],
          [
            77.1291303,
            31.5634347
          ],
          [
            77.1278214,
            31.5640746
          ],
          [
            77.1266842,
            31.5640563
          ],
          [
            77.1250105,
            31.5638735
          ],
          [
            77.1255255,
            31.5652264
          ],
          [
            77.1261477,
            31.5659943
          ],
          [
            77.126491,
            31.5667256
          ],
          [
            77.1274137,
            31.5670182
          ],
          [
            77.1282935,
            31.5666159
          ],
          [
            77.1289587,
            31.56636
          ],
          [
            77.1292591,
            31.5665062
          ],
          [
            77.1294951,
            31.5669633
          ],
          [
            77.1310401,
            31.5675483
          ],
          [
            77.1319198,
            31.5685356
          ],
          [
            77.1319413,
            31.569596
          ],
          [
            77.1315551,
            31.5706929
          ],
          [
            77.1314049,
            31.5713693
          ],
          [
            77.1317053,
            31.5719543
          ],
          [
            77.1317696,
            31.5729415
          ],
          [
            77.1329498,
            31.5734899
          ],
          [
            77.1332288,
            31.5747879
          ],
          [
            77.1338296,
            31.575702
          ],
          [
            77.1343231,
            31.5768536
          ],
          [
            77.1357393,
            31.5773472
          ],
          [
            77.1363401,
            31.5782795
          ],
          [
            77.137177,
            31.5783892
          ],
          [
            77.1385932,
            31.5782247
          ],
          [
            77.1393442,
            31.5775483
          ],
          [
            77.1401167,
            31.5770182
          ],
          [
            77.1408462,
            31.5772741
          ],
          [
            77.1413827,
            31.5778408
          ],
          [
            77.1412539,
            31.5786086
          ],
          [
            77.1406102,
            31.5801075
          ],
          [
            77.1411037,
            31.5813323
          ],
          [
            77.1415114,
            31.5826667
          ],
          [
            77.1422195,
            31.5833248
          ],
          [
            77.1426701,
            31.5843667
          ],
          [
            77.1430778,
            31.585043
          ],
          [
            77.1434533,
            31.5859569
          ],
          [
            77.1433139,
            31.5872821
          ],
          [
            77.1433568,
            31.5885525
          ],
          [
            77.1438718,
            31.5892836
          ],
          [
            77.1459317,
            31.5902158
          ],
          [
            77.1463394,
            31.59049
          ],
          [
            77.1467042,
            31.5921167
          ],
          [
            77.146554,
            31.5935606
          ],
          [
            77.145803,
            31.5941089
          ],
          [
            77.1437645,
            31.5940541
          ],
          [
            77.1428203,
            31.5939993
          ],
          [
            77.1427125,
            31.5944193
          ],
          [
            77.1426701,
            31.5945842
          ],
          [
            77.1425843,
            31.5953335
          ],
          [
            77.1423268,
            31.5964119
          ],
          [
            77.1427989,
            31.5971978
          ],
          [
            77.1440649,
            31.5981299
          ],
          [
            77.1443224,
            31.5986233
          ],
          [
            77.1437216,
            31.5990802
          ],
          [
            77.1430349,
            31.5995006
          ],
          [
            77.1432495,
            31.5998661
          ],
          [
            77.1439361,
            31.6005606
          ],
          [
            77.1440863,
            31.6010175
          ],
          [
            77.1431851,
            31.6013465
          ]
        ]
      }
    },
    {
      "type": "Feature",
      "properties": {
        "osm_id": 1066663181,
        "waterway": "stream",
        "name": "Satyur Khad",
        "source": "OpenStreetMap / Overpass API"
      },
      "geometry": {
        "type": "LineString",
        "coordinates": [
          [
            77.0780312,
            31.748426
          ],
          [
            77.0761657,
            31.7470901
          ],
          [
            77.0751103,
            31.7460047
          ],
          [
            77.0743248,
            31.744961
          ],
          [
            77.0728029,
            31.7437294
          ],
          [
            77.0723857,
            31.7423726
          ],
          [
            77.0712811,
            31.7418507
          ],
          [
            77.0707165,
            31.7407026
          ],
          [
            77.0710356,
            31.7398885
          ],
          [
            77.0715756,
            31.7394919
          ],
          [
            77.0726802,
            31.7379471
          ],
          [
            77.0723611,
            31.7365067
          ],
          [
            77.0713302,
            31.735609
          ],
          [
            77.069882,
            31.7344191
          ],
          [
            77.0694401,
            31.7331665
          ],
          [
            77.0686547,
            31.7323732
          ],
          [
            77.0676728,
            31.7312041
          ],
          [
            77.0675501,
            31.7299306
          ],
          [
            77.0671083,
            31.7287406
          ],
          [
            77.0667892,
            31.7277593
          ],
          [
            77.0657583,
            31.7264231
          ],
          [
            77.0654637,
            31.7259429
          ],
          [
            77.064801,
            31.7254627
          ],
          [
            77.0643346,
            31.7246902
          ],
          [
            77.0643837,
            31.7231661
          ],
          [
            77.0640646,
            31.7226233
          ],
          [
            77.0623709,
            31.7212244
          ],
          [
            77.0620518,
            31.7200969
          ],
          [
            77.06242,
            31.7178627
          ],
          [
            77.0617818,
            31.7164847
          ],
          [
            77.0614627,
            31.7153571
          ],
          [
            77.0606772,
            31.7146472
          ],
          [
            77.0594745,
            31.7140834
          ],
          [
            77.0587381,
            31.7138537
          ],
          [
            77.0584681,
            31.7132482
          ],
          [
            77.0590572,
            31.7114524
          ],
          [
            77.0593272,
            31.710283
          ],
          [
            77.0591308,
            31.7087586
          ],
          [
            77.0601618,
            31.7076101
          ],
          [
            77.0609227,
            31.7057516
          ],
          [
            77.0622236,
            31.7052504
          ],
          [
            77.0621991,
            31.70335
          ],
          [
            77.0635246,
            31.7022641
          ],
          [
            77.0641628,
            31.7014288
          ],
          [
            77.0641137,
            31.7004263
          ],
          [
            77.0640646,
            31.6985468
          ],
          [
            77.0638682,
            31.6976487
          ],
          [
            77.0634055,
            31.6959488
          ],
          [
            77.0627391,
            31.6943489
          ],
          [
            77.0619782,
            31.6934718
          ],
          [
            77.0625918,
            31.6921769
          ],
          [
            77.0629354,
            31.6906731
          ],
          [
            77.0638191,
            31.689044
          ],
          [
            77.0645555,
            31.6875401
          ],
          [
            77.0640155,
            31.6859945
          ],
          [
            77.0641627,
            31.6843235
          ],
          [
            77.0629354,
            31.6829867
          ],
          [
            77.0623463,
            31.6808979
          ],
          [
            77.0624936,
            31.6790179
          ],
          [
            77.0619536,
            31.6780153
          ],
          [
            77.0616801,
            31.6768251
          ],
          [
            77.0599031,
            31.6760905
          ],
          [
            77.0583039,
            31.6752912
          ],
          [
            77.0568569,
            31.6741678
          ],
          [
            77.054623,
            31.6737357
          ],
          [
            77.0539629,
            31.6732817
          ]
        ]
      }
    },
    {
      "type": "Feature",
      "properties": {
        "osm_id": 1066663182,
        "waterway": "stream",
        "name": "Deori Nala",
        "source": "OpenStreetMap / Overpass API"
      },
      "geometry": {
        "type": "LineString",
        "coordinates": [
          [
            77.0937359,
            31.739701
          ],
          [
            77.0933175,
            31.7386061
          ],
          [
            77.092824,
            31.7380404
          ],
          [
            77.092545,
            31.7375568
          ],
          [
            77.0922768,
            31.7369819
          ],
          [
            77.0918369,
            31.7363249
          ],
          [
            77.091397,
            31.7352482
          ],
          [
            77.0907962,
            31.7348467
          ],
          [
            77.0902651,
            31.7340574
          ],
          [
            77.0898467,
            31.7333092
          ],
          [
            77.0894766,
            31.7327571
          ],
          [
            77.0889401,
            31.7322188
          ],
          [
            77.0887899,
            31.7313975
          ],
          [
            77.088511,
            31.7308409
          ],
          [
            77.0880818,
            31.7302751
          ],
          [
            77.08776,
            31.7298006
          ],
          [
            77.0875025,
            31.7290341
          ],
          [
            77.0875937,
            31.7286782
          ],
          [
            77.0879584,
            31.7280166
          ],
          [
            77.0880282,
            31.7266614
          ],
          [
            77.0874596,
            31.7257854
          ],
          [
            77.0870519,
            31.7248089
          ],
          [
            77.0867729,
            31.7242979
          ],
          [
            77.086612,
            31.7233762
          ],
          [
            77.0863116,
            31.7227739
          ],
          [
            77.0858502,
            31.721989
          ],
          [
            77.0858502,
            31.7213228
          ],
          [
            77.0861184,
            31.720538
          ],
          [
            77.0855176,
            31.7197714
          ],
          [
            77.0850563,
            31.7186397
          ],
          [
            77.0849705,
            31.717937
          ],
          [
            77.0849275,
            31.7165497
          ],
          [
            77.0842838,
            31.7155002
          ],
          [
            77.0831466,
            31.7144597
          ],
          [
            77.0820415,
            31.7134923
          ],
          [
            77.0815158,
            31.7126526
          ],
          [
            77.0814299,
            31.7122419
          ],
          [
            77.0811725,
            31.7113383
          ],
          [
            77.0808077,
            31.709951
          ],
          [
            77.0808399,
            31.7094399
          ],
          [
            77.0813656,
            31.7082168
          ],
          [
            77.0816123,
            31.7069298
          ],
          [
            77.081387,
            31.7056063
          ],
          [
            77.0809364,
            31.704511
          ],
          [
            77.0799494,
            31.7035982
          ],
          [
            77.0783615,
            31.7027585
          ],
          [
            77.0761728,
            31.7013527
          ],
          [
            77.0750999,
            31.7013527
          ],
          [
            77.0735979,
            31.7000748
          ],
          [
            77.071774,
            31.7000018
          ],
          [
            77.0698643,
            31.6985047
          ],
          [
            77.0687914,
            31.6966973
          ],
          [
            77.0678901,
            31.6960035
          ],
          [
            77.0655942,
            31.695894
          ],
          [
            77.0634055,
            31.6959488
          ]
        ]
      }
    },
    {
      "type": "Feature",
      "properties": {
        "osm_id": 1066663183,
        "waterway": "stream",
        "name": "Khoti Nala",
        "source": "OpenStreetMap / Overpass API"
      },
      "geometry": {
        "type": "LineString",
        "coordinates": [
          [
            77.1214914,
            31.7262691
          ],
          [
            77.121191,
            31.7247359
          ],
          [
            77.1207618,
            31.7234036
          ],
          [
            77.1202469,
            31.7217244
          ],
          [
            77.1200967,
            31.7200269
          ],
          [
            77.1194958,
            31.7183842
          ],
          [
            77.1187019,
            31.7178548
          ],
          [
            77.1160626,
            31.7168692
          ],
          [
            77.1150327,
            31.7151169
          ],
          [
            77.1146464,
            31.7140582
          ],
          [
            77.1138739,
            31.7137296
          ],
          [
            77.1121788,
            31.7138391
          ],
          [
            77.1108055,
            31.7130542
          ],
          [
            77.1092391,
            31.7121598
          ],
          [
            77.1078443,
            31.7114661
          ],
          [
            77.106514,
            31.7102066
          ],
          [
            77.1056771,
            31.7093303
          ],
          [
            77.1047973,
            31.7082533
          ],
          [
            77.1040463,
            31.7074684
          ],
          [
            77.1031236,
            31.7064461
          ],
          [
            77.1026945,
            31.7056428
          ],
          [
            77.1026516,
            31.7044562
          ],
          [
            77.103467,
            31.7034157
          ],
          [
            77.1035099,
            31.7025576
          ],
          [
            77.1030593,
            31.7018274
          ],
          [
            77.1027589,
            31.7013345
          ],
          [
            77.1028447,
            31.700732
          ],
          [
            77.1038961,
            31.700586
          ],
          [
            77.1039605,
            31.6998557
          ],
          [
            77.103703,
            31.6987603
          ],
          [
            77.1050763,
            31.6980301
          ],
          [
            77.1058917,
            31.6969894
          ],
          [
            77.1079087,
            31.6954923
          ],
          [
            77.1083379,
            31.6940135
          ],
          [
            77.1093464,
            31.6930093
          ],
          [
            77.1095395,
            31.6925346
          ],
          [
            77.1105051,
            31.6912565
          ],
          [
            77.111063,
            31.6905627
          ],
          [
            77.111063,
            31.6901245
          ],
          [
            77.1118086,
            31.6895996
          ],
          [
            77.112211,
            31.6887825
          ],
          [
            77.1134718,
            31.6877117
          ]
        ]
      }
    },
    {
      "type": "Feature",
      "properties": {
        "osm_id": 1066663184,
        "waterway": "stream",
        "name": "Chuli Nal",
        "source": "OpenStreetMap / Overpass API"
      },
      "geometry": {
        "type": "LineString",
        "coordinates": [
          [
            77.1371555,
            31.767982
          ],
          [
            77.1396875,
            31.7655192
          ],
          [
            77.1412325,
            31.765282
          ],
          [
            77.1428203,
            31.7640232
          ],
          [
            77.1439791,
            31.7633847
          ],
          [
            77.1437859,
            31.7621806
          ],
          [
            77.142756,
            31.7604291
          ],
          [
            77.1418118,
            31.7603926
          ],
          [
            77.1410608,
            31.7604473
          ],
          [
            77.1406746,
            31.7600825
          ],
          [
            77.1411037,
            31.7586776
          ],
          [
            77.1417045,
            31.7579478
          ],
          [
            77.142992,
            31.7579113
          ],
          [
            77.1444082,
            31.7587141
          ],
          [
            77.1460175,
            31.7588418
          ],
          [
            77.1463179,
            31.7578748
          ],
          [
            77.1467471,
            31.7576194
          ],
          [
            77.1477771,
            31.7576924
          ],
          [
            77.1496653,
            31.7564061
          ],
          [
            77.1500301,
            31.754244
          ],
          [
            77.1507919,
            31.7532587
          ],
          [
            77.1509743,
            31.7518903
          ],
          [
            77.150867,
            31.7505765
          ],
          [
            77.1511459,
            31.7497554
          ],
          [
            77.1511888,
            31.747876
          ],
          [
            77.1513176,
            31.7465987
          ],
          [
            77.1506309,
            31.7459236
          ],
          [
            77.1504807,
            31.7451572
          ],
          [
            77.1509743,
            31.7439893
          ],
          [
            77.1516394,
            31.7435879
          ],
          [
            77.1523046,
            31.7434419
          ],
          [
            77.1529484,
            31.7428215
          ],
          [
            77.1532917,
            31.7420185
          ],
          [
            77.1529913,
            31.7413434
          ],
          [
            77.1521116,
            31.7400341
          ],
          [
            77.1522081,
            31.7393976
          ],
          [
            77.1524575,
            31.7386015
          ],
          [
            77.1539998,
            31.7371553
          ],
          [
            77.1558022,
            31.736179
          ],
          [
            77.1562958,
            31.7356497
          ],
          [
            77.1562958,
            31.7344635
          ],
          [
            77.1559953,
            31.733697
          ],
          [
            77.1562528,
            31.732894
          ],
          [
            77.157433,
            31.7326568
          ],
          [
            77.1582699,
            31.7321093
          ],
          [
            77.1590853,
            31.730923
          ],
          [
            77.1589136,
            31.7294812
          ],
          [
            77.158699,
            31.7284227
          ],
          [
            77.1594929,
            31.7269443
          ],
          [
            77.1603942,
            31.7252105
          ],
          [
            77.161231,
            31.7240789
          ],
          [
            77.1611023,
            31.7231663
          ],
          [
            77.1605015,
            31.7213411
          ],
          [
            77.1605015,
            31.7197714
          ],
          [
            77.1608233,
            31.7189683
          ],
          [
            77.1619606,
            31.7183112
          ],
          [
            77.1623468,
            31.7176541
          ],
          [
            77.1621752,
            31.7167597
          ],
          [
            77.1614671,
            31.7160478
          ],
          [
            77.1613383,
            31.7147153
          ],
          [
            77.1617245,
            31.7139121
          ],
          [
            77.1630549,
            31.7136748
          ],
          [
            77.1641707,
            31.7130542
          ],
          [
            77.164042,
            31.7118494
          ],
          [
            77.1636987,
            31.7103343
          ],
          [
            77.1637416,
            31.7089105
          ],
          [
            77.1633124,
            31.7081986
          ],
          [
            77.1627116,
            31.7074501
          ],
          [
            77.1627116,
            31.7065556
          ],
          [
            77.1622395,
            31.7059897
          ],
          [
            77.1616387,
            31.7061175
          ],
          [
            77.1605444,
            31.7067564
          ],
          [
            77.15945,
            31.7064643
          ],
          [
            77.1579265,
            31.7059167
          ],
          [
            77.1571755,
            31.7054603
          ],
          [
            77.1571755,
            31.7048579
          ],
          [
            77.1576047,
            31.7040364
          ],
          [
            77.1576905,
            31.7030871
          ],
          [
            77.1573901,
            31.7021195
          ],
          [
            77.157948,
            31.7015536
          ],
          [
            77.1591067,
            31.701444
          ],
          [
            77.1605444,
            31.7016631
          ],
          [
            77.1617567,
            31.7015079
          ],
          [
            77.1625614,
            31.7009329
          ],
          [
            77.1632373,
            31.7000931
          ],
          [
            77.1640211,
            31.6986386
          ]
        ]
      }
    },
    {
      "type": "Feature",
      "properties": {
        "osm_id": 1066663188,
        "waterway": "stream",
        "name": "Shiri Gad",
        "source": "OpenStreetMap / Overpass API"
      },
      "geometry": {
        "type": "LineString",
        "coordinates": [
          [
            77.1236372,
            31.7998289
          ],
          [
            77.1243238,
            31.8011419
          ],
          [
            77.1254825,
            31.8021632
          ],
          [
            77.127285,
            31.8022361
          ],
          [
            77.1291732,
            31.8013608
          ],
          [
            77.1310186,
            31.8018349
          ],
          [
            77.1320056,
            31.8018714
          ],
          [
            77.134602,
            31.8032938
          ],
          [
            77.1369624,
            31.8044244
          ],
          [
            77.1381855,
            31.8049897
          ],
          [
            77.1396446,
            31.8067951
          ],
          [
            77.1417475,
            31.8087098
          ],
          [
            77.1446228,
            31.8098221
          ],
          [
            77.150352,
            31.8135419
          ],
          [
            77.1523261,
            31.8146086
          ],
          [
            77.1532595,
            31.8158029
          ],
          [
            77.154901,
            31.8167601
          ],
          [
            77.1562314,
            31.817371
          ],
          [
            77.157669,
            31.8184467
          ],
          [
            77.1593213,
            31.8193219
          ],
          [
            77.1608233,
            31.819878
          ],
          [
            77.1628403,
            31.8207076
          ],
          [
            77.1633536,
            31.8212431
          ],
          [
            77.1642136,
            31.8221297
          ],
          [
            77.1648145,
            31.8235336
          ],
          [
            77.1653938,
            31.8242629
          ],
          [
            77.1661234,
            31.8243905
          ],
          [
            77.1673035,
            31.8238436
          ],
          [
            77.168076,
            31.8229137
          ],
          [
            77.1685695,
            31.8217104
          ],
          [
            77.1694493,
            31.8207988
          ],
          [
            77.1697497,
            31.8198507
          ],
          [
            77.1702862,
            31.8186291
          ],
          [
            77.1718097,
            31.8180638
          ],
          [
            77.1732473,
            31.818392
          ],
          [
            77.1745991,
            31.8193219
          ],
          [
            77.1760154,
            31.8201971
          ],
          [
            77.1763158,
            31.8211452
          ],
          [
            77.1765592,
            31.8219352
          ]
        ]
      }
    },
    {
      "type": "Feature",
      "properties": {
        "osm_id": 1066663343,
        "waterway": "stream",
        "name": null,
        "source": "OpenStreetMap / Overpass API"
      },
      "geometry": {
        "type": "LineString",
        "coordinates": [
          [
            77.1080885,
            31.7354919
          ],
          [
            77.1061294,
            31.7362368
          ],
          [
            77.1044032,
            31.7356755
          ],
          [
            77.1031848,
            31.7349846
          ],
          [
            77.102017,
            31.7333653
          ],
          [
            77.1012555,
            31.731854
          ],
          [
            77.099707,
            31.7307529
          ],
          [
            77.0984124,
            31.7293279
          ],
          [
            77.0974477,
            31.7280324
          ],
          [
            77.0959754,
            31.7277301
          ],
          [
            77.0947569,
            31.7269097
          ],
          [
            77.0933861,
            31.7259164
          ],
          [
            77.0929546,
            31.7253119
          ],
          [
            77.0933353,
            31.7245561
          ],
          [
            77.0932084,
            31.7238436
          ],
          [
            77.0924215,
            31.7233686
          ],
          [
            77.090873,
            31.7232822
          ],
          [
            77.0898576,
            31.7225265
          ],
          [
            77.089426,
            31.7210797
          ],
          [
            77.0888675,
            31.7198057
          ],
          [
            77.0878268,
            31.7189528
          ],
          [
            77.0872048,
            31.7184345
          ],
          [
            77.0865067,
            31.718197
          ],
          [
            77.085961,
            31.7173333
          ],
          [
            77.0857071,
            31.716869
          ],
          [
            77.0853771,
            31.7161132
          ],
          [
            77.0842838,
            31.7155002
          ]
        ]
      }
    },
    {
      "type": "Feature",
      "properties": {
        "osm_id": 1066669680,
        "waterway": "stream",
        "name": "Dudhlu Nal",
        "source": "OpenStreetMap / Overpass API"
      },
      "geometry": {
        "type": "LineString",
        "coordinates": [
          [
            77.0345984,
            31.7830384
          ],
          [
            77.0328931,
            31.7840048
          ],
          [
            77.0323957,
            31.7850014
          ],
          [
            77.0310456,
            31.7862094
          ],
          [
            77.0296955,
            31.786904
          ],
          [
            77.0281323,
            31.7866624
          ],
          [
            77.0272796,
            31.7875986
          ],
          [
            77.0256453,
            31.788414
          ],
          [
            77.0228741,
            31.7888972
          ],
          [
            77.020849,
            31.788716
          ],
          [
            77.0181488,
            31.7887462
          ],
          [
            77.0166921,
            31.788263
          ],
          [
            77.0137433,
            31.7870248
          ],
          [
            77.0112918,
            31.7864208
          ],
          [
            77.0103326,
            31.7865718
          ],
          [
            77.0095257,
            31.787109
          ]
        ]
      }
    },
    {
      "type": "Feature",
      "properties": {
        "osm_id": 1066669681,
        "waterway": "stream",
        "name": "Dulchi Nal",
        "source": "OpenStreetMap / Overpass API"
      },
      "geometry": {
        "type": "LineString",
        "coordinates": [
          [
            77.0765574,
            31.8225024
          ],
          [
            77.0754205,
            31.8223515
          ],
          [
            77.073502,
            31.822593
          ],
          [
            77.0706953,
            31.8224119
          ],
          [
            77.0688123,
            31.8219289
          ],
          [
            77.0678175,
            31.8215062
          ],
          [
            77.067178,
            31.8203591
          ],
          [
            77.0653305,
            31.8193628
          ],
          [
            77.0637673,
            31.8180345
          ],
          [
            77.0623106,
            31.8174911
          ],
          [
            77.0614046,
            31.8172043
          ],
          [
            77.0599302,
            31.8160269
          ],
          [
            77.0582959,
            31.8154835
          ],
          [
            77.0569103,
            31.8145325
          ],
          [
            77.0541035,
            31.8128116
          ],
          [
            77.0526113,
            31.8127965
          ],
          [
            77.0512435,
            31.8124191
          ],
          [
            77.0501777,
            31.8116341
          ],
          [
            77.0492362,
            31.8103812
          ],
          [
            77.0485611,
            31.8091433
          ],
          [
            77.047815,
            31.8082979
          ],
          [
            77.0467492,
            31.8074676
          ],
          [
            77.0450083,
            31.8066222
          ],
          [
            77.0438714,
            31.8064109
          ],
          [
            77.0427522,
            31.8064712
          ],
          [
            77.0418107,
            31.805656
          ],
          [
            77.0414199,
            31.805022
          ],
          [
            77.0407093,
            31.805022
          ],
          [
            77.0403185,
            31.805339
          ],
          [
            77.0395191,
            31.8051729
          ],
          [
            77.0388974,
            31.8047351
          ],
          [
            77.0376717,
            31.8044332
          ],
          [
            77.0368368,
            31.8036934
          ],
          [
            77.036215,
            31.8029537
          ],
          [
            77.0349893,
            31.80238
          ],
          [
            77.0346518,
            31.8017157
          ],
          [
            77.0345629,
            31.8011118
          ],
          [
            77.0347228,
            31.8005532
          ],
          [
            77.0351136,
            31.8001305
          ],
          [
            77.03554,
            31.7996775
          ],
          [
            77.0355044,
            31.7993756
          ],
          [
            77.0347939,
            31.7988773
          ],
          [
            77.0339945,
            31.7988471
          ],
          [
            77.0335326,
            31.798515
          ],
          [
            77.0330175,
            31.798213
          ],
          [
            77.0329819,
            31.7978507
          ],
          [
            77.0329464,
            31.7975034
          ],
          [
            77.0325822,
            31.7969599
          ],
          [
            77.0318761,
            31.7970392
          ],
          [
            77.0313654,
            31.7970429
          ],
          [
            77.0312855,
            31.7967598
          ],
          [
            77.0315386,
            31.7963258
          ],
          [
            77.0317873,
            31.7960238
          ],
          [
            77.0320182,
            31.7955859
          ],
          [
            77.0319948,
            31.7948764
          ]
        ]
      }
    },
    {
      "type": "Feature",
      "properties": {
        "osm_id": 1066669682,
        "waterway": "stream",
        "name": null,
        "source": "OpenStreetMap / Overpass API"
      },
      "geometry": {
        "type": "LineString",
        "coordinates": [
          [
            77.0727559,
            31.8018214
          ],
          [
            77.071619,
            31.7995266
          ],
          [
            77.0692741,
            31.7986207
          ],
          [
            77.0674622,
            31.7980168
          ],
          [
            77.0661476,
            31.7972921
          ],
          [
            77.0638028,
            31.7963862
          ],
          [
            77.0619198,
            31.7954199
          ],
          [
            77.0606407,
            31.7946046
          ],
          [
            77.0594506,
            31.7940912
          ],
          [
            77.0578784,
            31.7930947
          ],
          [
            77.0563152,
            31.7923322
          ],
          [
            77.0555069,
            31.7919623
          ],
          [
            77.0552639,
            31.7915013
          ]
        ]
      }
    },
    {
      "type": "Feature",
      "properties": {
        "osm_id": 1066669683,
        "waterway": "stream",
        "name": "Dukhi Nal",
        "source": "OpenStreetMap / Overpass API"
      },
      "geometry": {
        "type": "LineString",
        "coordinates": [
          [
            77.0406383,
            31.8241326
          ],
          [
            77.0398034,
            31.8228345
          ],
          [
            77.0391461,
            31.8218987
          ],
          [
            77.0384,
            31.8207213
          ],
          [
            77.0381424,
            31.819944
          ],
          [
            77.0371387,
            31.8184119
          ],
          [
            77.0361617,
            31.8177477
          ],
          [
            77.0354156,
            31.8169024
          ],
          [
            77.0345985,
            31.8165401
          ],
          [
            77.0330707,
            31.816208
          ],
          [
            77.032147,
            31.8165401
          ],
          [
            77.0314009,
            31.8164194
          ],
          [
            77.0309035,
            31.8158307
          ],
          [
            77.0303351,
            31.815257
          ],
          [
            77.0299442,
            31.8144721
          ],
          [
            77.0294291,
            31.8137324
          ],
          [
            77.028683,
            31.813355
          ],
          [
            77.0274928,
            31.8135513
          ],
          [
            77.0263381,
            31.8135664
          ],
          [
            77.0247749,
            31.8130229
          ],
          [
            77.0237801,
            31.8118153
          ],
          [
            77.0231939,
            31.8105925
          ],
          [
            77.0244906,
            31.8099132
          ],
          [
            77.0252723,
            31.8094301
          ],
          [
            77.0253433,
            31.8091131
          ],
          [
            77.0244018,
            31.8082828
          ],
          [
            77.0236913,
            31.8073166
          ],
          [
            77.0238334,
            31.8055352
          ],
          [
            77.0233715,
            31.804101
          ],
          [
            77.0227675,
            31.8026819
          ],
          [
            77.0218615,
            31.80161
          ],
          [
            77.0201384,
            31.8007495
          ],
          [
            77.0186995,
            31.800221
          ],
          [
            77.0180199,
            31.8000819
          ],
          [
            77.0177034,
            31.8001275
          ],
          [
            77.0172527,
            31.8001913
          ],
          [
            77.016888,
            31.8001252
          ],
          [
            77.0168075,
            31.8000044
          ],
          [
            77.0167512,
            31.7998311
          ],
          [
            77.0166868,
            31.7996807
          ],
          [
            77.0166385,
            31.7995257
          ],
          [
            77.0163408,
            31.7991541
          ],
          [
            77.0161825,
            31.7991153
          ],
          [
            77.0160216,
            31.7991153
          ],
          [
            77.0158982,
            31.7991245
          ],
          [
            77.0157561,
            31.7991267
          ],
          [
            77.015681,
            31.7991222
          ],
          [
            77.0154007,
            31.7992464
          ],
          [
            77.0152,
            31.7994209
          ],
          [
            77.0149085,
            31.7995348
          ],
          [
            77.0147583,
            31.7994732
          ],
          [
            77.0146805,
            31.7993798
          ],
          [
            77.0146778,
            31.7992453
          ],
          [
            77.0146885,
            31.7991108
          ],
          [
            77.0146939,
            31.7989945
          ],
          [
            77.0147355,
            31.7988851
          ],
          [
            77.0147677,
            31.7985614
          ],
          [
            77.0147583,
            31.7982924
          ],
          [
            77.0146322,
            31.7980416
          ],
          [
            77.0144954,
            31.7978342
          ],
          [
            77.014313,
            31.797784
          ],
          [
            77.0138329,
            31.7977521
          ],
          [
            77.0136183,
            31.7976587
          ],
          [
            77.0134708,
            31.7974854
          ],
          [
            77.0133716,
            31.7973304
          ],
          [
            77.013267,
            31.7972392
          ],
          [
            77.0132187,
            31.7970888
          ],
          [
            77.0132402,
            31.7967878
          ],
          [
            77.0133501,
            31.7963798
          ],
          [
            77.0134386,
            31.7961108
          ],
          [
            77.0133716,
            31.7957939
          ],
          [
            77.013275,
            31.7955956
          ],
          [
            77.013216,
            31.7951556
          ],
          [
            77.0130819,
            31.7948843
          ],
          [
            77.0128325,
            31.794132
          ]
        ]
      }
    },
    {
      "type": "Feature",
      "properties": {
        "osm_id": 1066669685,
        "waterway": "river",
        "name": "Uttarsal Khad",
        "source": "OpenStreetMap / Overpass API"
      },
      "geometry": {
        "type": "LineString",
        "coordinates": [
          [
            77.1137006,
            31.7569986
          ],
          [
            77.1129448,
            31.7588096
          ],
          [
            77.1118111,
            31.7605038
          ],
          [
            77.1092346,
            31.7618766
          ],
          [
            77.1083414,
            31.7630158
          ],
          [
            77.1065206,
            31.7646223
          ],
          [
            77.1049403,
            31.7652356
          ],
          [
            77.1020203,
            31.7673532
          ],
          [
            77.101797,
            31.7687989
          ],
          [
            77.1012988,
            31.7702301
          ],
          [
            77.0997185,
            31.7712815
          ],
          [
            77.0969359,
            31.7729754
          ],
          [
            77.094325,
            31.7744649
          ],
          [
            77.0919889,
            31.7759544
          ],
          [
            77.089962,
            31.7760712
          ],
          [
            77.088794,
            31.7768597
          ],
          [
            77.0880382,
            31.7777066
          ],
          [
            77.0864236,
            31.7778819
          ],
          [
            77.0855647,
            31.7784659
          ],
          [
            77.0841219,
            31.7784075
          ],
          [
            77.0825072,
            31.7792544
          ],
          [
            77.0818717,
            31.7794442
          ],
          [
            77.080635,
            31.7806854
          ],
          [
            77.0800166,
            31.7810942
          ],
          [
            77.0784707,
            31.7818973
          ],
          [
            77.0773885,
            31.7830946
          ],
          [
            77.0771481,
            31.7839999
          ],
          [
            77.0766499,
            31.7847153
          ],
          [
            77.075877,
            31.7850804
          ],
          [
            77.0746059,
            31.785387
          ],
          [
            77.073936,
            31.7858104
          ],
          [
            77.073163,
            31.7864966
          ],
          [
            77.0722355,
            31.7867303
          ],
          [
            77.0708441,
            31.7868325
          ],
          [
            77.069281,
            31.7873727
          ],
          [
            77.0680099,
            31.7873435
          ],
          [
            77.0665327,
            31.7871245
          ],
          [
            77.0648837,
            31.7888035
          ],
          [
            77.064815,
            31.7900884
          ],
          [
            77.0639218,
            31.790906
          ],
          [
            77.0623415,
            31.7911396
          ],
          [
            77.0602459,
            31.7908476
          ],
          [
            77.0590092,
            31.7910228
          ],
          [
            77.0574289,
            31.7918696
          ],
          [
            77.0554708,
            31.7916068
          ],
          [
            77.0552639,
            31.7915013
          ],
          [
            77.0547837,
            31.7912564
          ],
          [
            77.0524835,
            31.7912937
          ],
          [
            77.0516252,
            31.7928804
          ],
          [
            77.0509386,
            31.7943759
          ],
          [
            77.0499398,
            31.7952859
          ],
          [
            77.0483252,
            31.7956654
          ],
          [
            77.0464013,
            31.7950231
          ],
          [
            77.0453707,
            31.7953443
          ],
          [
            77.0445119,
            31.795899
          ],
          [
            77.0436702,
            31.7958698
          ],
          [
            77.0425881,
            31.7949793
          ],
          [
            77.0418495,
            31.7946581
          ],
          [
            77.0409047,
            31.7945121
          ],
          [
            77.0395649,
            31.7951398
          ],
          [
            77.0381564,
            31.7951836
          ],
          [
            77.0365246,
            31.7950668
          ],
          [
            77.0346523,
            31.7950231
          ],
          [
            77.0328316,
            31.7947603
          ],
          [
            77.0319948,
            31.7948764
          ],
          [
            77.0311482,
            31.7949939
          ],
          [
            77.0291213,
            31.7949355
          ],
          [
            77.0276957,
            31.7950814
          ],
          [
            77.0253596,
            31.7952566
          ],
          [
            77.0237278,
            31.7945997
          ],
          [
            77.0230064,
            31.7945997
          ],
          [
            77.0219758,
            31.7959574
          ],
          [
            77.0211513,
            31.7965414
          ],
          [
            77.0198115,
            31.7963078
          ],
          [
            77.0188495,
            31.796337
          ],
          [
            77.0179563,
            31.7970086
          ],
          [
            77.0167883,
            31.7974465
          ],
          [
            77.0156718,
            31.7971253
          ],
          [
            77.0154142,
            31.7960158
          ],
          [
            77.0153798,
            31.7950085
          ],
          [
            77.0143836,
            31.7943077
          ],
          [
            77.0128325,
            31.794132
          ],
          [
            77.0117727,
            31.7939865
          ],
          [
            77.0103298,
            31.7930959
          ],
          [
            77.0094881,
            31.7916359
          ],
          [
            77.0093679,
            31.7907308
          ],
          [
            77.0098832,
            31.7890371
          ],
          [
            77.0100893,
            31.7881027
          ],
          [
            77.0098488,
            31.7872851
          ],
          [
            77.0095257,
            31.787109
          ],
          [
            77.008509,
            31.7865551
          ],
          [
            77.0070318,
            31.785679
          ],
          [
            77.0064822,
            31.7838685
          ],
          [
            77.005108,
            31.7824084
          ],
          [
            77.002875,
            31.7821164
          ],
          [
            77.0013463,
            31.7831384
          ],
          [
            77.0001954,
            31.7834013
          ],
          [
            76.9994654,
            31.783299
          ],
          [
            76.9987397,
            31.7832917
          ],
          [
            76.9981643,
            31.7831384
          ],
          [
            76.9976146,
            31.7831275
          ],
          [
            76.9971036,
            31.7831822
          ],
          [
            76.9964337,
            31.7829705
          ],
          [
            76.995592,
            31.7826493
          ],
          [
            76.9944411,
            31.7822185
          ],
          [
            76.9933418,
            31.7817513
          ],
          [
            76.9928265,
            31.7811818
          ],
          [
            76.9926547,
            31.780554
          ],
          [
            76.9925001,
            31.7797509
          ],
          [
            76.9917444,
            31.7795465
          ],
          [
            76.9906107,
            31.7801305
          ],
          [
            76.9896831,
            31.7805686
          ],
          [
            76.988412,
            31.7805686
          ],
          [
            76.9876305,
            31.7800648
          ],
          [
            76.9873557,
            31.7792179
          ],
          [
            76.9876734,
            31.7783783
          ],
          [
            76.9883949,
            31.7778088
          ],
          [
            76.9892451,
            31.7773197
          ],
          [
            76.9895285,
            31.7768305
          ],
          [
            76.9892537,
            31.7761588
          ],
          [
            76.9878967,
            31.776042
          ],
          [
            76.9865054,
            31.7760858
          ],
          [
            76.9844613,
            31.7756039
          ],
          [
            76.9826887,
            31.7753712
          ]
        ]
      }
    },
    {
      "type": "Feature",
      "properties": {
        "osm_id": 1066669686,
        "waterway": "stream",
        "name": "Neri Nal",
        "source": "OpenStreetMap / Overpass API"
      },
      "geometry": {
        "type": "LineString",
        "coordinates": [
          [
            77.0597363,
            31.7513874
          ],
          [
            77.0587424,
            31.7535265
          ],
          [
            77.0576243,
            31.7551903
          ],
          [
            77.0564752,
            31.7570917
          ],
          [
            77.0550465,
            31.7584386
          ],
          [
            77.0540837,
            31.7605248
          ],
          [
            77.0530588,
            31.7617923
          ],
          [
            77.052655,
            31.7626637
          ],
          [
            77.0520649,
            31.7630862
          ],
          [
            77.0501083,
            31.7626109
          ],
          [
            77.0491144,
            31.7626373
          ],
          [
            77.048369,
            31.7631655
          ],
          [
            77.0481205,
            31.7649347
          ],
          [
            77.0473596,
            31.7654496
          ],
          [
            77.0454651,
            31.7654892
          ],
          [
            77.0440209,
            31.7660041
          ],
          [
            77.0420487,
            31.7659909
          ],
          [
            77.0408219,
            31.7664662
          ],
          [
            77.0385702,
            31.7668623
          ],
          [
            77.0367533,
            31.7670603
          ],
          [
            77.0350451,
            31.7661362
          ],
          [
            77.0340202,
            31.7657797
          ],
          [
            77.0329176,
            31.7646706
          ],
          [
            77.0312249,
            31.7642613
          ],
          [
            77.0294701,
            31.7627429
          ],
          [
            77.0272184,
            31.7625713
          ],
          [
            77.0258984,
            31.7610529
          ],
          [
            77.0231964,
            31.7602079
          ],
          [
            77.0207117,
            31.7597061
          ],
          [
            77.019283,
            31.7596533
          ],
          [
            77.0182892,
            31.7593892
          ],
          [
            77.0180407,
            31.7597061
          ],
          [
            77.0183513,
            31.7606832
          ],
          [
            77.0182271,
            31.7614094
          ],
          [
            77.0176214,
            31.7616207
          ],
          [
            77.0165033,
            31.7611453
          ],
          [
            77.0155095,
            31.7603003
          ],
          [
            77.0142361,
            31.760155
          ],
          [
            77.013118,
            31.7603135
          ],
          [
            77.012559,
            31.7616603
          ],
          [
            77.0118657,
            31.7620179
          ],
          [
            77.0109503,
            31.7618267
          ],
          [
            77.010613,
            31.7612669
          ],
          [
            77.010067,
            31.7605705
          ],
          [
            77.0087019,
            31.7604066
          ],
          [
            77.0069674,
            31.7602564
          ],
          [
            77.0058271,
            31.76027
          ],
          [
            77.0049599,
            31.7610484
          ],
          [
            77.0041408,
            31.7610347
          ],
          [
            77.0036108,
            31.7607343
          ],
          [
            77.0033378,
            31.7599014
          ],
          [
            77.0030327,
            31.7595873
          ],
          [
            77.0024385,
            31.7595736
          ],
          [
            77.0018764,
            31.7588772
          ],
          [
            77.0010573,
            31.759123
          ],
          [
            77.0008485,
            31.7586314
          ],
          [
            77.0008646,
            31.7574297
          ],
          [
            77.0005434,
            31.7563509
          ],
          [
            76.9998367,
            31.7559276
          ],
          [
            76.9993228,
            31.7551492
          ],
          [
            76.9987125,
            31.7547942
          ],
          [
            76.9976205,
            31.7552038
          ],
          [
            76.9968014,
            31.7563236
          ],
          [
            76.9954042,
            31.7570747
          ],
          [
            76.9945048,
            31.7578667
          ],
          [
            76.9929309,
            31.7599696
          ],
          [
            76.9906504,
            31.7608436
          ],
          [
            76.9894941,
            31.7608709
          ],
          [
            76.988402,
            31.7604339
          ],
          [
            76.9863463,
            31.7601608
          ],
          [
            76.9850936,
            31.759915
          ],
          [
            76.9827843,
            31.7593151
          ],
          [
            76.9805883,
            31.7589773
          ]
        ]
      }
    },
    {
      "type": "Feature",
      "properties": {
        "osm_id": 1066669687,
        "waterway": "stream",
        "name": null,
        "source": "OpenStreetMap / Overpass API"
      },
      "geometry": {
        "type": "LineString",
        "coordinates": [
          [
            77.015261,
            31.7487463
          ],
          [
            77.016845,
            31.746607
          ],
          [
            77.0170779,
            31.7452732
          ],
          [
            77.0169847,
            31.7445073
          ],
          [
            77.0165965,
            31.7440187
          ],
          [
            77.0168139,
            31.742566
          ],
          [
            77.0173885,
            31.7412454
          ],
          [
            77.0179941,
            31.7388682
          ],
          [
            77.0178388,
            31.7370456
          ],
          [
            77.0180562,
            31.7355928
          ],
          [
            77.0170934,
            31.7343249
          ],
          [
            77.015789,
            31.733057
          ],
          [
            77.0159132,
            31.7311023
          ],
          [
            77.0154473,
            31.7300985
          ],
          [
            77.0159132,
            31.7296758
          ],
          [
            77.0159753,
            31.7282493
          ],
          [
            77.0169071,
            31.7278267
          ],
          [
            77.0166586,
            31.7272983
          ],
          [
            77.015789,
            31.7260303
          ],
          [
            77.0155561,
            31.7255416
          ],
          [
            77.0156803,
            31.7248151
          ],
          [
            77.016053,
            31.7236741
          ]
        ]
      }
    },
    {
      "type": "Feature",
      "properties": {
        "osm_id": 1066669688,
        "waterway": "stream",
        "name": null,
        "source": "OpenStreetMap / Overpass API"
      },
      "geometry": {
        "type": "LineString",
        "coordinates": [
          [
            77.0440899,
            31.7429645
          ],
          [
            77.0427251,
            31.742026
          ],
          [
            77.0416797,
            31.741384
          ],
          [
            77.0395889,
            31.740569
          ],
          [
            77.037411,
            31.7402973
          ],
          [
            77.0368302,
            31.7397787
          ],
          [
            77.0362785,
            31.7384451
          ],
          [
            77.0359881,
            31.7374326
          ],
          [
            77.0352331,
            31.736914
          ],
          [
            77.0345362,
            31.735852
          ],
          [
            77.0323292,
            31.7349382
          ],
          [
            77.0315161,
            31.7332094
          ],
          [
            77.0300642,
            31.7316287
          ],
          [
            77.0285832,
            31.7305667
          ],
          [
            77.0259697,
            31.7299986
          ],
          [
            77.0235885,
            31.7287143
          ],
          [
            77.0229642,
            31.7280906
          ],
          [
            77.0225214,
            31.7273064
          ],
          [
            77.0216284,
            31.7264667
          ],
          [
            77.0203798,
            31.7253552
          ],
          [
            77.0199732,
            31.7244784
          ],
          [
            77.0203653,
            31.7234656
          ],
          [
            77.0210186,
            31.7227617
          ],
          [
            77.0220336,
            31.7217297
          ]
        ]
      }
    },
    {
      "type": "Feature",
      "properties": {
        "osm_id": 1066669689,
        "waterway": "stream",
        "name": null,
        "source": "OpenStreetMap / Overpass API"
      },
      "geometry": {
        "type": "LineString",
        "coordinates": [
          [
            77.05315,
            31.7345925
          ],
          [
            77.0505656,
            31.733728
          ],
          [
            77.0489684,
            31.732913
          ],
          [
            77.0466163,
            31.7317275
          ],
          [
            77.0440899,
            31.7304926
          ],
          [
            77.0416507,
            31.7290601
          ],
          [
            77.0382531,
            31.7273312
          ],
          [
            77.0370335,
            31.7262444
          ],
          [
            77.0363366,
            31.724713
          ],
          [
            77.034391,
            31.7228358
          ],
          [
            77.0335779,
            31.7227123
          ],
          [
            77.0322711,
            31.7225888
          ],
          [
            77.0315452,
            31.7220948
          ],
          [
            77.0316032,
            31.7207609
          ],
          [
            77.0295705,
            31.7201187
          ],
          [
            77.0275378,
            31.7192295
          ],
          [
            77.0265505,
            31.7183402
          ],
          [
            77.0246824,
            31.716548
          ]
        ]
      }
    },
    {
      "type": "Feature",
      "properties": {
        "osm_id": 1066669690,
        "waterway": "stream",
        "name": null,
        "source": "OpenStreetMap / Overpass API"
      },
      "geometry": {
        "type": "LineString",
        "coordinates": [
          [
            77.0411445,
            31.7159183
          ],
          [
            77.0395155,
            31.7146018
          ],
          [
            77.0382665,
            31.7137241
          ],
          [
            77.0378593,
            31.7128003
          ],
          [
            77.0375063,
            31.711068
          ],
          [
            77.0362303,
            31.7095897
          ],
          [
            77.03547,
            31.7083887
          ],
          [
            77.0344926,
            31.707765
          ],
          [
            77.0328832,
            31.7074164
          ]
        ]
      }
    },
    {
      "type": "Feature",
      "properties": {
        "osm_id": 1066669691,
        "waterway": "stream",
        "name": null,
        "source": "OpenStreetMap / Overpass API"
      },
      "geometry": {
        "type": "LineString",
        "coordinates": [
          [
            77.0510364,
            31.7167702
          ],
          [
            77.0504588,
            31.7141126
          ],
          [
            77.0500125,
            31.711455
          ],
          [
            77.0495925,
            31.7101149
          ],
          [
            77.047781,
            31.7081049
          ],
          [
            77.0469672,
            31.7068541
          ],
          [
            77.047361,
            31.7049333
          ],
          [
            77.0470984,
            31.7043526
          ],
          [
            77.0455495,
            31.7043526
          ],
          [
            77.0439481,
            31.7037272
          ],
          [
            77.0433705,
            31.7026104
          ],
          [
            77.0430817,
            31.7012256
          ],
          [
            77.0420841,
            31.7001088
          ],
          [
            77.0399051,
            31.6994834
          ],
          [
            77.0372573,
            31.6988514
          ]
        ]
      }
    },
    {
      "type": "Feature",
      "properties": {
        "osm_id": 1067174627,
        "waterway": "stream",
        "name": null,
        "source": "OpenStreetMap / Overpass API"
      },
      "geometry": {
        "type": "LineString",
        "coordinates": [
          [
            77.1062135,
            31.5887901
          ],
          [
            77.1054411,
            31.5891374
          ],
          [
            77.1043682,
            31.5896492
          ],
          [
            77.1034241,
            31.589832
          ],
          [
            77.1017504,
            31.5899782
          ],
          [
            77.1009779,
            31.5900148
          ],
          [
            77.0998621,
            31.5896309
          ],
          [
            77.0988107,
            31.589375
          ],
          [
            77.0973515,
            31.589174
          ],
          [
            77.0965791,
            31.5889912
          ],
          [
            77.0957851,
            31.5882966
          ],
          [
            77.0951414,
            31.5880407
          ],
          [
            77.0936394,
            31.5880224
          ],
          [
            77.0927381,
            31.5874924
          ],
          [
            77.0918316,
            31.5874741
          ],
          [
            77.0911878,
            31.5880041
          ],
          [
            77.0902651,
            31.588356
          ],
          [
            77.0892942,
            31.5882052
          ],
          [
            77.0882106,
            31.5875837
          ],
          [
            77.0870411,
            31.5875837
          ],
          [
            77.085936,
            31.5877848
          ],
          [
            77.084713,
            31.5874558
          ],
          [
            77.0839619,
            31.5876203
          ],
          [
            77.0832109,
            31.5879859
          ],
          [
            77.0815158,
            31.5878945
          ],
          [
            77.0804965,
            31.5878945
          ],
          [
            77.0788121,
            31.5878945
          ],
          [
            77.0779967,
            31.5885159
          ],
          [
            77.0770955,
            31.5888267
          ],
          [
            77.0768165,
            31.5891922
          ],
          [
            77.0768595,
            31.5899051
          ],
          [
            77.0759368,
            31.5903986
          ],
          [
            77.0749712,
            31.5913856
          ],
          [
            77.0730829,
            31.591806
          ],
          [
            77.0719671,
            31.5920619
          ],
          [
            77.0714092,
            31.5920436
          ],
          [
            77.0711517,
            31.591148
          ],
          [
            77.0710659,
            31.5905083
          ],
          [
            77.0705294,
            31.5902889
          ],
          [
            77.0691776,
            31.5903803
          ],
          [
            77.0680833,
            31.5906545
          ],
          [
            77.0675254,
            31.5912942
          ],
          [
            77.0673966,
            31.5921167
          ],
          [
            77.0670318,
            31.5922812
          ],
          [
            77.0663452,
            31.5923726
          ],
          [
            77.0660019,
            31.5926285
          ],
          [
            77.0657873,
            31.5932682
          ],
          [
            77.0650577,
            31.5937068
          ],
          [
            77.0649504,
            31.5941638
          ],
          [
            77.0656585,
            31.5948949
          ],
          [
            77.0656585,
            31.5957539
          ],
          [
            77.0657015,
            31.596686
          ],
          [
            77.06568,
            31.5971978
          ],
          [
            77.0647359,
            31.5974171
          ],
          [
            77.0645857,
            31.5978557
          ],
          [
            77.0650577,
            31.5981481
          ],
          [
            77.0658517,
            31.5984223
          ],
          [
            77.0665169,
            31.5992813
          ],
          [
            77.067182,
            31.5998113
          ],
          [
            77.0673537,
            31.6004327
          ],
          [
            77.0670748,
            31.6017485
          ],
          [
            77.0666885,
            31.6018033
          ],
          [
            77.0660019,
            31.6018399
          ],
          [
            77.0648861,
            31.6023882
          ]
        ]
      }
    },
    {
      "type": "Feature",
      "properties": {
        "osm_id": 1067174628,
        "waterway": "stream",
        "name": null,
        "source": "OpenStreetMap / Overpass API"
      },
      "geometry": {
        "type": "LineString",
        "coordinates": [
          [
            77.1047973,
            31.5957173
          ],
          [
            77.1040249,
            31.5965398
          ],
          [
            77.1033168,
            31.5970698
          ],
          [
            77.1024585,
            31.5975998
          ],
          [
            77.1010208,
            31.5990254
          ],
          [
            77.0994329,
            31.6000854
          ],
          [
            77.0992398,
            31.6011637
          ],
          [
            77.0990038,
            31.6018216
          ],
          [
            77.0975446,
            31.6025709
          ],
          [
            77.096858,
            31.6031375
          ],
          [
            77.0960855,
            31.6037588
          ],
          [
            77.0950126,
            31.604033
          ],
          [
            77.0943689,
            31.6032471
          ],
          [
            77.0938539,
            31.6024247
          ],
          [
            77.0925236,
            31.6019678
          ],
          [
            77.0916223,
            31.6013099
          ],
          [
            77.0908499,
            31.600524
          ],
          [
            77.0899272,
            31.6001585
          ],
          [
            77.0890045,
            31.5997564
          ],
          [
            77.0888328,
            31.5991168
          ],
          [
            77.0883393,
            31.5986599
          ],
          [
            77.0863867,
            31.5987147
          ],
          [
            77.08467,
            31.5991351
          ],
          [
            77.0827818,
            31.5998844
          ],
          [
            77.0810437,
            31.6007068
          ],
          [
            77.0788121,
            31.6016389
          ],
          [
            77.0771599,
            31.6019496
          ],
          [
            77.0756149,
            31.6025344
          ],
          [
            77.0750999,
            31.6034847
          ],
          [
            77.0747566,
            31.6042157
          ],
          [
            77.0730996,
            31.6047548
          ]
        ]
      }
    },
    {
      "type": "Feature",
      "properties": {
        "osm_id": 1080954739,
        "waterway": "stream",
        "name": null,
        "source": "OpenStreetMap / Overpass API"
      },
      "geometry": {
        "type": "LineString",
        "coordinates": [
          [
            77.0202112,
            31.6723392
          ],
          [
            77.0210695,
            31.6726679
          ],
          [
            77.0230436,
            31.6725583
          ],
          [
            77.0277214,
            31.6735079
          ],
          [
            77.0323562,
            31.6746767
          ],
          [
            77.0336866,
            31.6746036
          ],
          [
            77.0366048,
            31.6752976
          ],
          [
            77.0384502,
            31.6751149
          ],
          [
            77.0407247,
            31.674074
          ],
          [
            77.0428276,
            31.6737453
          ],
          [
            77.0432353,
            31.672887
          ],
          [
            77.0445657,
            31.6722296
          ],
          [
            77.0453381,
            31.6723392
          ],
          [
            77.0459175,
            31.6724853
          ],
          [
            77.0479345,
            31.6721566
          ],
          [
            77.0485568,
            31.6724122
          ],
          [
            77.0498283,
            31.673472
          ]
        ]
      }
    },
    {
      "type": "Feature",
      "properties": {
        "osm_id": 1080954740,
        "waterway": "stream",
        "name": "Jagar Nala",
        "source": "OpenStreetMap / Overpass API"
      },
      "geometry": {
        "type": "LineString",
        "coordinates": [
          [
            77.0141172,
            31.6807758
          ],
          [
            77.0155978,
            31.6814514
          ],
          [
            77.0175934,
            31.6816888
          ],
          [
            77.0193958,
            31.6827296
          ],
          [
            77.0204687,
            31.6834965
          ],
          [
            77.0214987,
            31.6840078
          ],
          [
            77.0216059,
            31.6843364
          ],
          [
            77.0211124,
            31.6851399
          ],
          [
            77.0216059,
            31.6860893
          ],
          [
            77.0213914,
            31.686911
          ],
          [
            77.0209837,
            31.6875135
          ],
          [
            77.0213699,
            31.6882987
          ],
          [
            77.0231723,
            31.6895403
          ],
          [
            77.0251894,
            31.6901976
          ],
          [
            77.0272064,
            31.6901976
          ],
          [
            77.0303178,
            31.6906723
          ],
          [
            77.0323992,
            31.6907453
          ],
          [
            77.0345155,
            31.690193
          ],
          [
            77.0383134,
            31.6898917
          ],
          [
            77.0404887,
            31.6908183
          ],
          [
            77.0414945,
            31.6911127
          ],
          [
            77.0429794,
            31.6912153
          ]
        ]
      }
    },
    {
      "type": "Feature",
      "properties": {
        "osm_id": 1080954741,
        "waterway": "stream",
        "name": null,
        "source": "OpenStreetMap / Overpass API"
      },
      "geometry": {
        "type": "LineString",
        "coordinates": [
          [
            77.0130443,
            31.6704765
          ],
          [
            77.0145893,
            31.6679928
          ],
          [
            77.0164346,
            31.6655821
          ],
          [
            77.0178508,
            31.663427
          ],
          [
            77.0196104,
            31.6617102
          ],
          [
            77.020812,
            31.6605778
          ],
          [
            77.0220995,
            31.6602856
          ],
          [
            77.0266914,
            31.6617467
          ],
          [
            77.0303392,
            31.6622581
          ],
          [
            77.0336437,
            31.6625138
          ],
          [
            77.0351028,
            31.6625138
          ],
          [
            77.0361757,
            31.6636461
          ],
          [
            77.0383644,
            31.663774
          ],
          [
            77.0395231,
            31.6641758
          ],
          [
            77.0399523,
            31.6639566
          ],
          [
            77.0401025,
            31.6629704
          ],
          [
            77.0405531,
            31.6626416
          ],
          [
            77.0425701,
            31.6627877
          ],
          [
            77.0442867,
            31.662879
          ],
          [
            77.0458317,
            31.6621302
          ],
          [
            77.0480041,
            31.6610693
          ]
        ]
      }
    },
    {
      "type": "Feature",
      "properties": {
        "osm_id": 1080954742,
        "waterway": "stream",
        "name": null,
        "source": "OpenStreetMap / Overpass API"
      },
      "geometry": {
        "type": "LineString",
        "coordinates": [
          [
            77.0047188,
            31.6356621
          ],
          [
            77.0060062,
            31.6364477
          ],
          [
            77.0063495,
            31.637489
          ],
          [
            77.0070362,
            31.6380005
          ],
          [
            77.0078516,
            31.6381467
          ],
          [
            77.0085168,
            31.6388409
          ],
          [
            77.0097184,
            31.639261
          ],
          [
            77.0112204,
            31.6403754
          ],
          [
            77.0137954,
            31.6409965
          ],
          [
            77.0150184,
            31.6418368
          ],
          [
            77.0165205,
            31.6424214
          ],
          [
            77.0187092,
            31.6435175
          ],
          [
            77.0203829,
            31.6435175
          ],
          [
            77.0219707,
            31.6435723
          ],
          [
            77.0231294,
            31.64328
          ],
          [
            77.0237732,
            31.6436088
          ],
          [
            77.0248031,
            31.6434261
          ],
          [
            77.0258546,
            31.6441203
          ],
          [
            77.0266914,
            31.644376
          ],
          [
            77.027936,
            31.6436271
          ],
          [
            77.0289659,
            31.6440655
          ],
          [
            77.0298242,
            31.6434809
          ],
          [
            77.0306396,
            31.643006
          ],
          [
            77.031455,
            31.643006
          ],
          [
            77.0318842,
            31.6433348
          ],
          [
            77.0320129,
            31.6440472
          ],
          [
            77.032485,
            31.6440107
          ],
          [
            77.0334935,
            31.6435905
          ],
          [
            77.035017,
            31.6433531
          ],
          [
            77.0358968,
            31.6434809
          ],
          [
            77.0370233,
            31.6440107
          ],
          [
            77.0375597,
            31.6443578
          ],
          [
            77.0390296,
            31.6444308
          ],
          [
            77.0391476,
            31.6445404
          ],
          [
            77.0388901,
            31.6454173
          ],
          [
            77.0389652,
            31.6461297
          ],
          [
            77.0393622,
            31.6464494
          ],
          [
            77.0401776,
            31.6467051
          ],
          [
            77.0408535,
            31.6473536
          ],
          [
            77.0419049,
            31.6474084
          ],
          [
            77.0425486,
            31.6482304
          ],
          [
            77.0434069,
            31.6488332
          ],
          [
            77.0439005,
            31.6509338
          ],
          [
            77.0447802,
            31.651975
          ],
          [
            77.0457673,
            31.6524681
          ],
          [
            77.0470118,
            31.6527969
          ],
          [
            77.0478353,
            31.6543952
          ],
          [
            77.0481062,
            31.655765
          ],
          [
            77.048144,
            31.65677
          ]
        ]
      }
    },
    {
      "type": "Feature",
      "properties": {
        "osm_id": 1080954743,
        "waterway": "stream",
        "name": null,
        "source": "OpenStreetMap / Overpass API"
      },
      "geometry": {
        "type": "LineString",
        "coordinates": [
          [
            77.0327854,
            31.6285552
          ],
          [
            77.0343303,
            31.6274224
          ],
          [
            77.0354461,
            31.625778
          ],
          [
            77.0367765,
            31.6251202
          ],
          [
            77.0370769,
            31.6250197
          ],
          [
            77.0381069,
            31.6251659
          ],
          [
            77.0393622,
            31.6255405
          ],
          [
            77.0405316,
            31.6248827
          ],
          [
            77.0411646,
            31.6243346
          ],
          [
            77.0414972,
            31.6233662
          ],
          [
            77.0419586,
            31.6231835
          ],
          [
            77.0427525,
            31.6229916
          ],
          [
            77.0433748,
            31.6231013
          ],
          [
            77.0442116,
            31.6225622
          ],
          [
            77.0450055,
            31.6222882
          ],
          [
            77.0452952,
            31.6226536
          ],
          [
            77.0460999,
            31.6221237
          ],
          [
            77.0469153,
            31.6220415
          ],
          [
            77.0479238,
            31.6213289
          ],
          [
            77.0495331,
            31.6205341
          ],
          [
            77.050488,
            31.6200225
          ],
          [
            77.0508528,
            31.619456
          ],
          [
            77.0515179,
            31.6185789
          ],
          [
            77.0521617,
            31.6175557
          ],
          [
            77.0526686,
            31.6169582
          ]
        ]
      }
    },
    {
      "type": "Feature",
      "properties": {
        "osm_id": 1080954744,
        "waterway": "stream",
        "name": "Kasani Khad",
        "source": "OpenStreetMap / Overpass API"
      },
      "geometry": {
        "type": "LineString",
        "coordinates": [
          [
            77.0039034,
            31.6089489
          ],
          [
            77.0044827,
            31.6089854
          ],
          [
            77.0051265,
            31.6092047
          ],
          [
            77.0062637,
            31.6090403
          ],
          [
            77.0067358,
            31.6094971
          ],
          [
            77.0076155,
            31.6098809
          ],
          [
            77.0085811,
            31.6105387
          ],
          [
            77.0097828,
            31.6116352
          ],
          [
            77.0104694,
            31.6116169
          ],
          [
            77.0111561,
            31.6113611
          ],
          [
            77.0119285,
            31.6113245
          ],
          [
            77.0125508,
            31.6104839
          ],
          [
            77.0134091,
            31.6106301
          ],
          [
            77.0143962,
            31.6104291
          ],
          [
            77.0154905,
            31.6108128
          ],
          [
            77.015984,
            31.6107397
          ],
          [
            77.0165419,
            31.6100636
          ],
          [
            77.017529,
            31.6104474
          ],
          [
            77.0182586,
            31.6103012
          ],
          [
            77.0185804,
            31.6106849
          ],
          [
            77.0190096,
            31.6113976
          ],
          [
            77.0199001,
            31.6115438
          ],
          [
            77.0202112,
            31.6115438
          ],
          [
            77.0206404,
            31.610758
          ],
          [
            77.0210051,
            31.6106575
          ],
          [
            77.0214236,
            31.6106484
          ],
          [
            77.0220351,
            31.6104108
          ],
          [
            77.0225072,
            31.610758
          ],
          [
            77.0233011,
            31.6108677
          ],
          [
            77.024095,
            31.6104748
          ],
          [
            77.02461,
            31.6102646
          ],
          [
            77.0247388,
            31.6086565
          ],
          [
            77.0251035,
            31.6083824
          ],
          [
            77.0265412,
            31.6086748
          ],
          [
            77.027421,
            31.609223
          ],
          [
            77.0285368,
            31.6104474
          ],
          [
            77.0295024,
            31.610758
          ],
          [
            77.0310902,
            31.6110139
          ],
          [
            77.0314336,
            31.6115255
          ],
          [
            77.032206,
            31.6131702
          ],
          [
            77.0326996,
            31.6138097
          ],
          [
            77.0337724,
            31.6139194
          ],
          [
            77.033987,
            31.6143579
          ],
          [
            77.0338583,
            31.6151071
          ],
          [
            77.0343947,
            31.6156005
          ],
          [
            77.0353818,
            31.6154178
          ],
          [
            77.0360684,
            31.6147599
          ],
          [
            77.0381069,
            31.6147599
          ],
          [
            77.0390725,
            31.6141204
          ],
          [
            77.0396304,
            31.6141935
          ],
          [
            77.0396304,
            31.6153812
          ],
          [
            77.0401239,
            31.6153629
          ],
          [
            77.0419693,
            31.6149609
          ],
          [
            77.0419049,
            31.6141569
          ],
          [
            77.0422482,
            31.6135722
          ],
          [
            77.0429992,
            31.6137001
          ],
          [
            77.0436859,
            31.6143031
          ],
          [
            77.0449304,
            31.6139011
          ],
          [
            77.0453381,
            31.6142483
          ],
          [
            77.0459175,
            31.615235
          ],
          [
            77.0466685,
            31.615235
          ],
          [
            77.0475483,
            31.6149427
          ],
          [
            77.0477199,
            31.6159294
          ],
          [
            77.0489645,
            31.6161487
          ],
          [
            77.049694,
            31.6165507
          ],
          [
            77.0514965,
            31.6160756
          ],
          [
            77.0523119,
            31.6165507
          ],
          [
            77.0526686,
            31.6169582
          ],
          [
            77.0531916,
            31.6175557
          ],
          [
            77.0547151,
            31.6173547
          ],
          [
            77.0562815,
            31.6171354
          ],
          [
            77.0574832,
            31.6169527
          ],
          [
            77.0582342,
            31.6167517
          ],
          [
            77.0584112,
            31.6172907
          ],
          [
            77.058878,
            31.6178458
          ],
          [
            77.05924,
            31.6177841
          ],
          [
            77.059814,
            31.6169824
          ],
          [
            77.0601439,
            31.6163771
          ],
          [
            77.060616,
            31.6156827
          ],
          [
            77.0612168,
            31.6153538
          ],
          [
            77.0626223,
            31.6152442
          ],
          [
            77.0635342,
            31.6154269
          ],
          [
            77.0641136,
            31.6150157
          ],
          [
            77.0645213,
            31.6147508
          ],
          [
            77.065326,
            31.6148147
          ],
          [
            77.0661843,
            31.6154634
          ],
          [
            77.0667744,
            31.615203
          ]
        ]
      }
    },
    {
      "type": "Feature",
      "properties": {
        "osm_id": 1080980067,
        "waterway": "stream",
        "name": null,
        "source": "OpenStreetMap / Overpass API"
      },
      "geometry": {
        "type": "LineString",
        "coordinates": [
          [
            77.0009208,
            31.6562856
          ],
          [
            77.0001268,
            31.6567057
          ],
          [
            76.9995045,
            31.6573815
          ],
          [
            76.9988823,
            31.6572902
          ],
          [
            76.9983029,
            31.6582765
          ],
          [
            76.9980883,
            31.6589523
          ],
          [
            76.9971657,
            31.6595915
          ],
          [
            76.9974446,
            31.6605595
          ],
          [
            76.9969511,
            31.6610527
          ],
          [
            76.9958567,
            31.6614179
          ],
          [
            76.9947624,
            31.6633174
          ],
          [
            76.9935608,
            31.664888
          ],
          [
            76.9927454,
            31.6655272
          ],
          [
            76.9920802,
            31.6668787
          ],
          [
            76.9914579,
            31.6676823
          ],
          [
            76.9916081,
            31.6685406
          ],
          [
            76.9911361,
            31.6690155
          ],
          [
            76.9909429,
            31.6696912
          ],
          [
            76.9915008,
            31.6707504
          ],
          [
            76.9913292,
            31.6715356
          ],
          [
            76.9901705,
            31.6723574
          ],
          [
            76.9902563,
            31.6733618
          ],
          [
            76.9895053,
            31.6743297
          ],
          [
            76.9896769,
            31.6767584
          ],
          [
            76.9897279,
            31.6775619
          ],
          [
            76.9900846,
            31.6779111
          ],
          [
            76.9903958,
            31.6781417
          ],
          [
            76.9904038,
            31.6783996
          ],
          [
            76.9899586,
            31.6789292
          ],
          [
            76.9891834,
            31.6799906
          ],
          [
            76.9883251,
            31.6807027
          ],
          [
            76.986351,
            31.6810314
          ],
          [
            76.9856214,
            31.6813784
          ],
          [
            76.9855571,
            31.6826748
          ],
          [
            76.9851708,
            31.6833687
          ],
          [
            76.9838404,
            31.6841356
          ],
          [
            76.9831109,
            31.684866
          ],
          [
            76.9824672,
            31.6853407
          ],
          [
            76.9826174,
            31.6857059
          ],
          [
            76.9838404,
            31.6859798
          ],
          [
            76.9853854,
            31.6870206
          ],
          [
            76.986587,
            31.6881343
          ],
          [
            76.9869089,
            31.6886091
          ],
          [
            76.9864154,
            31.6891386
          ],
          [
            76.9851494,
            31.6890108
          ],
          [
            76.9844842,
            31.6887004
          ],
          [
            76.9841409,
            31.6880065
          ],
          [
            76.9834757,
            31.6879335
          ],
          [
            76.9829392,
            31.6882622
          ],
          [
            76.9823384,
            31.6895768
          ],
          [
            76.983819,
            31.6908731
          ],
          [
            76.983304,
            31.6924068
          ],
          [
            76.9834542,
            31.6939222
          ],
          [
            76.9833469,
            31.6948533
          ],
          [
            76.9822955,
            31.6952185
          ],
          [
            76.9803643,
            31.695894
          ],
          [
            76.9799137,
            31.6966973
          ],
          [
            76.978755,
            31.6969894
          ],
          [
            76.9795918,
            31.6983769
          ],
          [
            76.9791412,
            31.6992898
          ],
          [
            76.977961,
            31.6997644
          ],
          [
            76.9768023,
            31.7000018
          ],
          [
            76.9755792,
            31.7019004
          ],
          [
            76.9744523,
            31.7031544
          ]
        ]
      }
    },
    {
      "type": "Feature",
      "properties": {
        "osm_id": 1124784393,
        "waterway": "stream",
        "name": null,
        "source": "OpenStreetMap / Overpass API"
      },
      "geometry": {
        "type": "LineString",
        "coordinates": [
          [
            76.8610275,
            31.7341989
          ],
          [
            76.8612313,
            31.7345
          ],
          [
            76.8614566,
            31.7348285
          ],
          [
            76.8618429,
            31.7352163
          ],
          [
            76.8619072,
            31.7355311
          ],
          [
            76.8619233,
            31.7358961
          ],
          [
            76.8622881,
            31.7367082
          ],
          [
            76.86261,
            31.736991
          ],
          [
            76.8628728,
            31.7372283
          ],
          [
            76.8630713,
            31.7377347
          ],
          [
            76.8632805,
            31.7384236
          ],
          [
            76.8636775,
            31.7386243
          ],
          [
            76.8640798,
            31.7388615
          ],
          [
            76.8643749,
            31.7392083
          ],
          [
            76.8645841,
            31.7394774
          ],
          [
            76.8646699,
            31.739847
          ],
          [
            76.8644768,
            31.7405587
          ],
          [
            76.8643749,
            31.740805
          ],
          [
            76.8641978,
            31.7408643
          ],
          [
            76.8639082,
            31.7407412
          ],
          [
            76.8636936,
            31.7405541
          ],
          [
            76.8634683,
            31.7403579
          ],
          [
            76.8631411,
            31.7402713
          ],
          [
            76.8629157,
            31.7402713
          ],
          [
            76.8626529,
            31.7404218
          ],
          [
            76.8623632,
            31.7407457
          ],
          [
            76.862213,
            31.74117
          ],
          [
            76.8622774,
            31.7414163
          ],
          [
            76.8623739,
            31.7415806
          ],
          [
            76.862551,
            31.7418041
          ],
          [
            76.8630928,
            31.7422968
          ],
          [
            76.8633825,
            31.7424382
          ],
          [
            76.8637848,
            31.7425021
          ],
          [
            76.8641978,
            31.7424884
          ],
          [
            76.8645841,
            31.7424747
          ],
          [
            76.8649542,
            31.7425249
          ],
          [
            76.8653136,
            31.7426527
          ],
          [
            76.8657321,
            31.742785
          ],
          [
            76.8665957,
            31.7429218
          ],
          [
            76.8670088,
            31.7429218
          ],
          [
            76.8674809,
            31.742899
          ],
          [
            76.8677705,
            31.7429674
          ],
          [
            76.8679744,
            31.7432731
          ],
          [
            76.8679583,
            31.7435103
          ],
          [
            76.8678403,
            31.7437703
          ],
          [
            76.8674487,
            31.7439163
          ],
          [
            76.8671161,
            31.744003
          ],
          [
            76.8668479,
            31.7440714
          ],
          [
            76.8664777,
            31.7442904
          ],
          [
            76.8662524,
            31.7444774
          ],
          [
            76.8658876,
            31.7446873
          ],
          [
            76.8655819,
            31.7448606
          ],
          [
            76.8648523,
            31.7452575
          ],
          [
            76.8648684,
            31.7454765
          ],
          [
            76.8649596,
            31.7457821
          ],
          [
            76.8651098,
            31.745919
          ],
          [
            76.8653351,
            31.7463067
          ],
          [
            76.8655765,
            31.7468952
          ],
          [
            76.8657803,
            31.747616
          ],
          [
            76.8658662,
            31.7478943
          ],
          [
            76.8658876,
            31.7481953
          ],
          [
            76.8655872,
            31.7486697
          ],
          [
            76.8652707,
            31.7489982
          ],
          [
            76.8650293,
            31.7492035
          ],
          [
            76.8648577,
            31.7493358
          ],
          [
            76.8645251,
            31.749541
          ],
          [
            76.8644232,
            31.7497509
          ],
          [
            76.8644446,
            31.7499288
          ],
          [
            76.8645948,
            31.7501295
          ],
          [
            76.8648308,
            31.7502481
          ],
          [
            76.865834,
            31.7503302
          ],
          [
            76.8662417,
            31.7503576
          ],
          [
            76.8665904,
            31.7504762
          ],
          [
            76.8666333,
            31.7507727
          ],
          [
            76.8664616,
            31.7510965
          ],
          [
            76.8662953,
            31.751352
          ],
          [
            76.8659949,
            31.7517717
          ],
          [
            76.8658072,
            31.7519632
          ],
          [
            76.8652064,
            31.752351
          ],
          [
            76.864863,
            31.7528436
          ],
          [
            76.8647182,
            31.753172
          ],
          [
            76.8646806,
            31.7534092
          ],
          [
            76.8649435,
            31.7535233
          ],
          [
            76.8655014,
            31.7536464
          ],
          [
            76.8660378,
            31.7537787
          ],
          [
            76.8665636,
            31.7538699
          ],
          [
            76.8670249,
            31.7539292
          ],
          [
            76.8676418,
            31.7538973
          ],
          [
            76.8679422,
            31.753838
          ],
          [
            76.8683606,
            31.7537149
          ],
          [
            76.868704,
            31.7536601
          ],
          [
            76.8689346,
            31.7538107
          ],
          [
            76.8690473,
            31.7540478
          ],
          [
            76.8686986,
            31.754618
          ],
          [
            76.8683875,
            31.7548871
          ],
          [
            76.8681729,
            31.7551243
          ],
          [
            76.8681139,
            31.7555075
          ],
          [
            76.8683124,
            31.7558587
          ],
          [
            76.8685001,
            31.7560138
          ],
          [
            76.8688166,
            31.7561552
          ],
          [
            76.8692028,
            31.7562784
          ],
          [
            76.8697715,
            31.7565703
          ],
          [
            76.8699861,
            31.7569078
          ],
          [
            76.8698519,
            31.7572955
          ],
          [
            76.8693638,
            31.7577289
          ],
          [
            76.869176,
            31.7578611
          ],
          [
            76.8687683,
            31.758039
          ],
          [
            76.8680602,
            31.758299
          ],
          [
            76.8674165,
            31.7585955
          ],
          [
            76.8670356,
            31.7587871
          ],
          [
            76.8667728,
            31.7588829
          ],
          [
            76.8664133,
            31.7589193
          ],
          [
            76.8661129,
            31.7591064
          ],
          [
            76.8658179,
            31.7594439
          ],
          [
            76.8657964,
            31.7597084
          ],
          [
            76.8659735,
            31.7602877
          ],
          [
            76.8661827,
            31.7606435
          ],
          [
            76.8661666,
            31.7608852
          ],
          [
            76.8658394,
            31.7616013
          ],
          [
            76.8655711,
            31.7621349
          ],
          [
            76.8653136,
            31.7622626
          ],
          [
            76.8650132,
            31.7624132
          ],
          [
            76.8647611,
            31.7626275
          ],
          [
            76.8646431,
            31.7628829
          ],
          [
            76.8644339,
            31.7634713
          ],
          [
            76.8644178,
            31.7640323
          ],
          [
            76.864332,
            31.7643379
          ],
          [
            76.8641603,
            31.7644793
          ],
          [
            76.8639994,
            31.7644519
          ],
          [
            76.8636185,
            31.7643972
          ],
          [
            76.8631196,
            31.7646572
          ],
          [
            76.8631464,
            31.7648624
          ],
          [
            76.8632483,
            31.765054
          ],
          [
            76.8634468,
            31.7653094
          ],
          [
            76.8637365,
            31.7659068
          ],
          [
            76.8637848,
            31.7662854
          ],
          [
            76.8636882,
            31.7665271
          ],
          [
            76.863538,
            31.7666822
          ],
          [
            76.8631679,
            31.7668053
          ],
          [
            76.8626368,
            31.7669923
          ],
          [
            76.8623525,
            31.7673116
          ],
          [
            76.8623203,
            31.7677084
          ],
          [
            76.8624759,
            31.7679592
          ],
          [
            76.8628085,
            31.7684609
          ],
          [
            76.8630499,
            31.7689763
          ],
          [
            76.8631679,
            31.7695099
          ],
          [
            76.8631679,
            31.7699431
          ],
          [
            76.8631625,
            31.7703353
          ],
          [
            76.8634415,
            31.7707823
          ],
          [
            76.863935,
            31.7709054
          ],
          [
            76.8645197,
            31.7710559
          ],
          [
            76.8649435,
            31.771211
          ],
          [
            76.8655926,
            31.7717719
          ],
          [
            76.8660942,
            31.7723625
          ],
          [
            76.8661156,
            31.7728072
          ],
          [
            76.8659922,
            31.7729394
          ],
          [
            76.8657213,
            31.7730443
          ],
          [
            76.8651849,
            31.7732131
          ],
          [
            76.864863,
            31.7734456
          ],
          [
            76.8644983,
            31.7739062
          ],
          [
            76.864171,
            31.7745949
          ],
          [
            76.863994,
            31.7748685
          ],
          [
            76.8638116,
            31.7750236
          ],
          [
            76.8634683,
            31.7750965
          ],
          [
            76.8631571,
            31.7751102
          ],
          [
            76.8626904,
            31.7751102
          ],
          [
            76.8622506,
            31.7752972
          ],
          [
            76.8620467,
            31.7754659
          ],
          [
            76.8618911,
            31.7758216
          ],
          [
            76.861918,
            31.7761089
          ],
          [
            76.8620199,
            31.7762822
          ],
          [
            76.8622237,
            31.7764418
          ],
          [
            76.8626153,
            31.7765422
          ],
          [
            76.8629587,
            31.7765513
          ],
          [
            76.8634576,
            31.7767063
          ],
          [
            76.8635166,
            31.7768979
          ],
          [
            76.8633342,
            31.7773311
          ],
          [
            76.8630016,
            31.7777005
          ],
          [
            76.862787,
            31.7779057
          ],
          [
            76.8625188,
            31.778006
          ],
          [
            76.8621969,
            31.7780151
          ],
          [
            76.8619072,
            31.7779194
          ],
          [
            76.8614942,
            31.7777917
          ],
          [
            76.8610758,
            31.7776549
          ],
          [
            76.8607271,
            31.7775454
          ],
          [
            76.8604374,
            31.7772901
          ],
          [
            76.8599653,
            31.7770438
          ],
          [
            76.8596542,
            31.776907
          ],
          [
            76.8591767,
            31.77672
          ],
          [
            76.8586403,
            31.7766835
          ],
          [
            76.8580663,
            31.776793
          ],
          [
            76.8577123,
            31.7770803
          ],
          [
            76.8574548,
            31.7774542
          ],
          [
            76.8574065,
            31.777737
          ],
          [
            76.857267,
            31.7781337
          ],
          [
            76.8573958,
            31.7783708
          ],
          [
            76.8575191,
            31.7785168
          ],
          [
            76.8578893,
            31.7786125
          ],
          [
            76.8581843,
            31.7786125
          ],
          [
            76.8585759,
            31.7785624
          ],
          [
            76.8592411,
            31.7783024
          ],
          [
            76.8596488,
            31.7783708
          ],
          [
            76.8598795,
            31.7785806
          ],
          [
            76.8600136,
            31.7790777
          ],
          [
            76.8600645,
            31.7794812
          ],
          [
            76.8599981,
            31.7797622
          ],
          [
            76.859842,
            31.7804229
          ],
          [
            76.8597454,
            31.7808698
          ],
          [
            76.8597454,
            31.781189
          ],
          [
            76.8596542,
            31.781563
          ],
          [
            76.8594021,
            31.7819779
          ],
          [
            76.8591714,
            31.7821558
          ],
          [
            76.8587798,
            31.782402
          ],
          [
            76.8584847,
            31.7827531
          ],
          [
            76.8583882,
            31.7830131
          ],
          [
            76.8583614,
            31.783387
          ],
          [
            76.8583721,
            31.7836697
          ],
          [
            76.8586081,
            31.7840983
          ],
          [
            76.8589514,
            31.7844312
          ],
          [
            76.859166,
            31.7846227
          ],
          [
            76.8591124,
            31.7849556
          ],
          [
            76.8587905,
            31.7853614
          ],
          [
            76.8586135,
            31.7856213
          ],
          [
            76.8582863,
            31.7858585
          ],
          [
            76.8578464,
            31.7860454
          ],
          [
            76.8574977,
            31.7861777
          ],
          [
            76.8572134,
            31.7862369
          ],
          [
            76.8560332,
            31.7859132
          ],
          [
            76.8557596,
            31.7857581
          ],
          [
            76.8553895,
            31.7857308
          ],
          [
            76.8551427,
            31.7858813
          ],
          [
            76.8548745,
            31.7862232
          ],
          [
            76.8546438,
            31.78662
          ],
          [
            76.85444,
            31.7869346
          ],
          [
            76.8544346,
            31.7872401
          ],
          [
            76.8545955,
            31.7873769
          ],
          [
            76.8547994,
            31.7874407
          ],
          [
            76.855604,
            31.7875319
          ],
          [
            76.8561029,
            31.7875638
          ],
          [
            76.8569881,
            31.7875866
          ],
          [
            76.857605,
            31.7876778
          ],
          [
            76.8578196,
            31.7880289
          ],
          [
            76.8578035,
            31.7885852
          ],
          [
            76.8577176,
            31.7887403
          ],
          [
            76.8573046,
            31.7889774
          ],
          [
            76.8567735,
            31.789219
          ],
          [
            76.85628,
            31.7895245
          ],
          [
            76.8560439,
            31.7898847
          ],
          [
            76.85606,
            31.7906234
          ],
          [
            76.8560654,
            31.7911478
          ],
          [
            76.8560815,
            31.7913712
          ],
          [
            76.8560117,
            31.791736
          ],
          [
            76.8558723,
            31.7919594
          ],
          [
            76.8554217,
            31.7920779
          ],
          [
            76.8551642,
            31.7921372
          ],
          [
            76.8549281,
            31.7921691
          ],
          [
            76.8544507,
            31.7921737
          ],
          [
            76.8539035,
            31.792201
          ],
          [
            76.8532437,
            31.7921965
          ],
          [
            76.852262,
            31.7922102
          ],
          [
            76.8517578,
            31.7923378
          ],
          [
            76.8512267,
            31.7925339
          ],
          [
            76.8508565,
            31.7928257
          ],
          [
            76.8507224,
            31.7934367
          ],
          [
            76.8507278,
            31.7936373
          ],
          [
            76.8509048,
            31.7938926
          ],
          [
            76.8511784,
            31.7941844
          ],
          [
            76.8515217,
            31.7945902
          ],
          [
            76.8519026,
            31.7949367
          ],
          [
            76.851967,
            31.795265
          ],
          [
            76.8518704,
            31.7955067
          ],
          [
            76.8516666,
            31.7956708
          ],
          [
            76.8511355,
            31.7959398
          ],
          [
            76.8507546,
            31.7961632
          ],
          [
            76.8499017,
            31.7968836
          ],
          [
            76.8495798,
            31.7972757
          ],
          [
            76.8492204,
            31.7978593
          ],
          [
            76.8490058,
            31.7983882
          ],
          [
            76.8489575,
            31.799072
          ],
          [
            76.8490487,
            31.7993912
          ],
          [
            76.8492901,
            31.7997012
          ],
          [
            76.8497568,
            31.7999292
          ],
          [
            76.8509155,
            31.8002893
          ],
          [
            76.8521172,
            31.8006951
          ],
          [
            76.8524337,
            31.8009595
          ],
          [
            76.8525517,
            31.8013699
          ],
          [
            76.852439,
            31.8017072
          ],
          [
            76.8523103,
            31.801844
          ],
          [
            76.8520635,
            31.8019534
          ],
          [
            76.8517148,
            31.8021039
          ],
          [
            76.8512267,
            31.802464
          ],
          [
            76.8508619,
            31.802806
          ],
          [
            76.8506956,
            31.8031616
          ],
          [
            76.8504488,
            31.8035856
          ],
          [
            76.8502021,
            31.803932
          ],
          [
            76.8499231,
            31.8041873
          ],
          [
            76.849333,
            31.8047253
          ],
          [
            76.8490165,
            31.8053499
          ],
          [
            76.8489414,
            31.8057556
          ],
          [
            76.8489629,
            31.8061158
          ],
          [
            76.8491882,
            31.8064212
          ],
          [
            76.8493438,
            31.8067586
          ],
          [
            76.8492794,
            31.8073877
          ],
          [
            76.8491131,
            31.8077433
          ],
          [
            76.8489039,
            31.8081399
          ],
          [
            76.8486732,
            31.8082995
          ],
          [
            76.8483084,
            31.8084727
          ],
          [
            76.8477291,
            31.8087052
          ],
          [
            76.8474394,
            31.8089741
          ],
          [
            76.8472946,
            31.8093844
          ],
          [
            76.8471283,
            31.810091
          ],
          [
            76.8472141,
            31.8105834
          ],
          [
            76.8475252,
            31.8109663
          ],
          [
            76.8479115,
            31.8114404
          ],
          [
            76.8483567,
            31.8118871
          ],
          [
            76.8487912,
            31.812074
          ],
          [
            76.8494618,
            31.8123749
          ],
          [
            76.8500787,
            31.8126666
          ],
          [
            76.8504542,
            31.8129402
          ],
          [
            76.8504757,
            31.8133368
          ],
          [
            76.850363,
            31.8136604
          ],
          [
            76.8501484,
            31.8139886
          ],
          [
            76.8498856,
            31.8141618
          ],
          [
            76.8495798,
            31.814253
          ],
          [
            76.8490648,
            31.8142895
          ],
          [
            76.8484855,
            31.8142895
          ],
          [
            76.8478846,
            31.8142621
          ],
          [
            76.8466401,
            31.8141664
          ],
          [
            76.84605,
            31.8142348
          ],
          [
            76.8456906,
            31.8142712
          ],
          [
            76.845358,
            31.8145584
          ],
          [
            76.8452561,
            31.8149687
          ],
          [
            76.8453312,
            31.815265
          ],
          [
            76.8455619,
            31.8154747
          ],
          [
            76.8460178,
            31.8156525
          ],
          [
            76.8463933,
            31.8158667
          ],
          [
            76.8466508,
            31.8162177
          ],
          [
            76.8469351,
            31.8167373
          ],
          [
            76.8471658,
            31.817494
          ],
          [
            76.84708,
            31.8178268
          ],
          [
            76.8467849,
            31.8183556
          ],
          [
            76.8464202,
            31.8190119
          ],
          [
            76.8462485,
            31.8192626
          ],
          [
            76.8459266,
            31.8195954
          ],
          [
            76.8455243,
            31.8199145
          ],
          [
            76.844902,
            31.8202928
          ],
          [
            76.8446177,
            31.8210677
          ],
          [
            76.8443066,
            31.8213457
          ],
          [
            76.8440491,
            31.8214734
          ],
          [
            76.8436199,
            31.8216283
          ],
          [
            76.8432659,
            31.8217605
          ],
          [
            76.8428045,
            31.8219428
          ],
          [
            76.8423593,
            31.8221388
          ],
          [
            76.8421876,
            31.8227314
          ],
          [
            76.8420482,
            31.8231872
          ],
          [
            76.8417907,
            31.8235154
          ],
          [
            76.8415117,
            31.8235701
          ],
          [
            76.8412918,
            31.8235564
          ],
          [
            76.8403476,
            31.8232829
          ],
          [
            76.8399292,
            31.8232556
          ],
          [
            76.8396878,
            31.8233923
          ],
          [
            76.8395215,
            31.8236202
          ],
          [
            76.8393713,
            31.8238116
          ],
          [
            76.8394993,
            31.8245852
          ]
        ]
      }
    },
    {
      "type": "Feature",
      "properties": {
        "osm_id": 1197738727,
        "waterway": "stream",
        "name": null,
        "source": "OpenStreetMap / Overpass API"
      },
      "geometry": {
        "type": "LineString",
        "coordinates": [
          [
            76.9282991,
            31.7055175
          ],
          [
            76.9283862,
            31.7063038
          ],
          [
            76.9288387,
            31.7066943
          ],
          [
            76.9290123,
            31.7070035
          ],
          [
            76.9290469,
            31.7072387
          ],
          [
            76.9289562,
            31.7074739
          ],
          [
            76.9288524,
            31.7076668
          ]
        ]
      }
    },
    {
      "type": "Feature",
      "properties": {
        "osm_id": 1197738728,
        "waterway": "stream",
        "name": null,
        "source": "OpenStreetMap / Overpass API"
      },
      "geometry": {
        "type": "LineString",
        "coordinates": [
          [
            76.9288524,
            31.7076668
          ],
          [
            76.9288034,
            31.7078396
          ]
        ]
      }
    },
    {
      "type": "Feature",
      "properties": {
        "osm_id": 1529163764,
        "waterway": "river",
        "name": null,
        "source": "OpenStreetMap / Overpass API"
      },
      "geometry": {
        "type": "LineString",
        "coordinates": [
          [
            76.82132,
            31.6408869
          ],
          [
            76.8219852,
            31.641983
          ],
          [
            76.8237662,
            31.6437367
          ],
          [
            76.8247533,
            31.6444491
          ],
          [
            76.8275213,
            31.64502
          ],
          [
            76.8280148,
            31.6451615
          ],
          [
            76.828841,
            31.6453716
          ],
          [
            76.8304181,
            31.6451433
          ],
          [
            76.8319738,
            31.6451341
          ],
          [
            76.8323707,
            31.6454173
          ],
          [
            76.8328428,
            31.6457826
          ],
          [
            76.8334758,
            31.6458191
          ],
          [
            76.8341732,
            31.6469882
          ],
          [
            76.8348277,
            31.6474997
          ],
          [
            76.8354714,
            31.6484039
          ],
          [
            76.8361902,
            31.6487966
          ],
          [
            76.8371987,
            31.6486779
          ],
          [
            76.8377244,
            31.649162
          ],
          [
            76.8376815,
            31.6497465
          ],
          [
            76.8381214,
            31.6506507
          ],
          [
            76.8380356,
            31.6510708
          ],
          [
            76.8380248,
            31.6513265
          ],
          [
            76.8389475,
            31.6523768
          ],
          [
            76.8398809,
            31.6526599
          ],
          [
            76.8410075,
            31.6533357
          ],
          [
            76.8415761,
            31.6538289
          ],
          [
            76.8415975,
            31.6548061
          ],
          [
            76.8420696,
            31.6553632
          ],
          [
            76.8429279,
            31.6560025
          ],
          [
            76.8430889,
            31.6568792
          ],
          [
            76.8436468,
            31.6572628
          ],
          [
            76.844548,
            31.657071
          ],
          [
            76.8455779,
            31.6564134
          ],
          [
            76.8461251,
            31.6555367
          ],
          [
            76.8465114,
            31.6554454
          ],
          [
            76.8466616,
            31.6557194
          ],
          [
            76.846962,
            31.6561029
          ],
          [
            76.8480456,
            31.656934
          ],
          [
            76.8477023,
            31.657345
          ],
          [
            76.8477666,
            31.6575367
          ],
          [
            76.8483031,
            31.6576281
          ],
          [
            76.8486893,
            31.6577924
          ],
          [
            76.8482065,
            31.6588792
          ],
          [
            76.8483245,
            31.6593267
          ],
          [
            76.8482923,
            31.6604134
          ],
          [
            76.8487,
            31.6608426
          ],
          [
            76.8491506,
            31.6609065
          ],
          [
            76.8500948,
            31.6594819
          ],
          [
            76.85238,
            31.658386
          ],
          [
            76.8529165,
            31.6577468
          ],
          [
            76.8533564,
            31.6577924
          ],
          [
            76.8536997,
            31.6581851
          ],
          [
            76.8543649,
            31.659208
          ],
          [
            76.8550944,
            31.6595002
          ],
          [
            76.8556416,
            31.6582765
          ],
          [
            76.8563282,
            31.6582217
          ],
          [
            76.8564784,
            31.6584408
          ],
          [
            76.8559098,
            31.6589614
          ],
          [
            76.8560386,
            31.6591623
          ],
          [
            76.8566394,
            31.6591806
          ],
          [
            76.8576157,
            31.6590984
          ],
          [
            76.8574655,
            31.6582947
          ],
          [
            76.8576908,
            31.6580755
          ],
          [
            76.8589353,
            31.6586235
          ],
          [
            76.8600082,
            31.6588061
          ],
          [
            76.8614566,
            31.658587
          ],
          [
            76.8626261,
            31.6571897
          ],
          [
            76.8635809,
            31.6571623
          ],
          [
            76.8649435,
            31.6576372
          ],
          [
            76.8661773,
            31.6586783
          ],
          [
            76.8666065,
            31.6586874
          ],
          [
            76.8669283,
            31.657829
          ],
          [
            76.867454,
            31.6571258
          ],
          [
            76.8677544,
            31.6565687
          ],
          [
            76.8675184,
            31.6561121
          ],
          [
            76.8662417,
            31.6559386
          ],
          [
            76.8661344,
            31.6556189
          ],
          [
            76.8664884,
            31.6547696
          ],
          [
            76.8677652,
            31.6537102
          ],
          [
            76.8676901,
            31.6528334
          ],
          [
            76.8679476,
            31.6523951
          ],
          [
            76.86872,
            31.6522672
          ],
          [
            76.8693638,
            31.6519384
          ],
          [
            76.8701148,
            31.6523951
          ],
          [
            76.8704796,
            31.6535093
          ],
          [
            76.8704581,
            31.6544591
          ],
          [
            76.8710589,
            31.6545321
          ],
          [
            76.8718099,
            31.6539476
          ],
          [
            76.8732261,
            31.6540024
          ],
          [
            76.8757152,
            31.6543495
          ],
          [
            76.8760371,
            31.6540572
          ],
          [
            76.8752003,
            31.6527056
          ],
          [
            76.8756079,
            31.6515914
          ],
          [
            76.8761444,
            31.6505685
          ],
          [
            76.8785906,
            31.6504771
          ],
          [
            76.8790841,
            31.6505319
          ],
          [
            76.8791055,
            31.6534545
          ],
          [
            76.8795776,
            31.6539842
          ],
          [
            76.8811869,
            31.6540024
          ],
          [
            76.8815088,
            31.6535641
          ],
          [
            76.8811655,
            31.6511713
          ],
          [
            76.8807578,
            31.6481025
          ],
          [
            76.8808865,
            31.6469152
          ],
          [
            76.8826246,
            31.6460384
          ],
          [
            76.88344,
            31.6465316
          ],
          [
            76.8830967,
            31.6474266
          ],
          [
            76.8825602,
            31.6498013
          ],
          [
            76.8830752,
            31.6504041
          ],
          [
            76.8847275,
            31.6512809
          ],
          [
            76.8871522,
            31.6501301
          ],
          [
            76.8888473,
            31.649436
          ],
          [
            76.888665,
            31.6470522
          ],
          [
            76.8889654,
            31.6463398
          ],
          [
            76.8899095,
            31.6465316
          ],
          [
            76.8904459,
            31.6458831
          ],
          [
            76.8901348,
            31.6424945
          ],
          [
            76.8896627,
            31.6395351
          ],
          [
            76.8877744,
            31.6368313
          ],
          [
            76.8877315,
            31.6356621
          ],
          [
            76.8900489,
            31.6316063
          ],
          [
            76.8899631,
            31.6301812
          ],
          [
            76.8892335,
            31.6297793
          ],
          [
            76.8881177,
            31.6291216
          ],
          [
            76.8884182,
            31.6272945
          ],
          [
            76.8903064,
            31.626856
          ],
          [
            76.8904781,
            31.6256136
          ],
          [
            76.8933963,
            31.6235672
          ],
          [
            76.8936538,
            31.619255
          ],
          [
            76.8951559,
            31.6181587
          ],
          [
            76.8970871,
            31.6164411
          ],
          [
            76.896615,
            31.6145407
          ],
          [
            76.8965292,
            31.6092047
          ],
          [
            76.8979883,
            31.607889
          ],
          [
            76.9015932,
            31.6034299
          ],
          [
            76.9030523,
            31.5997747
          ],
          [
            76.9037385,
            31.5956874
          ]
        ]
      }
    }
  ]
}
